"URL","Path","Source where discovered","Current HTTP status","Current title","Page type","Indexability","Sitemap presence","Internal-link count","WordPress content available","Astro equivalent","Content preserved","Design preserved","SEO preserved","Final action","Redirect destination","Reason","Evidence reviewed","Final status"
"https://rkrenosolution.com/","/","generated-route; YES — page-sitemap; internal links/navigation/footer/pagination; current crawl snapshot; WordPress XML/AIOSEO/Elementor/redirect and 404 inventories","200","Home - RK Reno Solution","homepage","index,follow","YES — page-sitemap","62","YES — inspected rendered/content snapshot","https://rkrenosolution.com/","YES — genuine content represented","YES — close parity with documented safe differences","YES — continuity register reviewed","RETAIN_WITH_SAFE_DIFFERENCES","","Route has clear RK Reno business or search intent and should retain its approved content.","live metadata/render snapshot; full WordPress content snapshot and link/image analysis; XML sitemap inventory; WordPress XML export; AIOSEO records; Elementor export; previous route/redirect/404 inventories","REVIEWED — FINAL ACTION ASSIGNED"
"https://rkrenosolution.com/6-ways-to-get-the-most-out-of-your-project-search-software","/6-ways-to-get-the-most-out-of-your-project-search-software","production-404; internal links/navigation/footer/pagination; current crawl snapshot; WordPress XML/AIOSEO/Elementor/redirect and 404 inventories","404","Page not found – RK Reno Solution","page","remain 404","NO","1","YES — inspected rendered/content snapshot","","NOT APPLICABLE — no live genuine page","NOT APPLICABLE","YES — remains non-indexable 404","EXISTING_404","","Unrelated legacy software article has no intent-matched RK Reno replacement.","live metadata/render snapshot; full WordPress content snapshot and link/image analysis; WordPress XML export; AIOSEO records; Elementor export; previous route/redirect/404 inventories","REVIEWED — FINAL ACTION ASSIGNED"
"https://rkrenosolution.com/about-us/","/about-us/","generated-route; YES — page-sitemap; internal links/navigation/footer/pagination; current crawl snapshot; WordPress XML/AIOSEO/Elementor/redirect and 404 inventories","200","About us - RK Reno Solution","page","index,follow","YES — page-sitemap","51","YES — inspected rendered/content snapshot","https://rkrenosolution.com/about-us/","YES — genuine content represented","YES — close parity with documented safe differences","YES — continuity register reviewed","RETAIN_WITH_SAFE_DIFFERENCES","","Route has clear RK Reno business or search intent and should retain its approved content.","live metadata/render snapshot; full WordPress content snapshot and link/image analysis; XML sitemap inventory; WordPress XML export; AIOSEO records; Elementor export; previous route/redirect/404 inventories","REVIEWED — FINAL ACTION ASSIGNED"
"https://rkrenosolution.com/about/","/about/","existing-redirect-map; internal links/navigation/footer/pagination; WordPress XML/AIOSEO/Elementor/redirect and 404 inventories","301 → https://rkrenosolution.com/about-us/","Legacy About alias","redirect-alias","301 redirect","NO","7","ALIAS — destination content inspected","https://rkrenosolution.com/about-us/","YES — intent consolidated at destination","DESTINATION DESIGN REVIEWED","YES — mapped by one-hop 301","MERGE_AND_301","/about-us/","Legacy alias has a direct equivalent canonical About page.","WordPress XML export; AIOSEO records; Elementor export; previous route/redirect/404 inventories","REVIEWED — FINAL ACTION ASSIGNED"
"https://rkrenosolution.com/aircond-installation-kl-the-ultimate-2026-guide-rk-reno-solution/","/aircond-installation-kl-the-ultimate-2026-guide-rk-reno-solution/","generated-route; YES — post-sitemap; internal links/navigation/footer/pagination; current crawl snapshot; WordPress XML/AIOSEO/Elementor/redirect and 404 inventories","200","Aircond Installation KL The Ultimate 2026 Guide – RK Reno Solution - RK Reno Solution","post","index,follow","YES — post-sitemap","15","YES — inspected rendered/content snapshot","https://rkrenosolution.com/aircond-installation-kl-the-ultimate-2026-guide-rk-reno-solution/","YES — genuine content represented","YES — close parity with documented safe differences","YES — continuity register reviewed","RETAIN_WITH_SAFE_DIFFERENCES","","Route has clear RK Reno business or search intent and should retain its approved content.","live metadata/render snapshot; full WordPress content snapshot and link/image analysis; XML sitemap inventory; WordPress XML export; AIOSEO records; Elementor export; previous route/redirect/404 inventories","REVIEWED — FINAL ACTION ASSIGNED"
"https://rkrenosolution.com/aircond-installation-kl/","/aircond-installation-kl/","generated-route; YES — page-sitemap; internal links/navigation/footer/pagination; current crawl snapshot; WordPress XML/AIOSEO/Elementor/redirect and 404 inventories","200","Aircond Installation KL | Upah Pasang Aircond RM220","page","index,follow","YES — page-sitemap","5","YES — inspected rendered/content snapshot","https://rkrenosolution.com/aircond-installation-kl/","YES — genuine content represented","YES — close parity with documented safe differences","YES — continuity register reviewed","RETAIN_WITH_SAFE_DIFFERENCES","","Genuine priority content is retained; owner approval and shared-system review remain.","live metadata/render snapshot; full WordPress content snapshot and link/image analysis; XML sitemap inventory; WordPress XML export; AIOSEO records; Elementor export; previous route/redirect/404 inventories","REVIEWED — FINAL ACTION ASSIGNED"
"https://rkrenosolution.com/blog-full-width/","/blog-full-width/","generated-route; YES — page-sitemap; internal links/navigation/footer/pagination; current crawl snapshot; WordPress XML/AIOSEO/Elementor/redirect and 404 inventories","200","Blog Full Width - RK Reno Solution","page","gone (410)","YES — page-sitemap","4","YES — inspected rendered/content snapshot","","NOT APPLICABLE — excluded demo/plugin/ecommerce content","NOT APPLICABLE","YES — explicit 410 decision","REMOVE_AND_410","","Imported theme demonstration route; do not redesign or redirect it to the homepage.","live metadata/render snapshot; full WordPress content snapshot and link/image analysis; XML sitemap inventory; WordPress XML export; AIOSEO records; Elementor export; previous route/redirect/404 inventories","REVIEWED — FINAL ACTION ASSIGNED"
"https://rkrenosolution.com/blog-grid/","/blog-grid/","generated-route; YES — page-sitemap; internal links/navigation/footer/pagination; current crawl snapshot; WordPress XML/AIOSEO/Elementor/redirect and 404 inventories","200","Blog Grid - RK Reno Solution","page","gone (410)","YES — page-sitemap","4","YES — inspected rendered/content snapshot","","NOT APPLICABLE — excluded demo/plugin/ecommerce content","NOT APPLICABLE","YES — explicit 410 decision","REMOVE_AND_410","","Imported theme demonstration route; do not redesign or redirect it to the homepage.","live metadata/render snapshot; full WordPress content snapshot and link/image analysis; XML sitemap inventory; WordPress XML export; AIOSEO records; Elementor export; previous route/redirect/404 inventories","REVIEWED — FINAL ACTION ASSIGNED"
"https://rkrenosolution.com/blog/","/blog/","generated-route; YES — post-sitemap; internal links/navigation/footer/pagination; current crawl snapshot; WordPress XML/AIOSEO/Elementor/redirect and 404 inventories","200","Blog - RK Reno Solution","post","index,follow","YES — post-sitemap","18","YES — inspected rendered/content snapshot","https://rkrenosolution.com/blog/","YES — genuine content represented","YES — close parity with documented safe differences","YES — continuity register reviewed","RETAIN_WITH_SAFE_DIFFERENCES","","Route has clear RK Reno business or search intent and should retain its approved content.","live metadata/render snapshot; full WordPress content snapshot and link/image analysis; XML sitemap inventory; WordPress XML export; AIOSEO records; Elementor export; previous route/redirect/404 inventories","REVIEWED — FINAL ACTION ASSIGNED"
"https://rkrenosolution.com/blog/page/2/","/blog/page/2/","generated-route; internal links/navigation/footer/pagination; current crawl snapshot; WordPress XML/AIOSEO/Elementor/redirect and 404 inventories","200","Blog - RK Reno Solution - Page 2","page","301 redirect","NO","4","YES — inspected rendered/content snapshot","https://rkrenosolution.com/blog/","YES — intent consolidated at destination","DESTINATION DESIGN REVIEWED","YES — mapped by one-hop 301","MERGE_AND_301","/blog/","Pagination should consolidate into the redesigned blog/archive experience.","live metadata/render snapshot; full WordPress content snapshot and link/image analysis; WordPress XML export; AIOSEO records; Elementor export; previous route/redirect/404 inventories","REVIEWED — FINAL ACTION ASSIGNED"
"https://rkrenosolution.com/blog/page/3/","/blog/page/3/","generated-route; internal links/navigation/footer/pagination; current crawl snapshot; WordPress XML/AIOSEO/Elementor/redirect and 404 inventories","200","Blog - RK Reno Solution - Page 3","page","301 redirect","NO","4","YES — inspected rendered/content snapshot","https://rkrenosolution.com/blog/","YES — intent consolidated at destination","DESTINATION DESIGN REVIEWED","YES — mapped by one-hop 301","MERGE_AND_301","/blog/","Pagination should consolidate into the redesigned blog/archive experience.","live metadata/render snapshot; full WordPress content snapshot and link/image analysis; WordPress XML export; AIOSEO records; Elementor export; previous route/redirect/404 inventories","REVIEWED — FINAL ACTION ASSIGNED"
"https://rkrenosolution.com/blog/page/4/","/blog/page/4/","generated-route; internal links/navigation/footer/pagination; current crawl snapshot; WordPress XML/AIOSEO/Elementor/redirect and 404 inventories","200","Blog - RK Reno Solution - Page 4","page","301 redirect","NO","4","YES — inspected rendered/content snapshot","https://rkrenosolution.com/blog/","YES — intent consolidated at destination","DESTINATION DESIGN REVIEWED","YES — mapped by one-hop 301","MERGE_AND_301","/blog/","Pagination should consolidate into the redesigned blog/archive experience.","live metadata/render snapshot; full WordPress content snapshot and link/image analysis; WordPress XML export; AIOSEO records; Elementor export; previous route/redirect/404 inventories","REVIEWED — FINAL ACTION ASSIGNED"
"https://rkrenosolution.com/career/","/career/","generated-route; YES — page-sitemap; internal links/navigation/footer/pagination; current crawl snapshot; WordPress XML/AIOSEO/Elementor/redirect and 404 inventories","200","Career - RK Reno Solution","page","gone (410)","YES — page-sitemap","11","YES — inspected rendered/content snapshot","","NOT APPLICABLE — excluded demo/plugin/ecommerce content","NOT APPLICABLE","YES — explicit 410 decision","REMOVE_AND_410","","Imported or obsolete utility content has no verified business purpose.","live metadata/render snapshot; full WordPress content snapshot and link/image analysis; XML sitemap inventory; WordPress XML export; AIOSEO records; Elementor export; previous route/redirect/404 inventories","REVIEWED — FINAL ACTION ASSIGNED"
"https://rkrenosolution.com/cart/","/cart/","WordPress-export; WordPress XML/AIOSEO/Elementor/redirect and 404 inventories","200","Cart","page","gone (410)","NO","0","NO — status/record evidence only","","NOT APPLICABLE — excluded demo/plugin/ecommerce content","NOT APPLICABLE","YES — explicit 410 decision","REMOVE_AND_410","","Published WooCommerce utility exists in the export but has no supported RK Reno sales function.","WordPress XML export; AIOSEO records; Elementor export; previous route/redirect/404 inventories","REVIEWED — FINAL ACTION ASSIGNED"
"https://rkrenosolution.com/category/commercial/","/category/commercial/","generated-route; internal links/navigation/footer/pagination; current crawl snapshot; WordPress XML/AIOSEO/Elementor/redirect and 404 inventories","200","Commercial - RK Reno Solution","taxonomy","noindex,follow","NO","16","YES — inspected rendered/content snapshot","https://rkrenosolution.com/category/commercial/","YES — genuine content represented","YES — close parity with documented safe differences","YES — continuity register reviewed","RETAIN_WITH_SAFE_DIFFERENCES","","Three retained commercial articles form a useful visitor grouping without exactly duplicating another archive.","live metadata/render snapshot; full WordPress content snapshot and link/image analysis; WordPress XML export; AIOSEO records; Elementor export; previous route/redirect/404 inventories","REVIEWED — FINAL ACTION ASSIGNED"
"https://rkrenosolution.com/category/hvac-guides/","/category/hvac-guides/","generated-route; internal links/navigation/footer/pagination; current crawl snapshot; WordPress XML/AIOSEO/Elementor/redirect and 404 inventories","200","HVAC Guides - RK Reno Solution","taxonomy","noindex,follow","NO","17","YES — inspected rendered/content snapshot","https://rkrenosolution.com/category/hvac-guides/","YES — genuine content represented","YES — close parity with documented safe differences","YES — continuity register reviewed","RETAIN_WITH_SAFE_DIFFERENCES","","Three complementary aircond guides provide clear browsing value and do not duplicate the main blog.","live metadata/render snapshot; full WordPress content snapshot and link/image analysis; WordPress XML export; AIOSEO records; Elementor export; previous route/redirect/404 inventories","REVIEWED — FINAL ACTION ASSIGNED"
"https://rkrenosolution.com/category/interior-design/","/category/interior-design/","generated-route; internal links/navigation/footer/pagination; current crawl snapshot; WordPress XML/AIOSEO/Elementor/redirect and 404 inventories","200","Interior Design - RK Reno Solution","taxonomy","301 redirect (future VPS)","NO","5","YES — inspected rendered/content snapshot","https://rkrenosolution.com/tag/interior-finishing/","YES — intent consolidated at destination","DESTINATION DESIGN REVIEWED","YES — mapped by one-hop 301","MERGE_AND_301","/tag/interior-finishing/","The clearer interior-finishing archive covers the retained ceiling and finishing material without implying a broader design library.","live metadata/render snapshot; full WordPress content snapshot and link/image analysis; WordPress XML export; AIOSEO records; Elementor export; previous route/redirect/404 inventories","REVIEWED — FINAL ACTION ASSIGNED"
"https://rkrenosolution.com/category/maintenance/","/category/maintenance/","generated-route; internal links/navigation/footer/pagination; current crawl snapshot; WordPress XML/AIOSEO/Elementor/redirect and 404 inventories","200","Maintenance - RK Reno Solution","taxonomy","noindex,follow","NO","44","YES — inspected rendered/content snapshot","https://rkrenosolution.com/category/maintenance/","YES — genuine content represented","YES — close parity with documented safe differences","YES — continuity register reviewed","RETAIN_WITH_SAFE_DIFFERENCES","","Five retained guides support a useful cross-service maintenance collection.","live metadata/render snapshot; full WordPress content snapshot and link/image analysis; WordPress XML export; AIOSEO records; Elementor export; previous route/redirect/404 inventories","REVIEWED — FINAL ACTION ASSIGNED"
"https://rkrenosolution.com/category/renovation/","/category/renovation/","generated-route; internal links/navigation/footer/pagination; current crawl snapshot; WordPress XML/AIOSEO/Elementor/redirect and 404 inventories","200","Renovation - RK Reno Solution","taxonomy","noindex,follow","NO","19","YES — inspected rendered/content snapshot","https://rkrenosolution.com/category/renovation/","YES — genuine content represented","YES — close parity with documented safe differences","YES — continuity register reviewed","RETAIN_WITH_SAFE_DIFFERENCES","","Three renovation-planning articles provide a coherent visitor path to related services.","live metadata/render snapshot; full WordPress content snapshot and link/image analysis; WordPress XML export; AIOSEO records; Elementor export; previous route/redirect/404 inventories","REVIEWED — FINAL ACTION ASSIGNED"
"https://rkrenosolution.com/category/servis-pembersihan/","/category/servis-pembersihan/","generated-route; internal links/navigation/footer/pagination; current crawl snapshot; WordPress XML/AIOSEO/Elementor/redirect and 404 inventories","200","Servis Pembersihan - RK Reno Solution","taxonomy","noindex,follow","NO","15","YES — inspected rendered/content snapshot","https://rkrenosolution.com/category/servis-pembersihan/","YES — genuine content represented","YES — close parity with documented safe differences","YES — continuity register reviewed","RETAIN_WITH_SAFE_DIFFERENCES","","Two complementary cleaning articles create a useful focused archive.","live metadata/render snapshot; full WordPress content snapshot and link/image analysis; WordPress XML export; AIOSEO records; Elementor export; previous route/redirect/404 inventories","REVIEWED — FINAL ACTION ASSIGNED"
"https://rkrenosolution.com/category/technical-guides/","/category/technical-guides/","generated-route; internal links/navigation/footer/pagination; current crawl snapshot; WordPress XML/AIOSEO/Elementor/redirect and 404 inventories","200","Technical Guides - RK Reno Solution","taxonomy","noindex,follow","NO","4","YES — inspected rendered/content snapshot","https://rkrenosolution.com/category/technical-guides/","YES — genuine content represented","YES — close parity with documented safe differences","YES — continuity register reviewed","RETAIN_WITH_SAFE_DIFFERENCES","","Six retained articles genuinely address technical planning, safety or inspection across trades.","live metadata/render snapshot; full WordPress content snapshot and link/image analysis; WordPress XML export; AIOSEO records; Elementor export; previous route/redirect/404 inventories","REVIEWED — FINAL ACTION ASSIGNED"
"https://rkrenosolution.com/checkout/","/checkout/","WordPress-export; WordPress XML/AIOSEO/Elementor/redirect and 404 inventories","302 → https://rkrenosolution.com/cart/","Checkout","page","gone (410)","NO","0","NO — status/record evidence only","","NOT APPLICABLE — excluded demo/plugin/ecommerce content","NOT APPLICABLE","YES — explicit 410 decision","REMOVE_AND_410","","Published WooCommerce utility exists in the export but has no supported RK Reno sales function.","WordPress XML export; AIOSEO records; Elementor export; previous route/redirect/404 inventories","REVIEWED — FINAL ACTION ASSIGNED"
"https://rkrenosolution.com/commercial-retail-shop-renovation-in-kuala-lumpur/","/commercial-retail-shop-renovation-in-kuala-lumpur/","generated-route; YES — post-sitemap; internal links/navigation/footer/pagination; current crawl snapshot; WordPress XML/AIOSEO/Elementor/redirect and 404 inventories","200","Commercial Retail Shop Renovation in Kuala Lumpur - RK Reno Solution","post","index,follow","YES — post-sitemap","74","YES — inspected rendered/content snapshot","https://rkrenosolution.com/commercial-retail-shop-renovation-in-kuala-lumpur/","YES — genuine content represented","YES — close parity with documented safe differences","YES — continuity register reviewed","RETAIN_WITH_SAFE_DIFFERENCES","","Route has clear RK Reno business or search intent and should retain its approved content.","live metadata/render snapshot; full WordPress content snapshot and link/image analysis; XML sitemap inventory; WordPress XML export; AIOSEO records; Elementor export; previous route/redirect/404 inventories","REVIEWED — FINAL ACTION ASSIGNED"
"https://rkrenosolution.com/company-history/","/company-history/","generated-route; YES — page-sitemap; current crawl snapshot; WordPress XML/AIOSEO/Elementor/redirect and 404 inventories","200","Company History - RK Reno Solution","page","noindex,follow","YES — page-sitemap","0","YES — inspected rendered/content snapshot","","PENDING OWNER EVIDENCE","PENDING OWNER EVIDENCE","PENDING OWNER DECISION","OWNER_DECISION_REQUIRED","","Identity, history, testimonials, or project claims require owner-supplied authentic content.","live metadata/render snapshot; full WordPress content snapshot and link/image analysis; XML sitemap inventory; WordPress XML export; AIOSEO records; Elementor export; previous route/redirect/404 inventories","REVIEWED — OWNER DECISION PENDING"
"https://rkrenosolution.com/contact-us/","/contact-us/","generated-route; YES — page-sitemap; internal links/navigation/footer/pagination; current crawl snapshot; WordPress XML/AIOSEO/Elementor/redirect and 404 inventories","200","Contact Us - RK Reno Solution","page","index,follow","YES — page-sitemap","61","YES — inspected rendered/content snapshot","https://rkrenosolution.com/contact-us/","YES — genuine content represented","YES — close parity with documented safe differences","YES — continuity register reviewed","RETAIN_WITH_SAFE_DIFFERENCES","","Route has clear RK Reno business or search intent and should retain its approved content.","live metadata/render snapshot; full WordPress content snapshot and link/image analysis; XML sitemap inventory; WordPress XML export; AIOSEO records; Elementor export; previous route/redirect/404 inventories","REVIEWED — FINAL ACTION ASSIGNED"
"https://rkrenosolution.com/electrical-services-selangor-the-complete-safety-pricing-guide-2026-edition/","/electrical-services-selangor-the-complete-safety-pricing-guide-2026-edition/","generated-route; YES — post-sitemap; internal links/navigation/footer/pagination; current crawl snapshot; WordPress XML/AIOSEO/Elementor/redirect and 404 inventories","200","Electrical Services Selangor: The Complete Safety & Pricing Guide (2026 Edition) - RK Reno Solution","post","index,follow","YES — post-sitemap","18","YES — inspected rendered/content snapshot","https://rkrenosolution.com/electrical-services-selangor-the-complete-safety-pricing-guide-2026-edition/","YES — genuine content represented","YES — close parity with documented safe differences","YES — continuity register reviewed","RETAIN_WITH_SAFE_DIFFERENCES","","Route has clear RK Reno business or search intent and should retain its approved content.","live metadata/render snapshot; full WordPress content snapshot and link/image analysis; XML sitemap inventory; WordPress XML export; AIOSEO records; Elementor export; previous route/redirect/404 inventories","REVIEWED — FINAL ACTION ASSIGNED"
"https://rkrenosolution.com/electrical-services-selangor/","/electrical-services-selangor/","generated-route; YES — page-sitemap; internal links/navigation/footer/pagination; current crawl snapshot; WordPress XML/AIOSEO/Elementor/redirect and 404 inventories","200","Electrical Services Selangor - RK Reno Solution","page","index,follow","YES — page-sitemap","9","YES — inspected rendered/content snapshot","https://rkrenosolution.com/electrical-services-selangor/","YES — genuine content represented","YES — close parity with documented safe differences","YES — continuity register reviewed","RETAIN_WITH_SAFE_DIFFERENCES","","Genuine priority content is retained; owner approval and shared-system review remain.","live metadata/render snapshot; full WordPress content snapshot and link/image analysis; XML sitemap inventory; WordPress XML export; AIOSEO records; Elementor export; previous route/redirect/404 inventories","REVIEWED — FINAL ACTION ASSIGNED"
"https://rkrenosolution.com/faq/","/faq/","generated-route; YES — page-sitemap; internal links/navigation/footer/pagination; current crawl snapshot; WordPress XML/AIOSEO/Elementor/redirect and 404 inventories","200","FAQ - RK Reno Solution","page","index,follow","YES — page-sitemap","3","YES — inspected rendered/content snapshot","https://rkrenosolution.com/faq/","YES — genuine content represented","YES — close parity with documented safe differences","YES — continuity register reviewed","RETAIN_WITH_SAFE_DIFFERENCES","","Route has clear RK Reno business or search intent and should retain its approved content.","live metadata/render snapshot; full WordPress content snapshot and link/image analysis; XML sitemap inventory; WordPress XML export; AIOSEO records; Elementor export; previous route/redirect/404 inventories","REVIEWED — FINAL ACTION ASSIGNED"
"https://rkrenosolution.com/feedback-error/","/feedback-error/","generated-route; YES — page-sitemap; current crawl snapshot; WordPress XML/AIOSEO/Elementor/redirect and 404 inventories","200","Feedback Error - RK Reno Solution","page","gone (410)","YES — page-sitemap","0","YES — inspected rendered/content snapshot","","NOT APPLICABLE — excluded demo/plugin/ecommerce content","NOT APPLICABLE","YES — explicit 410 decision","REMOVE_AND_410","","Imported or obsolete utility content has no verified business purpose.","live metadata/render snapshot; full WordPress content snapshot and link/image analysis; XML sitemap inventory; WordPress XML export; AIOSEO records; Elementor export; previous route/redirect/404 inventories","REVIEWED — FINAL ACTION ASSIGNED"
"https://rkrenosolution.com/home-1-one-page/","/home-1-one-page/","generated-route; YES — page-sitemap; internal links/navigation/footer/pagination; current crawl snapshot; WordPress XML/AIOSEO/Elementor/redirect and 404 inventories","200","Home 1 One Page - RK Reno Solution","page","gone (410)","YES — page-sitemap","17","YES — inspected rendered/content snapshot","","NOT APPLICABLE — excluded demo/plugin/ecommerce content","NOT APPLICABLE","YES — explicit 410 decision","REMOVE_AND_410","","Imported theme demonstration route; do not redesign or redirect it to the homepage.","live metadata/render snapshot; full WordPress content snapshot and link/image analysis; XML sitemap inventory; WordPress XML export; AIOSEO records; Elementor export; previous route/redirect/404 inventories","REVIEWED — FINAL ACTION ASSIGNED"
"https://rkrenosolution.com/home-1/","/home-1/","generated-route; YES — page-sitemap; internal links/navigation/footer/pagination; current crawl snapshot; WordPress XML/AIOSEO/Elementor/redirect and 404 inventories","200","Home 1 - RK Reno Solution","page","gone (410)","YES — page-sitemap","16","YES — inspected rendered/content snapshot","","NOT APPLICABLE — excluded demo/plugin/ecommerce content","NOT APPLICABLE","YES — explicit 410 decision","REMOVE_AND_410","","Imported theme demonstration route; do not redesign or redirect it to the homepage.","live metadata/render snapshot; full WordPress content snapshot and link/image analysis; XML sitemap inventory; WordPress XML export; AIOSEO records; Elementor export; previous route/redirect/404 inventories","REVIEWED — FINAL ACTION ASSIGNED"
"https://rkrenosolution.com/home-10-one-page/","/home-10-one-page/","generated-route; YES — page-sitemap; internal links/navigation/footer/pagination; current crawl snapshot; WordPress XML/AIOSEO/Elementor/redirect and 404 inventories","200","Home 10 One Page - RK Reno Solution","page","gone (410)","YES — page-sitemap","1","YES — inspected rendered/content snapshot","","NOT APPLICABLE — excluded demo/plugin/ecommerce content","NOT APPLICABLE","YES — explicit 410 decision","REMOVE_AND_410","","Imported theme demonstration route; do not redesign or redirect it to the homepage.","live metadata/render snapshot; full WordPress content snapshot and link/image analysis; XML sitemap inventory; WordPress XML export; AIOSEO records; Elementor export; previous route/redirect/404 inventories","REVIEWED — FINAL ACTION ASSIGNED"
"https://rkrenosolution.com/home-10/","/home-10/","generated-route; YES — page-sitemap; internal links/navigation/footer/pagination; current crawl snapshot; WordPress XML/AIOSEO/Elementor/redirect and 404 inventories","200","Home 10 - RK Reno Solution","page","gone (410)","YES — page-sitemap","3","YES — inspected rendered/content snapshot","","NOT APPLICABLE — excluded demo/plugin/ecommerce content","NOT APPLICABLE","YES — explicit 410 decision","REMOVE_AND_410","","Imported theme demonstration route; do not redesign or redirect it to the homepage.","live metadata/render snapshot; full WordPress content snapshot and link/image analysis; XML sitemap inventory; WordPress XML export; AIOSEO records; Elementor export; previous route/redirect/404 inventories","REVIEWED — FINAL ACTION ASSIGNED"
"https://rkrenosolution.com/home-2-2/","/home-2-2/","generated-route; YES — page-sitemap; internal links/navigation/footer/pagination; current crawl snapshot; WordPress XML/AIOSEO/Elementor/redirect and 404 inventories","200","Home 2 - RK Reno Solution","page","gone (410)","YES — page-sitemap","8","YES — inspected rendered/content snapshot","","NOT APPLICABLE — excluded demo/plugin/ecommerce content","NOT APPLICABLE","YES — explicit 410 decision","REMOVE_AND_410","","Imported theme demonstration route; do not redesign or redirect it to the homepage.","live metadata/render snapshot; full WordPress content snapshot and link/image analysis; XML sitemap inventory; WordPress XML export; AIOSEO records; Elementor export; previous route/redirect/404 inventories","REVIEWED — FINAL ACTION ASSIGNED"
"https://rkrenosolution.com/home-2-one-page/","/home-2-one-page/","generated-route; YES — page-sitemap; internal links/navigation/footer/pagination; current crawl snapshot; WordPress XML/AIOSEO/Elementor/redirect and 404 inventories","200","Home 2 One Page - RK Reno Solution","page","gone (410)","YES — page-sitemap","9","YES — inspected rendered/content snapshot","","NOT APPLICABLE — excluded demo/plugin/ecommerce content","NOT APPLICABLE","YES — explicit 410 decision","REMOVE_AND_410","","Imported theme demonstration route; do not redesign or redirect it to the homepage.","live metadata/render snapshot; full WordPress content snapshot and link/image analysis; XML sitemap inventory; WordPress XML export; AIOSEO records; Elementor export; previous route/redirect/404 inventories","REVIEWED — FINAL ACTION ASSIGNED"
"https://rkrenosolution.com/home-2/","/home-2/","existing-redirect-map; internal links/navigation/footer/pagination; WordPress XML/AIOSEO/Elementor/redirect and 404 inventories","301 → https://rkrenosolution.com/wp-content/uploads/2025/01/home.svg","Legacy Home 2 demo alias","redirect-alias","gone (410)","NO","3","ALIAS — destination content inspected","","NOT APPLICABLE — excluded demo/plugin/ecommerce content","NOT APPLICABLE","YES — explicit 410 decision","REMOVE_AND_410","","Theme-demo alias/asset is not a public RK Reno content page.","WordPress XML export; AIOSEO records; Elementor export; previous route/redirect/404 inventories","REVIEWED — FINAL ACTION ASSIGNED"
"https://rkrenosolution.com/home-3-one-page/","/home-3-one-page/","generated-route; YES — page-sitemap; internal links/navigation/footer/pagination; current crawl snapshot; WordPress XML/AIOSEO/Elementor/redirect and 404 inventories","200","Home 3 One Page - RK Reno Solution","page","gone (410)","YES — page-sitemap","7","YES — inspected rendered/content snapshot","","NOT APPLICABLE — excluded demo/plugin/ecommerce content","NOT APPLICABLE","YES — explicit 410 decision","REMOVE_AND_410","","Imported theme demonstration route; do not redesign or redirect it to the homepage.","live metadata/render snapshot; full WordPress content snapshot and link/image analysis; XML sitemap inventory; WordPress XML export; AIOSEO records; Elementor export; previous route/redirect/404 inventories","REVIEWED — FINAL ACTION ASSIGNED"
"https://rkrenosolution.com/home-3/","/home-3/","generated-route; YES — page-sitemap; internal links/navigation/footer/pagination; current crawl snapshot; WordPress XML/AIOSEO/Elementor/redirect and 404 inventories","200","Home 3 - RK Reno Solution","page","gone (410)","YES — page-sitemap","9","YES — inspected rendered/content snapshot","","NOT APPLICABLE — excluded demo/plugin/ecommerce content","NOT APPLICABLE","YES — explicit 410 decision","REMOVE_AND_410","","Imported theme demonstration route; do not redesign or redirect it to the homepage.","live metadata/render snapshot; full WordPress content snapshot and link/image analysis; XML sitemap inventory; WordPress XML export; AIOSEO records; Elementor export; previous route/redirect/404 inventories","REVIEWED — FINAL ACTION ASSIGNED"
"https://rkrenosolution.com/home-4-one-page/","/home-4-one-page/","generated-route; YES — page-sitemap; internal links/navigation/footer/pagination; current crawl snapshot; WordPress XML/AIOSEO/Elementor/redirect and 404 inventories","200","Home 4 One Page - RK Reno Solution","page","gone (410)","YES — page-sitemap","8","YES — inspected rendered/content snapshot","","NOT APPLICABLE — excluded demo/plugin/ecommerce content","NOT APPLICABLE","YES — explicit 410 decision","REMOVE_AND_410","","Imported theme demonstration route; do not redesign or redirect it to the homepage.","live metadata/render snapshot; full WordPress content snapshot and link/image analysis; XML sitemap inventory; WordPress XML export; AIOSEO records; Elementor export; previous route/redirect/404 inventories","REVIEWED — FINAL ACTION ASSIGNED"
"https://rkrenosolution.com/home-4/","/home-4/","generated-route; YES — page-sitemap; internal links/navigation/footer/pagination; current crawl snapshot; WordPress XML/AIOSEO/Elementor/redirect and 404 inventories","200","Home 4 - RK Reno Solution","page","gone (410)","YES — page-sitemap","10","YES — inspected rendered/content snapshot","","NOT APPLICABLE — excluded demo/plugin/ecommerce content","NOT APPLICABLE","YES — explicit 410 decision","REMOVE_AND_410","","Imported theme demonstration route; do not redesign or redirect it to the homepage.","live metadata/render snapshot; full WordPress content snapshot and link/image analysis; XML sitemap inventory; WordPress XML export; AIOSEO records; Elementor export; previous route/redirect/404 inventories","REVIEWED — FINAL ACTION ASSIGNED"
"https://rkrenosolution.com/home-5-one-page/","/home-5-one-page/","generated-route; YES — page-sitemap; internal links/navigation/footer/pagination; current crawl snapshot; WordPress XML/AIOSEO/Elementor/redirect and 404 inventories","200","Home 5 One Page - RK Reno Solution","page","gone (410)","YES — page-sitemap","1","YES — inspected rendered/content snapshot","","NOT APPLICABLE — excluded demo/plugin/ecommerce content","NOT APPLICABLE","YES — explicit 410 decision","REMOVE_AND_410","","Imported theme demonstration route; do not redesign or redirect it to the homepage.","live metadata/render snapshot; full WordPress content snapshot and link/image analysis; XML sitemap inventory; WordPress XML export; AIOSEO records; Elementor export; previous route/redirect/404 inventories","REVIEWED — FINAL ACTION ASSIGNED"
"https://rkrenosolution.com/home-5/","/home-5/","generated-route; YES — page-sitemap; internal links/navigation/footer/pagination; current crawl snapshot; WordPress XML/AIOSEO/Elementor/redirect and 404 inventories","200","Home 5 - RK Reno Solution","page","gone (410)","YES — page-sitemap","3","YES — inspected rendered/content snapshot","","NOT APPLICABLE — excluded demo/plugin/ecommerce content","NOT APPLICABLE","YES — explicit 410 decision","REMOVE_AND_410","","Imported theme demonstration route; do not redesign or redirect it to the homepage.","live metadata/render snapshot; full WordPress content snapshot and link/image analysis; XML sitemap inventory; WordPress XML export; AIOSEO records; Elementor export; previous route/redirect/404 inventories","REVIEWED — FINAL ACTION ASSIGNED"
"https://rkrenosolution.com/home-6-one-page/","/home-6-one-page/","generated-route; YES — page-sitemap; internal links/navigation/footer/pagination; current crawl snapshot; WordPress XML/AIOSEO/Elementor/redirect and 404 inventories","200","Home 6 One Page - RK Reno Solution","page","gone (410)","YES — page-sitemap","25","YES — inspected rendered/content snapshot","","NOT APPLICABLE — excluded demo/plugin/ecommerce content","NOT APPLICABLE","YES — explicit 410 decision","REMOVE_AND_410","","Imported theme demonstration route; do not redesign or redirect it to the homepage.","live metadata/render snapshot; full WordPress content snapshot and link/image analysis; XML sitemap inventory; WordPress XML export; AIOSEO records; Elementor export; previous route/redirect/404 inventories","REVIEWED — FINAL ACTION ASSIGNED"
"https://rkrenosolution.com/home-6/","/home-6/","generated-route; YES — page-sitemap; internal links/navigation/footer/pagination; current crawl snapshot; WordPress XML/AIOSEO/Elementor/redirect and 404 inventories","200","Home 6 - RK Reno Solution","page","gone (410)","YES — page-sitemap","27","YES — inspected rendered/content snapshot","","NOT APPLICABLE — excluded demo/plugin/ecommerce content","NOT APPLICABLE","YES — explicit 410 decision","REMOVE_AND_410","","Imported theme demonstration route; do not redesign or redirect it to the homepage.","live metadata/render snapshot; full WordPress content snapshot and link/image analysis; XML sitemap inventory; WordPress XML export; AIOSEO records; Elementor export; previous route/redirect/404 inventories","REVIEWED — FINAL ACTION ASSIGNED"
"https://rkrenosolution.com/home-7-one-page/","/home-7-one-page/","generated-route; YES — page-sitemap; internal links/navigation/footer/pagination; current crawl snapshot; WordPress XML/AIOSEO/Elementor/redirect and 404 inventories","200","Home 7 One Page - RK Reno Solution","page","gone (410)","YES — page-sitemap","4","YES — inspected rendered/content snapshot","","NOT APPLICABLE — excluded demo/plugin/ecommerce content","NOT APPLICABLE","YES — explicit 410 decision","REMOVE_AND_410","","Imported theme demonstration route; do not redesign or redirect it to the homepage.","live metadata/render snapshot; full WordPress content snapshot and link/image analysis; XML sitemap inventory; WordPress XML export; AIOSEO records; Elementor export; previous route/redirect/404 inventories","REVIEWED — FINAL ACTION ASSIGNED"
"https://rkrenosolution.com/home-8-onepage/","/home-8-onepage/","generated-route; YES — page-sitemap; internal links/navigation/footer/pagination; current crawl snapshot; WordPress XML/AIOSEO/Elementor/redirect and 404 inventories","200","Home 8 One Page - RK Reno Solution","page","gone (410)","YES — page-sitemap","2","YES — inspected rendered/content snapshot","","NOT APPLICABLE — excluded demo/plugin/ecommerce content","NOT APPLICABLE","YES — explicit 410 decision","REMOVE_AND_410","","Imported theme demonstration route; do not redesign or redirect it to the homepage.","live metadata/render snapshot; full WordPress content snapshot and link/image analysis; XML sitemap inventory; WordPress XML export; AIOSEO records; Elementor export; previous route/redirect/404 inventories","REVIEWED — FINAL ACTION ASSIGNED"
"https://rkrenosolution.com/home-8/","/home-8/","generated-route; YES — page-sitemap; internal links/navigation/footer/pagination; current crawl snapshot; WordPress XML/AIOSEO/Elementor/redirect and 404 inventories","200","Home 8 - RK Reno Solution","page","gone (410)","YES — page-sitemap","4","YES — inspected rendered/content snapshot","","NOT APPLICABLE — excluded demo/plugin/ecommerce content","NOT APPLICABLE","YES — explicit 410 decision","REMOVE_AND_410","","Imported theme demonstration route; do not redesign or redirect it to the homepage.","live metadata/render snapshot; full WordPress content snapshot and link/image analysis; XML sitemap inventory; WordPress XML export; AIOSEO records; Elementor export; previous route/redirect/404 inventories","REVIEWED — FINAL ACTION ASSIGNED"
"https://rkrenosolution.com/home-9-one-page/","/home-9-one-page/","generated-route; YES — page-sitemap; internal links/navigation/footer/pagination; current crawl snapshot; WordPress XML/AIOSEO/Elementor/redirect and 404 inventories","200","Home 9 One Page - RK Reno Solution","page","gone (410)","YES — page-sitemap","2","YES — inspected rendered/content snapshot","","NOT APPLICABLE — excluded demo/plugin/ecommerce content","NOT APPLICABLE","YES — explicit 410 decision","REMOVE_AND_410","","Imported theme demonstration route; do not redesign or redirect it to the homepage.","live metadata/render snapshot; full WordPress content snapshot and link/image analysis; XML sitemap inventory; WordPress XML export; AIOSEO records; Elementor export; previous route/redirect/404 inventories","REVIEWED — FINAL ACTION ASSIGNED"
"https://rkrenosolution.com/home-9/","/home-9/","generated-route; YES — page-sitemap; internal links/navigation/footer/pagination; current crawl snapshot; WordPress XML/AIOSEO/Elementor/redirect and 404 inventories","200","Home 9 - RK Reno Solution","page","gone (410)","YES — page-sitemap","4","YES — inspected rendered/content snapshot","","NOT APPLICABLE — excluded demo/plugin/ecommerce content","NOT APPLICABLE","YES — explicit 410 decision","REMOVE_AND_410","","Imported theme demonstration route; do not redesign or redirect it to the homepage.","live metadata/render snapshot; full WordPress content snapshot and link/image analysis; XML sitemap inventory; WordPress XML export; AIOSEO records; Elementor export; previous route/redirect/404 inventories","REVIEWED — FINAL ACTION ASSIGNED"
"https://rkrenosolution.com/home-renovation-contractor-in-subang-jaya/","/home-renovation-contractor-in-subang-jaya/","generated-route; YES — page-sitemap; internal links/navigation/footer/pagination; current crawl snapshot; WordPress XML/AIOSEO/Elementor/redirect and 404 inventories","200","Home Renovation Contractor in Subang Jaya - RK Reno Solution","page","index,follow","YES — page-sitemap","1","YES — inspected rendered/content snapshot","https://rkrenosolution.com/home-renovation-contractor-in-subang-jaya/","YES — genuine content represented","YES — close parity with documented safe differences","YES — continuity register reviewed","RETAIN_WITH_SAFE_DIFFERENCES","","Route has clear RK Reno business or search intent and should retain its approved content.","live metadata/render snapshot; full WordPress content snapshot and link/image analysis; XML sitemap inventory; WordPress XML export; AIOSEO records; Elementor export; previous route/redirect/404 inventories","REVIEWED — FINAL ACTION ASSIGNED"
"https://rkrenosolution.com/house-renovation-in-kuala-lumpur-the-ultimate-planning-cost-guide-2026/","/house-renovation-in-kuala-lumpur-the-ultimate-planning-cost-guide-2026/","generated-route; YES — post-sitemap; internal links/navigation/footer/pagination; current crawl snapshot; WordPress XML/AIOSEO/Elementor/redirect and 404 inventories","200","House Renovation Cost Kuala Lumpur 2026 | Price Guide","post","index,follow","YES — post-sitemap","24","YES — inspected rendered/content snapshot","https://rkrenosolution.com/house-renovation-in-kuala-lumpur-the-ultimate-planning-cost-guide-2026/","YES — genuine content represented","YES — close parity with documented safe differences","YES — continuity register reviewed","RETAIN_WITH_SAFE_DIFFERENCES","","Route has clear RK Reno business or search intent and should retain its approved content.","live metadata/render snapshot; full WordPress content snapshot and link/image analysis; XML sitemap inventory; WordPress XML export; AIOSEO records; Elementor export; previous route/redirect/404 inventories","REVIEWED — FINAL ACTION ASSIGNED"
"https://rkrenosolution.com/house-renovation-in-kuala-lumpur/","/house-renovation-in-kuala-lumpur/","generated-route; YES — page-sitemap; internal links/navigation/footer/pagination; current crawl snapshot; WordPress XML/AIOSEO/Elementor/redirect and 404 inventories","200","House Renovation Cost Kuala Lumpur 2026 | Price Guide","page","index,follow","YES — page-sitemap","15","YES — inspected rendered/content snapshot","https://rkrenosolution.com/house-renovation-in-kuala-lumpur/","YES — genuine content represented","YES — close parity with documented safe differences","YES — continuity register reviewed","RETAIN_WITH_SAFE_DIFFERENCES","","Genuine priority content is retained; owner approval and shared-system review remain.","live metadata/render snapshot; full WordPress content snapshot and link/image analysis; XML sitemap inventory; WordPress XML export; AIOSEO records; Elementor export; previous route/redirect/404 inventories","REVIEWED — FINAL ACTION ASSIGNED"
"https://rkrenosolution.com/house-renovation-in-selangor-the-ultimate-2026-guide-to-extending-your-home/","/house-renovation-in-selangor-the-ultimate-2026-guide-to-extending-your-home/","generated-route; YES — post-sitemap; internal links/navigation/footer/pagination; current crawl snapshot; WordPress XML/AIOSEO/Elementor/redirect and 404 inventories","200","House Renovation in Selangor: The Ultimate 2026 Guide to Extending Your Home - RK Reno Solution","post","index,follow","YES — post-sitemap","16","YES — inspected rendered/content snapshot","https://rkrenosolution.com/house-renovation-in-selangor-the-ultimate-2026-guide-to-extending-your-home/","YES — genuine content represented","YES — close parity with documented safe differences","YES — continuity register reviewed","RETAIN_WITH_SAFE_DIFFERENCES","","Route has clear RK Reno business or search intent and should retain its approved content.","live metadata/render snapshot; full WordPress content snapshot and link/image analysis; XML sitemap inventory; WordPress XML export; AIOSEO records; Elementor export; previous route/redirect/404 inventories","REVIEWED — FINAL ACTION ASSIGNED"
"https://rkrenosolution.com/house-renovation-in-selangor/","/house-renovation-in-selangor/","generated-route; YES — page-sitemap; internal links/navigation/footer/pagination; current crawl snapshot; WordPress XML/AIOSEO/Elementor/redirect and 404 inventories","200","House Renovation Selangor | Contractor & Starting Prices","page","index,follow","YES — page-sitemap","3","YES — inspected rendered/content snapshot","https://rkrenosolution.com/house-renovation-in-selangor/","YES — genuine content represented","YES — close parity with documented safe differences","YES — continuity register reviewed","RETAIN_WITH_SAFE_DIFFERENCES","","Genuine priority content is retained; owner approval and shared-system review remain.","live metadata/render snapshot; full WordPress content snapshot and link/image analysis; XML sitemap inventory; WordPress XML export; AIOSEO records; Elementor export; previous route/redirect/404 inventories","REVIEWED — FINAL ACTION ASSIGNED"
"https://rkrenosolution.com/landing-page/","/landing-page/","generated-route; YES — page-sitemap; internal links/navigation/footer/pagination; current crawl snapshot; WordPress XML/AIOSEO/Elementor/redirect and 404 inventories","200","Landing Page - RK Reno Solution","page","gone (410)","YES — page-sitemap","1","YES — inspected rendered/content snapshot","","NOT APPLICABLE — excluded demo/plugin/ecommerce content","NOT APPLICABLE","YES — explicit 410 decision","REMOVE_AND_410","","Imported theme demonstration route; do not redesign or redirect it to the homepage.","live metadata/render snapshot; full WordPress content snapshot and link/image analysis; XML sitemap inventory; WordPress XML export; AIOSEO records; Elementor export; previous route/redirect/404 inventories","REVIEWED — FINAL ACTION ASSIGNED"
"https://rkrenosolution.com/my-account/","/my-account/","WordPress-export; WordPress XML/AIOSEO/Elementor/redirect and 404 inventories","200","My account","page","gone (410)","NO","0","NO — status/record evidence only","","NOT APPLICABLE — excluded demo/plugin/ecommerce content","NOT APPLICABLE","YES — explicit 410 decision","REMOVE_AND_410","","Published WooCommerce utility exists in the export but has no supported RK Reno sales function.","WordPress XML export; AIOSEO records; Elementor export; previous route/redirect/404 inventories","REVIEWED — FINAL ACTION ASSIGNED"
"https://rkrenosolution.com/office-renovation-in-kuala-lumpur-the-2026-corporate-guide-to-productivity/","/office-renovation-in-kuala-lumpur-the-2026-corporate-guide-to-productivity/","generated-route; YES — post-sitemap; internal links/navigation/footer/pagination; current crawl snapshot; WordPress XML/AIOSEO/Elementor/redirect and 404 inventories","200","Office Renovation in Kuala Lumpur: The 2026 Corporate Guide to Productivity - RK Reno Solution","post","index,follow","YES — post-sitemap","19","YES — inspected rendered/content snapshot","https://rkrenosolution.com/office-renovation-in-kuala-lumpur-the-2026-corporate-guide-to-productivity/","YES — genuine content represented","YES — close parity with documented safe differences","YES — continuity register reviewed","RETAIN_WITH_SAFE_DIFFERENCES","","Route has clear RK Reno business or search intent and should retain its approved content.","live metadata/render snapshot; full WordPress content snapshot and link/image analysis; XML sitemap inventory; WordPress XML export; AIOSEO records; Elementor export; previous route/redirect/404 inventories","REVIEWED — FINAL ACTION ASSIGNED"
"https://rkrenosolution.com/office-renovation-in-kuala-lumpur/","/office-renovation-in-kuala-lumpur/","generated-route; YES — page-sitemap; internal links/navigation/footer/pagination; current crawl snapshot; WordPress XML/AIOSEO/Elementor/redirect and 404 inventories","200","Office Renovation Contractor KL | Fit-Out & Reinstatement","page","index,follow","YES — page-sitemap","8","YES — inspected rendered/content snapshot","https://rkrenosolution.com/office-renovation-in-kuala-lumpur/","YES — genuine content represented","YES — close parity with documented safe differences","YES — continuity register reviewed","RETAIN_WITH_SAFE_DIFFERENCES","","Route has clear RK Reno business or search intent and should retain its approved content.","live metadata/render snapshot; full WordPress content snapshot and link/image analysis; XML sitemap inventory; WordPress XML export; AIOSEO records; Elementor export; previous route/redirect/404 inventories","REVIEWED — FINAL ACTION ASSIGNED"
"https://rkrenosolution.com/office-renovation-petaling-jaya-corporate-fit-out-experts/","/office-renovation-petaling-jaya-corporate-fit-out-experts/","generated-route; YES — post-sitemap; internal links/navigation/footer/pagination; current crawl snapshot; WordPress XML/AIOSEO/Elementor/redirect and 404 inventories","200","Office Renovation Petaling Jaya: Corporate Fit-Out Experts - RK Reno Solution","post","index,follow","YES — post-sitemap","71","YES — inspected rendered/content snapshot","https://rkrenosolution.com/office-renovation-petaling-jaya-corporate-fit-out-experts/","YES — genuine content represented","YES — close parity with documented safe differences","YES — continuity register reviewed","RETAIN_WITH_SAFE_DIFFERENCES","","Route has clear RK Reno business or search intent and should retain its approved content.","live metadata/render snapshot; full WordPress content snapshot and link/image analysis; XML sitemap inventory; WordPress XML export; AIOSEO records; Elementor export; previous route/redirect/404 inventories","REVIEWED — FINAL ACTION ASSIGNED"
"https://rkrenosolution.com/our-projects-2/","/our-projects-2/","generated-route; YES — page-sitemap; current crawl snapshot; WordPress XML/AIOSEO/Elementor/redirect and 404 inventories","200","Our Projects 2 - RK Reno Solution","page","noindex,follow","YES — page-sitemap","0","YES — inspected rendered/content snapshot","","PENDING OWNER EVIDENCE","PENDING OWNER EVIDENCE","PENDING OWNER DECISION","OWNER_DECISION_REQUIRED","","Identity, history, testimonials, or project claims require owner-supplied authentic content.","live metadata/render snapshot; full WordPress content snapshot and link/image analysis; XML sitemap inventory; WordPress XML export; AIOSEO records; Elementor export; previous route/redirect/404 inventories","REVIEWED — OWNER DECISION PENDING"
"https://rkrenosolution.com/our-projects/","/our-projects/","generated-route; YES — page-sitemap; internal links/navigation/footer/pagination; current crawl snapshot; WordPress XML/AIOSEO/Elementor/redirect and 404 inventories","200","Our Projects 1 - RK Reno Solution","page","noindex,follow","YES — page-sitemap","14","YES — inspected rendered/content snapshot","","PENDING OWNER EVIDENCE","PENDING OWNER EVIDENCE","PENDING OWNER DECISION","OWNER_DECISION_REQUIRED","","Identity, history, testimonials, or project claims require owner-supplied authentic content.","live metadata/render snapshot; full WordPress content snapshot and link/image analysis; XML sitemap inventory; WordPress XML export; AIOSEO records; Elementor export; previous route/redirect/404 inventories","REVIEWED — OWNER DECISION PENDING"
"https://rkrenosolution.com/our-team/","/our-team/","generated-route; YES — page-sitemap; internal links/navigation/footer/pagination; current crawl snapshot; WordPress XML/AIOSEO/Elementor/redirect and 404 inventories","200","Our Team - RK Reno Solution","page","noindex,follow","YES — page-sitemap","36","YES — inspected rendered/content snapshot","","PENDING OWNER EVIDENCE","PENDING OWNER EVIDENCE","PENDING OWNER DECISION","OWNER_DECISION_REQUIRED","","Identity, history, testimonials, or project claims require owner-supplied authentic content.","live metadata/render snapshot; full WordPress content snapshot and link/image analysis; XML sitemap inventory; WordPress XML export; AIOSEO records; Elementor export; previous route/redirect/404 inventories","REVIEWED — OWNER DECISION PENDING"
"https://rkrenosolution.com/pakej-deep-cleaning-rumah-kl-termasuk-pre-hari-raya/","/pakej-deep-cleaning-rumah-kl-termasuk-pre-hari-raya/","generated-route; YES — post-sitemap; internal links/navigation/footer/pagination; current crawl snapshot; WordPress XML/AIOSEO/Elementor/redirect and 404 inventories","200","Pakej Deep Cleaning Rumah KL (Termasuk Pre-Hari Raya) - RK Reno Solution","post","index,follow","YES — post-sitemap","76","YES — inspected rendered/content snapshot","https://rkrenosolution.com/pakej-deep-cleaning-rumah-kl-termasuk-pre-hari-raya/","YES — genuine content represented","YES — close parity with documented safe differences","YES — continuity register reviewed","RETAIN_WITH_SAFE_DIFFERENCES","","Route has clear RK Reno business or search intent and should retain its approved content.","live metadata/render snapshot; full WordPress content snapshot and link/image analysis; XML sitemap inventory; WordPress XML export; AIOSEO records; Elementor export; previous route/redirect/404 inventories","REVIEWED — FINAL ACTION ASSIGNED"
"https://rkrenosolution.com/plaster-ceiling-contractor-kl-the-ultimate-design-pricing-guide-2026/","/plaster-ceiling-contractor-kl-the-ultimate-design-pricing-guide-2026/","generated-route; YES — post-sitemap; internal links/navigation/footer/pagination; current crawl snapshot; WordPress XML/AIOSEO/Elementor/redirect and 404 inventories","200","Plaster Ceiling Contractor KL: The Ultimate Design & Pricing Guide (2026) - RK Reno Solution","post","index,follow","YES — post-sitemap","21","YES — inspected rendered/content snapshot","https://rkrenosolution.com/plaster-ceiling-contractor-kl-the-ultimate-design-pricing-guide-2026/","YES — genuine content represented","YES — close parity with documented safe differences","YES — continuity register reviewed","RETAIN_WITH_SAFE_DIFFERENCES","","Route has clear RK Reno business or search intent and should retain its approved content.","live metadata/render snapshot; full WordPress content snapshot and link/image analysis; XML sitemap inventory; WordPress XML export; AIOSEO records; Elementor export; previous route/redirect/404 inventories","REVIEWED — FINAL ACTION ASSIGNED"
"https://rkrenosolution.com/plaster-ceiling-contractor-kl/","/plaster-ceiling-contractor-kl/","generated-route; YES — page-sitemap; internal links/navigation/footer/pagination; current crawl snapshot; WordPress XML/AIOSEO/Elementor/redirect and 404 inventories","200","Plaster Ceiling Contractor KL - RK Reno Solution","page","index,follow","YES — page-sitemap","11","YES — inspected rendered/content snapshot","https://rkrenosolution.com/plaster-ceiling-contractor-kl/","YES — genuine content represented","YES — close parity with documented safe differences","YES — continuity register reviewed","RETAIN_WITH_SAFE_DIFFERENCES","","Route has clear RK Reno business or search intent and should retain its approved content.","live metadata/render snapshot; full WordPress content snapshot and link/image analysis; XML sitemap inventory; WordPress XML export; AIOSEO records; Elementor export; previous route/redirect/404 inventories","REVIEWED — FINAL ACTION ASSIGNED"
"https://rkrenosolution.com/portfolio/axis-industrial-park/","/portfolio/axis-industrial-park/","generated-route; YES — portfolio-sitemap; internal links/navigation/footer/pagination; current crawl snapshot; WordPress XML/AIOSEO/Elementor/redirect and 404 inventories","200","Axis Industrial Park - RK Reno Solution","portfolio","gone (410)","YES — portfolio-sitemap","46","YES — inspected rendered/content snapshot","","NOT APPLICABLE — excluded demo/plugin/ecommerce content","NOT APPLICABLE","YES — explicit 410 decision","REMOVE_AND_410","","Repeated Ivey/Vastcon/Vincent demo copy does not establish RK Reno project ownership.","live metadata/render snapshot; full WordPress content snapshot and link/image analysis; XML sitemap inventory; WordPress XML export; AIOSEO records; Elementor export; previous route/redirect/404 inventories","REVIEWED — FINAL ACTION ASSIGNED"
"https://rkrenosolution.com/portfolio/building-a-sustainable-tomorrow/","/portfolio/building-a-sustainable-tomorrow/","generated-route; YES — portfolio-sitemap; internal links/navigation/footer/pagination; current crawl snapshot; WordPress XML/AIOSEO/Elementor/redirect and 404 inventories","200","Building a Sustainable Tomorrow - RK Reno Solution","portfolio","gone (410)","YES — portfolio-sitemap","34","YES — inspected rendered/content snapshot","","NOT APPLICABLE — excluded demo/plugin/ecommerce content","NOT APPLICABLE","YES — explicit 410 decision","REMOVE_AND_410","","Repeated Ivey/Vastcon/Vincent demo copy does not establish RK Reno project ownership.","live metadata/render snapshot; full WordPress content snapshot and link/image analysis; XML sitemap inventory; WordPress XML export; AIOSEO records; Elementor export; previous route/redirect/404 inventories","REVIEWED — FINAL ACTION ASSIGNED"
"https://rkrenosolution.com/portfolio/building-excellence-through-innovation/","/portfolio/building-excellence-through-innovation/","generated-route; YES — portfolio-sitemap; internal links/navigation/footer/pagination; current crawl snapshot; WordPress XML/AIOSEO/Elementor/redirect and 404 inventories","200","Building Excellence Through Innovation - RK Reno Solution","portfolio","gone (410)","YES — portfolio-sitemap","45","YES — inspected rendered/content snapshot","","NOT APPLICABLE — excluded demo/plugin/ecommerce content","NOT APPLICABLE","YES — explicit 410 decision","REMOVE_AND_410","","Repeated Ivey/Vastcon/Vincent demo copy does not establish RK Reno project ownership.","live metadata/render snapshot; full WordPress content snapshot and link/image analysis; XML sitemap inventory; WordPress XML export; AIOSEO records; Elementor export; previous route/redirect/404 inventories","REVIEWED — FINAL ACTION ASSIGNED"
"https://rkrenosolution.com/portfolio/commercial/","/portfolio/commercial/","production-404; YES — portfolio-category-sitemap; internal links/navigation/footer/pagination; current crawl snapshot; WordPress XML/AIOSEO/Elementor/redirect and 404 inventories","404","Page not found – RK Reno Solution","taxonomy","remain 404","YES — portfolio-category-sitemap","128","YES — inspected rendered/content snapshot","","NOT APPLICABLE — no live genuine page","NOT APPLICABLE","YES — remains non-indexable 404","EXISTING_404","","Remove remaining internal references; the portfolio destination is unverified theme-demo content. Linked unique article count: 0; unique introduction not established.","live metadata/render snapshot; full WordPress content snapshot and link/image analysis; XML sitemap inventory; WordPress XML export; AIOSEO records; Elementor export; previous route/redirect/404 inventories","REVIEWED — FINAL ACTION ASSIGNED"
"https://rkrenosolution.com/portfolio/crafting-landmark-construction-projects/","/portfolio/crafting-landmark-construction-projects/","generated-route; YES — portfolio-sitemap; internal links/navigation/footer/pagination; current crawl snapshot; WordPress XML/AIOSEO/Elementor/redirect and 404 inventories","200","Crafting Landmark Construction Projects - RK Reno Solution","portfolio","gone (410)","YES — portfolio-sitemap","65","YES — inspected rendered/content snapshot","","NOT APPLICABLE — excluded demo/plugin/ecommerce content","NOT APPLICABLE","YES — explicit 410 decision","REMOVE_AND_410","","Repeated Ivey/Vastcon/Vincent demo copy does not establish RK Reno project ownership.","live metadata/render snapshot; full WordPress content snapshot and link/image analysis; XML sitemap inventory; WordPress XML export; AIOSEO records; Elementor export; previous route/redirect/404 inventories","REVIEWED — FINAL ACTION ASSIGNED"
"https://rkrenosolution.com/portfolio/cutting-edge-strategies-for-building-success/","/portfolio/cutting-edge-strategies-for-building-success/","generated-route; YES — portfolio-sitemap; internal links/navigation/footer/pagination; current crawl snapshot; WordPress XML/AIOSEO/Elementor/redirect and 404 inventories","200","Cutting-Edge Strategies for Building Success - RK Reno Solution","portfolio","gone (410)","YES — portfolio-sitemap","28","YES — inspected rendered/content snapshot","","NOT APPLICABLE — excluded demo/plugin/ecommerce content","NOT APPLICABLE","YES — explicit 410 decision","REMOVE_AND_410","","Repeated Ivey/Vastcon/Vincent demo copy does not establish RK Reno project ownership.","live metadata/render snapshot; full WordPress content snapshot and link/image analysis; XML sitemap inventory; WordPress XML export; AIOSEO records; Elementor export; previous route/redirect/404 inventories","REVIEWED — FINAL ACTION ASSIGNED"
"https://rkrenosolution.com/portfolio/designing-the-future-of-urban-spaces/","/portfolio/designing-the-future-of-urban-spaces/","generated-route; YES — portfolio-sitemap; internal links/navigation/footer/pagination; current crawl snapshot; WordPress XML/AIOSEO/Elementor/redirect and 404 inventories","200","Designing the Future of Urban Spaces - RK Reno Solution","portfolio","gone (410)","YES — portfolio-sitemap","22","YES — inspected rendered/content snapshot","","NOT APPLICABLE — excluded demo/plugin/ecommerce content","NOT APPLICABLE","YES — explicit 410 decision","REMOVE_AND_410","","Repeated Ivey/Vastcon/Vincent demo copy does not establish RK Reno project ownership.","live metadata/render snapshot; full WordPress content snapshot and link/image analysis; XML sitemap inventory; WordPress XML export; AIOSEO records; Elementor export; previous route/redirect/404 inventories","REVIEWED — FINAL ACTION ASSIGNED"
"https://rkrenosolution.com/portfolio/electrical/","/portfolio/electrical/","production-404; YES — portfolio-category-sitemap; internal links/navigation/footer/pagination; current crawl snapshot; WordPress XML/AIOSEO/Elementor/redirect and 404 inventories","404","Page not found – RK Reno Solution","taxonomy","remain 404","YES — portfolio-category-sitemap","44","YES — inspected rendered/content snapshot","","NOT APPLICABLE — no live genuine page","NOT APPLICABLE","YES — remains non-indexable 404","EXISTING_404","","Remove remaining internal references; the portfolio destination is unverified theme-demo content. Linked unique article count: 0; unique introduction not established.","live metadata/render snapshot; full WordPress content snapshot and link/image analysis; XML sitemap inventory; WordPress XML export; AIOSEO records; Elementor export; previous route/redirect/404 inventories","REVIEWED — FINAL ACTION ASSIGNED"
"https://rkrenosolution.com/portfolio/expert-solutions-for-modern-structures/","/portfolio/expert-solutions-for-modern-structures/","generated-route; YES — portfolio-sitemap; internal links/navigation/footer/pagination; current crawl snapshot; WordPress XML/AIOSEO/Elementor/redirect and 404 inventories","200","Expert Solutions for Modern Structures - RK Reno Solution","portfolio","gone (410)","YES — portfolio-sitemap","39","YES — inspected rendered/content snapshot","","NOT APPLICABLE — excluded demo/plugin/ecommerce content","NOT APPLICABLE","YES — explicit 410 decision","REMOVE_AND_410","","Repeated Ivey/Vastcon/Vincent demo copy does not establish RK Reno project ownership.","live metadata/render snapshot; full WordPress content snapshot and link/image analysis; XML sitemap inventory; WordPress XML export; AIOSEO records; Elementor export; previous route/redirect/404 inventories","REVIEWED — FINAL ACTION ASSIGNED"
"https://rkrenosolution.com/portfolio/home-renovation/","/portfolio/home-renovation/","production-404; YES — portfolio-category-sitemap; internal links/navigation/footer/pagination; current crawl snapshot; WordPress XML/AIOSEO/Elementor/redirect and 404 inventories","404","Page not found – RK Reno Solution","taxonomy","remain 404","YES — portfolio-category-sitemap","78","YES — inspected rendered/content snapshot","","NOT APPLICABLE — no live genuine page","NOT APPLICABLE","YES — remains non-indexable 404","EXISTING_404","","Remove remaining internal references; the portfolio destination is unverified theme-demo content. Linked unique article count: 0; unique introduction not established.","live metadata/render snapshot; full WordPress content snapshot and link/image analysis; XML sitemap inventory; WordPress XML export; AIOSEO records; Elementor export; previous route/redirect/404 inventories","REVIEWED — FINAL ACTION ASSIGNED"
"https://rkrenosolution.com/portfolio/innovating-the-next-generation-of-architecture/","/portfolio/innovating-the-next-generation-of-architecture/","generated-route; YES — portfolio-sitemap; internal links/navigation/footer/pagination; current crawl snapshot; WordPress XML/AIOSEO/Elementor/redirect and 404 inventories","200","Innovating the Next Generation of Architecture - RK Reno Solution","portfolio","gone (410)","YES — portfolio-sitemap","45","YES — inspected rendered/content snapshot","","NOT APPLICABLE — excluded demo/plugin/ecommerce content","NOT APPLICABLE","YES — explicit 410 decision","REMOVE_AND_410","","Repeated Ivey/Vastcon/Vincent demo copy does not establish RK Reno project ownership.","live metadata/render snapshot; full WordPress content snapshot and link/image analysis; XML sitemap inventory; WordPress XML export; AIOSEO records; Elementor export; previous route/redirect/404 inventories","REVIEWED — FINAL ACTION ASSIGNED"
"https://rkrenosolution.com/portfolio/innovative-approaches-to-construction-excellence/","/portfolio/innovative-approaches-to-construction-excellence/","generated-route; YES — portfolio-sitemap; internal links/navigation/footer/pagination; current crawl snapshot; WordPress XML/AIOSEO/Elementor/redirect and 404 inventories","200","Innovative Approaches to Construction Excellence - RK Reno Solution","portfolio","gone (410)","YES — portfolio-sitemap","30","YES — inspected rendered/content snapshot","","NOT APPLICABLE — excluded demo/plugin/ecommerce content","NOT APPLICABLE","YES — explicit 410 decision","REMOVE_AND_410","","Repeated Ivey/Vastcon/Vincent demo copy does not establish RK Reno project ownership.","live metadata/render snapshot; full WordPress content snapshot and link/image analysis; XML sitemap inventory; WordPress XML export; AIOSEO records; Elementor export; previous route/redirect/404 inventories","REVIEWED — FINAL ACTION ASSIGNED"
"https://rkrenosolution.com/portfolio/innovative-construction-project-showcase/","/portfolio/innovative-construction-project-showcase/","generated-route; YES — portfolio-sitemap; internal links/navigation/footer/pagination; current crawl snapshot; WordPress XML/AIOSEO/Elementor/redirect and 404 inventories","200","Innovative Construction Project Showcase - RK Reno Solution","portfolio","gone (410)","YES — portfolio-sitemap","48","YES — inspected rendered/content snapshot","","NOT APPLICABLE — excluded demo/plugin/ecommerce content","NOT APPLICABLE","YES — explicit 410 decision","REMOVE_AND_410","","Repeated Ivey/Vastcon/Vincent demo copy does not establish RK Reno project ownership.","live metadata/render snapshot; full WordPress content snapshot and link/image analysis; XML sitemap inventory; WordPress XML export; AIOSEO records; Elementor export; previous route/redirect/404 inventories","REVIEWED — FINAL ACTION ASSIGNED"
"https://rkrenosolution.com/portfolio/mastering-construction-with-precision/","/portfolio/mastering-construction-with-precision/","generated-route; YES — portfolio-sitemap; internal links/navigation/footer/pagination; current crawl snapshot; WordPress XML/AIOSEO/Elementor/redirect and 404 inventories","200","Mastering Construction with Precision - RK Reno Solution","portfolio","gone (410)","YES — portfolio-sitemap","60","YES — inspected rendered/content snapshot","","NOT APPLICABLE — excluded demo/plugin/ecommerce content","NOT APPLICABLE","YES — explicit 410 decision","REMOVE_AND_410","","Repeated Ivey/Vastcon/Vincent demo copy does not establish RK Reno project ownership.","live metadata/render snapshot; full WordPress content snapshot and link/image analysis; XML sitemap inventory; WordPress XML export; AIOSEO records; Elementor export; previous route/redirect/404 inventories","REVIEWED — FINAL ACTION ASSIGNED"
"https://rkrenosolution.com/portfolio/oakwood-residence/","/portfolio/oakwood-residence/","generated-route; YES — portfolio-sitemap; internal links/navigation/footer/pagination; current crawl snapshot; WordPress XML/AIOSEO/Elementor/redirect and 404 inventories","200","Oakwood Residence - RK Reno Solution","portfolio","gone (410)","YES — portfolio-sitemap","46","YES — inspected rendered/content snapshot","","NOT APPLICABLE — excluded demo/plugin/ecommerce content","NOT APPLICABLE","YES — explicit 410 decision","REMOVE_AND_410","","Repeated Ivey/Vastcon/Vincent demo copy does not establish RK Reno project ownership.","live metadata/render snapshot; full WordPress content snapshot and link/image analysis; XML sitemap inventory; WordPress XML export; AIOSEO records; Elementor export; previous route/redirect/404 inventories","REVIEWED — FINAL ACTION ASSIGNED"
"https://rkrenosolution.com/portfolio/office-renovation/","/portfolio/office-renovation/","production-404; YES — portfolio-category-sitemap; internal links/navigation/footer/pagination; current crawl snapshot; WordPress XML/AIOSEO/Elementor/redirect and 404 inventories","404","Page not found – RK Reno Solution","taxonomy","remain 404","YES — portfolio-category-sitemap","107","YES — inspected rendered/content snapshot","","NOT APPLICABLE — no live genuine page","NOT APPLICABLE","YES — remains non-indexable 404","EXISTING_404","","Remove remaining internal references; the portfolio destination is unverified theme-demo content. Linked unique article count: 0; unique introduction not established.","live metadata/render snapshot; full WordPress content snapshot and link/image analysis; XML sitemap inventory; WordPress XML export; AIOSEO records; Elementor export; previous route/redirect/404 inventories","REVIEWED — FINAL ACTION ASSIGNED"
"https://rkrenosolution.com/portfolio/pioneering-solutions-for-architectural-excellence/","/portfolio/pioneering-solutions-for-architectural-excellence/","generated-route; YES — portfolio-sitemap; internal links/navigation/footer/pagination; current crawl snapshot; WordPress XML/AIOSEO/Elementor/redirect and 404 inventories","200","Pioneering Solutions for Architectural Excellence - RK Reno Solution","portfolio","gone (410)","YES — portfolio-sitemap","28","YES — inspected rendered/content snapshot","","NOT APPLICABLE — excluded demo/plugin/ecommerce content","NOT APPLICABLE","YES — explicit 410 decision","REMOVE_AND_410","","Repeated Ivey/Vastcon/Vincent demo copy does not establish RK Reno project ownership.","live metadata/render snapshot; full WordPress content snapshot and link/image analysis; XML sitemap inventory; WordPress XML export; AIOSEO records; Elementor export; previous route/redirect/404 inventories","REVIEWED — FINAL ACTION ASSIGNED"
"https://rkrenosolution.com/portfolio/precision-craftsmanship-in-construction/","/portfolio/precision-craftsmanship-in-construction/","generated-route; YES — portfolio-sitemap; internal links/navigation/footer/pagination; current crawl snapshot; WordPress XML/AIOSEO/Elementor/redirect and 404 inventories","200","Precision Craftsmanship in Construction - RK Reno Solution","portfolio","gone (410)","YES — portfolio-sitemap","39","YES — inspected rendered/content snapshot","","NOT APPLICABLE — excluded demo/plugin/ecommerce content","NOT APPLICABLE","YES — explicit 410 decision","REMOVE_AND_410","","Repeated Ivey/Vastcon/Vincent demo copy does not establish RK Reno project ownership.","live metadata/render snapshot; full WordPress content snapshot and link/image analysis; XML sitemap inventory; WordPress XML export; AIOSEO records; Elementor export; previous route/redirect/404 inventories","REVIEWED — FINAL ACTION ASSIGNED"
"https://rkrenosolution.com/portfolio/residential/","/portfolio/residential/","production-404; YES — portfolio-category-sitemap; internal links/navigation/footer/pagination; current crawl snapshot; WordPress XML/AIOSEO/Elementor/redirect and 404 inventories","404","Page not found – RK Reno Solution","taxonomy","remain 404","YES — portfolio-category-sitemap","27","YES — inspected rendered/content snapshot","","NOT APPLICABLE — no live genuine page","NOT APPLICABLE","YES — remains non-indexable 404","EXISTING_404","","Remove remaining internal references; the portfolio destination is unverified theme-demo content. Linked unique article count: 0; unique introduction not established.","live metadata/render snapshot; full WordPress content snapshot and link/image analysis; XML sitemap inventory; WordPress XML export; AIOSEO records; Elementor export; previous route/redirect/404 inventories","REVIEWED — FINAL ACTION ASSIGNED"
"https://rkrenosolution.com/portfolio/revolutionary-techniques-in-modern-construction/","/portfolio/revolutionary-techniques-in-modern-construction/","generated-route; YES — portfolio-sitemap; internal links/navigation/footer/pagination; current crawl snapshot; WordPress XML/AIOSEO/Elementor/redirect and 404 inventories","200","Revolutionary Techniques in Modern Construction - RK Reno Solution","portfolio","gone (410)","YES — portfolio-sitemap","28","YES — inspected rendered/content snapshot","","NOT APPLICABLE — excluded demo/plugin/ecommerce content","NOT APPLICABLE","YES — explicit 410 decision","REMOVE_AND_410","","Repeated Ivey/Vastcon/Vincent demo copy does not establish RK Reno project ownership.","live metadata/render snapshot; full WordPress content snapshot and link/image analysis; XML sitemap inventory; WordPress XML export; AIOSEO records; Elementor export; previous route/redirect/404 inventories","REVIEWED — FINAL ACTION ASSIGNED"
"https://rkrenosolution.com/portfolio/shaping-tomorrows-built-environment/","/portfolio/shaping-tomorrows-built-environment/","generated-route; YES — portfolio-sitemap; internal links/navigation/footer/pagination; current crawl snapshot; WordPress XML/AIOSEO/Elementor/redirect and 404 inventories","200","Shaping Tomorrow’s Built Environment - RK Reno Solution","portfolio","gone (410)","YES — portfolio-sitemap","30","YES — inspected rendered/content snapshot","","NOT APPLICABLE — excluded demo/plugin/ecommerce content","NOT APPLICABLE","YES — explicit 410 decision","REMOVE_AND_410","","Repeated Ivey/Vastcon/Vincent demo copy does not establish RK Reno project ownership.","live metadata/render snapshot; full WordPress content snapshot and link/image analysis; XML sitemap inventory; WordPress XML export; AIOSEO records; Elementor export; previous route/redirect/404 inventories","REVIEWED — FINAL ACTION ASSIGNED"
"https://rkrenosolution.com/portfolio/skyline-hub/","/portfolio/skyline-hub/","generated-route; YES — portfolio-sitemap; internal links/navigation/footer/pagination; current crawl snapshot; WordPress XML/AIOSEO/Elementor/redirect and 404 inventories","200","Skyline Hub - RK Reno Solution","portfolio","gone (410)","YES — portfolio-sitemap","45","YES — inspected rendered/content snapshot","","NOT APPLICABLE — excluded demo/plugin/ecommerce content","NOT APPLICABLE","YES — explicit 410 decision","REMOVE_AND_410","","Repeated Ivey/Vastcon/Vincent demo copy does not establish RK Reno project ownership.","live metadata/render snapshot; full WordPress content snapshot and link/image analysis; XML sitemap inventory; WordPress XML export; AIOSEO records; Elementor export; previous route/redirect/404 inventories","REVIEWED — FINAL ACTION ASSIGNED"
"https://rkrenosolution.com/portfolio/stadium/","/portfolio/stadium/","production-404; YES — portfolio-category-sitemap; internal links/navigation/footer/pagination; current crawl snapshot; WordPress XML/AIOSEO/Elementor/redirect and 404 inventories","404","Page not found – RK Reno Solution","taxonomy","remain 404","YES — portfolio-category-sitemap","58","YES — inspected rendered/content snapshot","","NOT APPLICABLE — no live genuine page","NOT APPLICABLE","YES — remains non-indexable 404","EXISTING_404","","Remove remaining internal references; the portfolio destination is unverified theme-demo content. Linked unique article count: 0; unique introduction not established.","live metadata/render snapshot; full WordPress content snapshot and link/image analysis; XML sitemap inventory; WordPress XML export; AIOSEO records; Elementor export; previous route/redirect/404 inventories","REVIEWED — FINAL ACTION ASSIGNED"
"https://rkrenosolution.com/portfolio/the-ivey-school-of-business/","/portfolio/the-ivey-school-of-business/","generated-route; YES — portfolio-sitemap; internal links/navigation/footer/pagination; current crawl snapshot; WordPress XML/AIOSEO/Elementor/redirect and 404 inventories","200","The Ivey School of Business - RK Reno Solution","portfolio","gone (410)","YES — portfolio-sitemap","48","YES — inspected rendered/content snapshot","","NOT APPLICABLE — excluded demo/plugin/ecommerce content","NOT APPLICABLE","YES — explicit 410 decision","REMOVE_AND_410","","Repeated Ivey/Vastcon/Vincent demo copy does not establish RK Reno project ownership.","live metadata/render snapshot; full WordPress content snapshot and link/image analysis; XML sitemap inventory; WordPress XML export; AIOSEO records; Elementor export; previous route/redirect/404 inventories","REVIEWED — FINAL ACTION ASSIGNED"
"https://rkrenosolution.com/portfolio/transforming-designs-into-reality/","/portfolio/transforming-designs-into-reality/","generated-route; YES — portfolio-sitemap; internal links/navigation/footer/pagination; current crawl snapshot; WordPress XML/AIOSEO/Elementor/redirect and 404 inventories","200","Transforming Designs Into Reality - RK Reno Solution","portfolio","gone (410)","YES — portfolio-sitemap","81","YES — inspected rendered/content snapshot","","NOT APPLICABLE — excluded demo/plugin/ecommerce content","NOT APPLICABLE","YES — explicit 410 decision","REMOVE_AND_410","","Repeated Ivey/Vastcon/Vincent demo copy does not establish RK Reno project ownership.","live metadata/render snapshot; full WordPress content snapshot and link/image analysis; XML sitemap inventory; WordPress XML export; AIOSEO records; Elementor export; previous route/redirect/404 inventories","REVIEWED — FINAL ACTION ASSIGNED"
"https://rkrenosolution.com/portfolio/waterproofing/","/portfolio/waterproofing/","production-404; YES — portfolio-category-sitemap; internal links/navigation/footer/pagination; current crawl snapshot; WordPress XML/AIOSEO/Elementor/redirect and 404 inventories","404","Page not found – RK Reno Solution","taxonomy","remain 404","YES — portfolio-category-sitemap","61","YES — inspected rendered/content snapshot","","NOT APPLICABLE — no live genuine page","NOT APPLICABLE","YES — remains non-indexable 404","EXISTING_404","","Remove remaining internal references; the portfolio destination is unverified theme-demo content. Linked unique article count: 0; unique introduction not established.","live metadata/render snapshot; full WordPress content snapshot and link/image analysis; XML sitemap inventory; WordPress XML export; AIOSEO records; Elementor export; previous route/redirect/404 inventories","REVIEWED — FINAL ACTION ASSIGNED"
"https://rkrenosolution.com/pricing-plan/","/pricing-plan/","generated-route; YES — page-sitemap; internal links/navigation/footer/pagination; current crawl snapshot; WordPress XML/AIOSEO/Elementor/redirect and 404 inventories","200","Pricing Plan - RK Reno Solution","page","gone (410)","YES — page-sitemap","14","YES — inspected rendered/content snapshot","","NOT APPLICABLE — excluded demo/plugin/ecommerce content","NOT APPLICABLE","YES — explicit 410 decision","REMOVE_AND_410","","Imported theme demonstration route; do not redesign or redirect it to the homepage.","live metadata/render snapshot; full WordPress content snapshot and link/image analysis; XML sitemap inventory; WordPress XML export; AIOSEO records; Elementor export; previous route/redirect/404 inventories","REVIEWED — FINAL ACTION ASSIGNED"
"https://rkrenosolution.com/product-category/repair-expand/","/product-category/repair-expand/","generated-route; YES — product_cat-sitemap; internal links/navigation/footer/pagination; current crawl snapshot; WordPress XML/AIOSEO/Elementor/redirect and 404 inventories","200","Repair & Expand - RK Reno Solution","product","gone (410)","YES — product_cat-sitemap","1","YES — inspected rendered/content snapshot","","NOT APPLICABLE — excluded demo/plugin/ecommerce content","NOT APPLICABLE","YES — explicit 410 decision","REMOVE_AND_410","","Imported WooCommerce content; no evidence RK Reno sells these products online.","live metadata/render snapshot; full WordPress content snapshot and link/image analysis; XML sitemap inventory; WordPress XML export; AIOSEO records; Elementor export; previous route/redirect/404 inventories","REVIEWED — FINAL ACTION ASSIGNED"
"https://rkrenosolution.com/product/blackdecker-circular-saw/","/product/blackdecker-circular-saw/","generated-route; YES — product-sitemap; internal links/navigation/footer/pagination; current crawl snapshot; WordPress XML/AIOSEO/Elementor/redirect and 404 inventories","200","Black+Decker Circular Saw - RK Reno Solution","product","gone (410)","YES — product-sitemap","1","YES — inspected rendered/content snapshot","","NOT APPLICABLE — excluded demo/plugin/ecommerce content","NOT APPLICABLE","YES — explicit 410 decision","REMOVE_AND_410","","Imported WooCommerce content; no evidence RK Reno sells these products online.","live metadata/render snapshot; full WordPress content snapshot and link/image analysis; XML sitemap inventory; WordPress XML export; AIOSEO records; Elementor export; previous route/redirect/404 inventories","REVIEWED — FINAL ACTION ASSIGNED"
"https://rkrenosolution.com/product/bosch-js470e-7-0-amp-jigsaw/","/product/bosch-js470e-7-0-amp-jigsaw/","generated-route; YES — product-sitemap; internal links/navigation/footer/pagination; current crawl snapshot; WordPress XML/AIOSEO/Elementor/redirect and 404 inventories","200","Bosch JS470E 7.0-Amp Jigsaw - RK Reno Solution","product","gone (410)","YES — product-sitemap","1","YES — inspected rendered/content snapshot","","NOT APPLICABLE — excluded demo/plugin/ecommerce content","NOT APPLICABLE","YES — explicit 410 decision","REMOVE_AND_410","","Imported WooCommerce content; no evidence RK Reno sells these products online.","live metadata/render snapshot; full WordPress content snapshot and link/image analysis; XML sitemap inventory; WordPress XML export; AIOSEO records; Elementor export; previous route/redirect/404 inventories","REVIEWED — FINAL ACTION ASSIGNED"
"https://rkrenosolution.com/product/cutting-circular-saw/","/product/cutting-circular-saw/","generated-route; YES — product-sitemap; internal links/navigation/footer/pagination; current crawl snapshot; WordPress XML/AIOSEO/Elementor/redirect and 404 inventories","200","Cutting Circular Saw - RK Reno Solution","product","gone (410)","YES — product-sitemap","1","YES — inspected rendered/content snapshot","","NOT APPLICABLE — excluded demo/plugin/ecommerce content","NOT APPLICABLE","YES — explicit 410 decision","REMOVE_AND_410","","Imported WooCommerce content; no evidence RK Reno sells these products online.","live metadata/render snapshot; full WordPress content snapshot and link/image analysis; XML sitemap inventory; WordPress XML export; AIOSEO records; Elementor export; previous route/redirect/404 inventories","REVIEWED — FINAL ACTION ASSIGNED"
"https://rkrenosolution.com/product/dewalt-dwe575sb-circular-saw/","/product/dewalt-dwe575sb-circular-saw/","generated-route; YES — product-sitemap; internal links/navigation/footer/pagination; current crawl snapshot; WordPress XML/AIOSEO/Elementor/redirect and 404 inventories","200","DeWalt DWE575SB Circular Saw - RK Reno Solution","product","gone (410)","YES — product-sitemap","1","YES — inspected rendered/content snapshot","","NOT APPLICABLE — excluded demo/plugin/ecommerce content","NOT APPLICABLE","YES — explicit 410 decision","REMOVE_AND_410","","Imported WooCommerce content; no evidence RK Reno sells these products online.","live metadata/render snapshot; full WordPress content snapshot and link/image analysis; XML sitemap inventory; WordPress XML export; AIOSEO records; Elementor export; previous route/redirect/404 inventories","REVIEWED — FINAL ACTION ASSIGNED"
"https://rkrenosolution.com/product/festool-hk-circular-saw/","/product/festool-hk-circular-saw/","generated-route; YES — product-sitemap; internal links/navigation/footer/pagination; current crawl snapshot; WordPress XML/AIOSEO/Elementor/redirect and 404 inventories","200","Festool HK Circular Saw - RK Reno Solution","product","gone (410)","YES — product-sitemap","1","YES — inspected rendered/content snapshot","","NOT APPLICABLE — excluded demo/plugin/ecommerce content","NOT APPLICABLE","YES — explicit 410 decision","REMOVE_AND_410","","Imported WooCommerce content; no evidence RK Reno sells these products online.","live metadata/render snapshot; full WordPress content snapshot and link/image analysis; XML sitemap inventory; WordPress XML export; AIOSEO records; Elementor export; previous route/redirect/404 inventories","REVIEWED — FINAL ACTION ASSIGNED"
"https://rkrenosolution.com/product/makita-5007mg-magnesium-circular-saw/","/product/makita-5007mg-magnesium-circular-saw/","generated-route; YES — product-sitemap; internal links/navigation/footer/pagination; current crawl snapshot; WordPress XML/AIOSEO/Elementor/redirect and 404 inventories","200","Makita 5007MG Magnesium Circular Saw - RK Reno Solution","product","gone (410)","YES — product-sitemap","1","YES — inspected rendered/content snapshot","","NOT APPLICABLE — excluded demo/plugin/ecommerce content","NOT APPLICABLE","YES — explicit 410 decision","REMOVE_AND_410","","Imported WooCommerce content; no evidence RK Reno sells these products online.","live metadata/render snapshot; full WordPress content snapshot and link/image analysis; XML sitemap inventory; WordPress XML export; AIOSEO records; Elementor export; previous route/redirect/404 inventories","REVIEWED — FINAL ACTION ASSIGNED"
"https://rkrenosolution.com/product/metabo-hpt-ripmax-pro-circular-saw/","/product/metabo-hpt-ripmax-pro-circular-saw/","generated-route; YES — product-sitemap; internal links/navigation/footer/pagination; current crawl snapshot; WordPress XML/AIOSEO/Elementor/redirect and 404 inventories","200","Metabo HPT Ripmax Pro Circular Saw - RK Reno Solution","product","gone (410)","YES — product-sitemap","1","YES — inspected rendered/content snapshot","","NOT APPLICABLE — excluded demo/plugin/ecommerce content","NOT APPLICABLE","YES — explicit 410 decision","REMOVE_AND_410","","Imported WooCommerce content; no evidence RK Reno sells these products online.","live metadata/render snapshot; full WordPress content snapshot and link/image analysis; XML sitemap inventory; WordPress XML export; AIOSEO records; Elementor export; previous route/redirect/404 inventories","REVIEWED — FINAL ACTION ASSIGNED"
"https://rkrenosolution.com/product/milwaukee-fuel-circular-saw/","/product/milwaukee-fuel-circular-saw/","generated-route; YES — product-sitemap; internal links/navigation/footer/pagination; current crawl snapshot; WordPress XML/AIOSEO/Elementor/redirect and 404 inventories","200","Milwaukee FUEL Circular Saw - RK Reno Solution","product","gone (410)","YES — product-sitemap","1","YES — inspected rendered/content snapshot","","NOT APPLICABLE — excluded demo/plugin/ecommerce content","NOT APPLICABLE","YES — explicit 410 decision","REMOVE_AND_410","","Imported WooCommerce content; no evidence RK Reno sells these products online.","live metadata/render snapshot; full WordPress content snapshot and link/image analysis; XML sitemap inventory; WordPress XML export; AIOSEO records; Elementor export; previous route/redirect/404 inventories","REVIEWED — FINAL ACTION ASSIGNED"
"https://rkrenosolution.com/product/ryobi-p505-18v-circular-saw/","/product/ryobi-p505-18v-circular-saw/","generated-route; YES — product-sitemap; internal links/navigation/footer/pagination; current crawl snapshot; WordPress XML/AIOSEO/Elementor/redirect and 404 inventories","200","Ryobi P505 18V Circular Saw - RK Reno Solution","product","gone (410)","YES — product-sitemap","1","YES — inspected rendered/content snapshot","","NOT APPLICABLE — excluded demo/plugin/ecommerce content","NOT APPLICABLE","YES — explicit 410 decision","REMOVE_AND_410","","Imported WooCommerce content; no evidence RK Reno sells these products online.","live metadata/render snapshot; full WordPress content snapshot and link/image analysis; XML sitemap inventory; WordPress XML export; AIOSEO records; Elementor export; previous route/redirect/404 inventories","REVIEWED — FINAL ACTION ASSIGNED"
"https://rkrenosolution.com/product/skil-5280-01-circular-saw/","/product/skil-5280-01-circular-saw/","generated-route; YES — product-sitemap; internal links/navigation/footer/pagination; current crawl snapshot; WordPress XML/AIOSEO/Elementor/redirect and 404 inventories","200","Skil 5280-01 Circular Saw - RK Reno Solution","product","gone (410)","YES — product-sitemap","1","YES — inspected rendered/content snapshot","","NOT APPLICABLE — excluded demo/plugin/ecommerce content","NOT APPLICABLE","YES — explicit 410 decision","REMOVE_AND_410","","Imported WooCommerce content; no evidence RK Reno sells these products online.","live metadata/render snapshot; full WordPress content snapshot and link/image analysis; XML sitemap inventory; WordPress XML export; AIOSEO records; Elementor export; previous route/redirect/404 inventories","REVIEWED — FINAL ACTION ASSIGNED"
"https://rkrenosolution.com/product/vacuum-cleaner/","/product/vacuum-cleaner/","generated-route; YES — product-sitemap; internal links/navigation/footer/pagination; current crawl snapshot; WordPress XML/AIOSEO/Elementor/redirect and 404 inventories","200","Vacuum Cleaner - RK Reno Solution","product","gone (410)","YES — product-sitemap","1","YES — inspected rendered/content snapshot","","NOT APPLICABLE — excluded demo/plugin/ecommerce content","NOT APPLICABLE","YES — explicit 410 decision","REMOVE_AND_410","","Imported WooCommerce content; no evidence RK Reno sells these products online.","live metadata/render snapshot; full WordPress content snapshot and link/image analysis; XML sitemap inventory; WordPress XML export; AIOSEO records; Elementor export; previous route/redirect/404 inventories","REVIEWED — FINAL ACTION ASSIGNED"
"https://rkrenosolution.com/product/worx-compact-circular-saw/","/product/worx-compact-circular-saw/","generated-route; YES — product-sitemap; internal links/navigation/footer/pagination; current crawl snapshot; WordPress XML/AIOSEO/Elementor/redirect and 404 inventories","200","WORX Compact Circular Saw - RK Reno Solution","product","gone (410)","YES — product-sitemap","1","YES — inspected rendered/content snapshot","","NOT APPLICABLE — excluded demo/plugin/ecommerce content","NOT APPLICABLE","YES — explicit 410 decision","REMOVE_AND_410","","Imported WooCommerce content; no evidence RK Reno sells these products online.","live metadata/render snapshot; full WordPress content snapshot and link/image analysis; XML sitemap inventory; WordPress XML export; AIOSEO records; Elementor export; previous route/redirect/404 inventories","REVIEWED — FINAL ACTION ASSIGNED"
"https://rkrenosolution.com/pu-injection-waterproofing-kl-how-to-fix-wall-cracks-permanently/","/pu-injection-waterproofing-kl-how-to-fix-wall-cracks-permanently/","generated-route; YES — post-sitemap; internal links/navigation/footer/pagination; current crawl snapshot; WordPress XML/AIOSEO/Elementor/redirect and 404 inventories","200","PU Injection Waterproofing KL: How to Fix Wall Cracks Permanently - RK Reno Solution","post","index,follow","YES — post-sitemap","73","YES — inspected rendered/content snapshot","https://rkrenosolution.com/pu-injection-waterproofing-kl-how-to-fix-wall-cracks-permanently/","YES — genuine content represented","YES — close parity with documented safe differences","YES — continuity register reviewed","RETAIN_WITH_SAFE_DIFFERENCES","","Route has clear RK Reno business or search intent and should retain its approved content.","live metadata/render snapshot; full WordPress content snapshot and link/image analysis; XML sitemap inventory; WordPress XML export; AIOSEO records; Elementor export; previous route/redirect/404 inventories","REVIEWED — FINAL ACTION ASSIGNED"
"https://rkrenosolution.com/sample-page/","/sample-page/","generated-route; YES — page-sitemap; current crawl snapshot; WordPress XML/AIOSEO/Elementor/redirect and 404 inventories","200","Sample Page - RK Reno Solution","page","gone (410)","YES — page-sitemap","0","YES — inspected rendered/content snapshot","","NOT APPLICABLE — excluded demo/plugin/ecommerce content","NOT APPLICABLE","YES — explicit 410 decision","REMOVE_AND_410","","Imported theme demonstration route; do not redesign or redirect it to the homepage.","live metadata/render snapshot; full WordPress content snapshot and link/image analysis; XML sitemap inventory; WordPress XML export; AIOSEO records; Elementor export; previous route/redirect/404 inventories","REVIEWED — FINAL ACTION ASSIGNED"
"https://rkrenosolution.com/service-category/building-architecture/","/service-category/building-architecture/","generated-route; YES — service-category-sitemap; current crawl snapshot; WordPress XML/AIOSEO/Elementor/redirect and 404 inventories","200","Building Architecture - RK Reno Solution","taxonomy","301 redirect","YES — service-category-sitemap","0","YES — inspected rendered/content snapshot","https://rkrenosolution.com/services/","YES — intent consolidated at destination","DESTINATION DESIGN REVIEWED","YES — mapped by one-hop 301","MERGE_AND_301","/services/","Imported theme taxonomy/service intent is adequately served by the main Services page. Linked unique article count: 0; unique introduction not established.","live metadata/render snapshot; full WordPress content snapshot and link/image analysis; XML sitemap inventory; WordPress XML export; AIOSEO records; Elementor export; previous route/redirect/404 inventories","REVIEWED — FINAL ACTION ASSIGNED"
"https://rkrenosolution.com/service-category/building-renovation/","/service-category/building-renovation/","generated-route; YES — service-category-sitemap; current crawl snapshot; WordPress XML/AIOSEO/Elementor/redirect and 404 inventories","200","Building Renovation - RK Reno Solution","taxonomy","301 redirect","YES — service-category-sitemap","0","YES — inspected rendered/content snapshot","https://rkrenosolution.com/services/","YES — intent consolidated at destination","DESTINATION DESIGN REVIEWED","YES — mapped by one-hop 301","MERGE_AND_301","/services/","Imported theme taxonomy/service intent is adequately served by the main Services page. Linked unique article count: 0; unique introduction not established.","live metadata/render snapshot; full WordPress content snapshot and link/image analysis; XML sitemap inventory; WordPress XML export; AIOSEO records; Elementor export; previous route/redirect/404 inventories","REVIEWED — FINAL ACTION ASSIGNED"
"https://rkrenosolution.com/service-category/flooring-roofing/","/service-category/flooring-roofing/","generated-route; YES — service-category-sitemap; current crawl snapshot; WordPress XML/AIOSEO/Elementor/redirect and 404 inventories","200","Flooring & Roofing - RK Reno Solution","taxonomy","301 redirect","YES — service-category-sitemap","0","YES — inspected rendered/content snapshot","https://rkrenosolution.com/services/","YES — intent consolidated at destination","DESTINATION DESIGN REVIEWED","YES — mapped by one-hop 301","MERGE_AND_301","/services/","Imported theme taxonomy/service intent is adequately served by the main Services page. Linked unique article count: 0; unique introduction not established.","live metadata/render snapshot; full WordPress content snapshot and link/image analysis; XML sitemap inventory; WordPress XML export; AIOSEO records; Elementor export; previous route/redirect/404 inventories","REVIEWED — FINAL ACTION ASSIGNED"
"https://rkrenosolution.com/service-category/general-constracting/","/service-category/general-constracting/","generated-route; YES — service-category-sitemap; current crawl snapshot; WordPress XML/AIOSEO/Elementor/redirect and 404 inventories","200","General Constracting - RK Reno Solution","taxonomy","301 redirect","YES — service-category-sitemap","0","YES — inspected rendered/content snapshot","https://rkrenosolution.com/services/","YES — intent consolidated at destination","DESTINATION DESIGN REVIEWED","YES — mapped by one-hop 301","MERGE_AND_301","/services/","Imported theme taxonomy/service intent is adequately served by the main Services page. Linked unique article count: 0; unique introduction not established.","live metadata/render snapshot; full WordPress content snapshot and link/image analysis; XML sitemap inventory; WordPress XML export; AIOSEO records; Elementor export; previous route/redirect/404 inventories","REVIEWED — FINAL ACTION ASSIGNED"
"https://rkrenosolution.com/service-category/interior-design/","/service-category/interior-design/","generated-route; YES — service-category-sitemap; current crawl snapshot; WordPress XML/AIOSEO/Elementor/redirect and 404 inventories","200","Interior Design - RK Reno Solution","taxonomy","301 redirect","YES — service-category-sitemap","0","YES — inspected rendered/content snapshot","https://rkrenosolution.com/services/","YES — intent consolidated at destination","DESTINATION DESIGN REVIEWED","YES — mapped by one-hop 301","MERGE_AND_301","/services/","Imported theme taxonomy/service intent is adequately served by the main Services page. Linked unique article count: 0; unique introduction not established.","live metadata/render snapshot; full WordPress content snapshot and link/image analysis; XML sitemap inventory; WordPress XML export; AIOSEO records; Elementor export; previous route/redirect/404 inventories","REVIEWED — FINAL ACTION ASSIGNED"
"https://rkrenosolution.com/service-category/repair-expand/","/service-category/repair-expand/","generated-route; YES — service-category-sitemap; current crawl snapshot; WordPress XML/AIOSEO/Elementor/redirect and 404 inventories","200","Repair & Expand - RK Reno Solution","taxonomy","301 redirect","YES — service-category-sitemap","0","YES — inspected rendered/content snapshot","https://rkrenosolution.com/services/","YES — intent consolidated at destination","DESTINATION DESIGN REVIEWED","YES — mapped by one-hop 301","MERGE_AND_301","/services/","Imported theme taxonomy/service intent is adequately served by the main Services page. Linked unique article count: 0; unique introduction not established.","live metadata/render snapshot; full WordPress content snapshot and link/image analysis; XML sitemap inventory; WordPress XML export; AIOSEO records; Elementor export; previous route/redirect/404 inventories","REVIEWED — FINAL ACTION ASSIGNED"
"https://rkrenosolution.com/service/architecture-design/","/service/architecture-design/","generated-route; YES — service-sitemap; internal links/navigation/footer/pagination; current crawl snapshot; WordPress XML/AIOSEO/Elementor/redirect and 404 inventories","200","Architecture Design - RK Reno Solution","service","301 redirect","YES — service-sitemap","36","YES — inspected rendered/content snapshot","https://rkrenosolution.com/services/","YES — intent consolidated at destination","DESTINATION DESIGN REVIEWED","YES — mapped by one-hop 301","MERGE_AND_301","/services/","Imported theme taxonomy/service intent is adequately served by the main Services page.","live metadata/render snapshot; full WordPress content snapshot and link/image analysis; XML sitemap inventory; WordPress XML export; AIOSEO records; Elementor export; previous route/redirect/404 inventories","REVIEWED — FINAL ACTION ASSIGNED"
"https://rkrenosolution.com/service/building-construction/","/service/building-construction/","generated-route; YES — service-sitemap; internal links/navigation/footer/pagination; current crawl snapshot; WordPress XML/AIOSEO/Elementor/redirect and 404 inventories","200","Building Construction - RK Reno Solution","service","301 redirect","YES — service-sitemap","36","YES — inspected rendered/content snapshot","https://rkrenosolution.com/services/","YES — intent consolidated at destination","DESTINATION DESIGN REVIEWED","YES — mapped by one-hop 301","MERGE_AND_301","/services/","Imported theme taxonomy/service intent is adequately served by the main Services page.","live metadata/render snapshot; full WordPress content snapshot and link/image analysis; XML sitemap inventory; WordPress XML export; AIOSEO records; Elementor export; previous route/redirect/404 inventories","REVIEWED — FINAL ACTION ASSIGNED"
"https://rkrenosolution.com/service/building-renovation/","/service/building-renovation/","generated-route; YES — service-sitemap; internal links/navigation/footer/pagination; current crawl snapshot; WordPress XML/AIOSEO/Elementor/redirect and 404 inventories","200","building renovation - RK Reno Solution","service","index,follow","YES — service-sitemap","32","YES — inspected rendered/content snapshot","https://rkrenosolution.com/service/building-renovation/","YES — genuine content represented","YES — close parity with documented safe differences","YES — continuity register reviewed","RETAIN_WITH_SAFE_DIFFERENCES","","Route has clear RK Reno business or search intent and should retain its approved content.","live metadata/render snapshot; full WordPress content snapshot and link/image analysis; XML sitemap inventory; WordPress XML export; AIOSEO records; Elementor export; previous route/redirect/404 inventories","REVIEWED — FINAL ACTION ASSIGNED"
"https://rkrenosolution.com/service/flooring-roofing/","/service/flooring-roofing/","generated-route; YES — service-sitemap; internal links/navigation/footer/pagination; current crawl snapshot; WordPress XML/AIOSEO/Elementor/redirect and 404 inventories","200","flooring & roofing - RK Reno Solution","service","301 redirect","YES — service-sitemap","36","YES — inspected rendered/content snapshot","https://rkrenosolution.com/services/","YES — intent consolidated at destination","DESTINATION DESIGN REVIEWED","YES — mapped by one-hop 301","MERGE_AND_301","/services/","Imported theme taxonomy/service intent is adequately served by the main Services page.","live metadata/render snapshot; full WordPress content snapshot and link/image analysis; XML sitemap inventory; WordPress XML export; AIOSEO records; Elementor export; previous route/redirect/404 inventories","REVIEWED — FINAL ACTION ASSIGNED"
"https://rkrenosolution.com/service/general-contracting/","/service/general-contracting/","generated-route; YES — service-sitemap; internal links/navigation/footer/pagination; current crawl snapshot; WordPress XML/AIOSEO/Elementor/redirect and 404 inventories","200","general contracting - RK Reno Solution","service","301 redirect","YES — service-sitemap","36","YES — inspected rendered/content snapshot","https://rkrenosolution.com/services/","YES — intent consolidated at destination","DESTINATION DESIGN REVIEWED","YES — mapped by one-hop 301","MERGE_AND_301","/services/","Imported theme taxonomy/service intent is adequately served by the main Services page.","live metadata/render snapshot; full WordPress content snapshot and link/image analysis; XML sitemap inventory; WordPress XML export; AIOSEO records; Elementor export; previous route/redirect/404 inventories","REVIEWED — FINAL ACTION ASSIGNED"
"https://rkrenosolution.com/service/repair-expand/","/service/repair-expand/","generated-route; YES — service-sitemap; internal links/navigation/footer/pagination; current crawl snapshot; WordPress XML/AIOSEO/Elementor/redirect and 404 inventories","200","repair & expand - RK Reno Solution","service","301 redirect","YES — service-sitemap","70","YES — inspected rendered/content snapshot","https://rkrenosolution.com/services/","YES — intent consolidated at destination","DESTINATION DESIGN REVIEWED","YES — mapped by one-hop 301","MERGE_AND_301","/services/","Imported theme taxonomy/service intent is adequately served by the main Services page.","live metadata/render snapshot; full WordPress content snapshot and link/image analysis; XML sitemap inventory; WordPress XML export; AIOSEO records; Elementor export; previous route/redirect/404 inventories","REVIEWED — FINAL ACTION ASSIGNED"
"https://rkrenosolution.com/services/","/services/","generated-route; YES — page-sitemap; internal links/navigation/footer/pagination; current crawl snapshot; WordPress XML/AIOSEO/Elementor/redirect and 404 inventories","200","Services - RK Reno Solution","page","index,follow","YES — page-sitemap","38","YES — inspected rendered/content snapshot","https://rkrenosolution.com/services/","YES — genuine content represented","YES — close parity with documented safe differences","YES — continuity register reviewed","RETAIN_WITH_SAFE_DIFFERENCES","","Route has clear RK Reno business or search intent and should retain its approved content.","live metadata/render snapshot; full WordPress content snapshot and link/image analysis; XML sitemap inventory; WordPress XML export; AIOSEO records; Elementor export; previous route/redirect/404 inventories","REVIEWED — FINAL ACTION ASSIGNED"
"https://rkrenosolution.com/services/%20https://rkrenosolution.com/about-us/","/services/%20https:/rkrenosolution.com/about-us/","production-404; internal links/navigation/footer/pagination; current crawl snapshot; WordPress XML/AIOSEO/Elementor/redirect and 404 inventories","404","Page not found – RK Reno Solution","page","301 redirect","NO","6","YES — inspected rendered/content snapshot","","NOT APPLICABLE — no live genuine page","NOT APPLICABLE","YES — remains non-indexable 404","EXISTING_404","","Malformed WordPress About link is not genuine content; originating Astro links are corrected and the invalid path remains absent.","live metadata/render snapshot; full WordPress content snapshot and link/image analysis; WordPress XML export; AIOSEO records; Elementor export; previous route/redirect/404 inventories","REVIEWED — FINAL ACTION ASSIGNED"
"https://rkrenosolution.com/servis-aircond-murah-kl-the-ultimate-2026-guide-to-a-colder-home/","/servis-aircond-murah-kl-the-ultimate-2026-guide-to-a-colder-home/","generated-route; YES — post-sitemap; internal links/navigation/footer/pagination; current crawl snapshot; WordPress XML/AIOSEO/Elementor/redirect and 404 inventories","200","Servis Aircond Murah KL: The Ultimate 2026 Guide to a Colder Home - RK Reno Solution","post","index,follow","YES — post-sitemap","18","YES — inspected rendered/content snapshot","https://rkrenosolution.com/servis-aircond-murah-kl-the-ultimate-2026-guide-to-a-colder-home/","YES — genuine content represented","YES — close parity with documented safe differences","YES — continuity register reviewed","RETAIN_WITH_SAFE_DIFFERENCES","","Route has clear RK Reno business or search intent and should retain its approved content.","live metadata/render snapshot; full WordPress content snapshot and link/image analysis; XML sitemap inventory; WordPress XML export; AIOSEO records; Elementor export; previous route/redirect/404 inventories","REVIEWED — FINAL ACTION ASSIGNED"
"https://rkrenosolution.com/servis-aircond-murah-kl/","/servis-aircond-murah-kl/","generated-route; YES — page-sitemap; internal links/navigation/footer/pagination; current crawl snapshot; WordPress XML/AIOSEO/Elementor/redirect and 404 inventories","200","Servis Aircond Murah KL - RK Reno Solution","page","index,follow","YES — page-sitemap","1","YES — inspected rendered/content snapshot","https://rkrenosolution.com/servis-aircond-murah-kl/","YES — genuine content represented","YES — close parity with documented safe differences","YES — continuity register reviewed","RETAIN_WITH_SAFE_DIFFERENCES","","Genuine priority content is retained; owner approval and shared-system review remain.","live metadata/render snapshot; full WordPress content snapshot and link/image analysis; XML sitemap inventory; WordPress XML export; AIOSEO records; Elementor export; previous route/redirect/404 inventories","REVIEWED — FINAL ACTION ASSIGNED"
"https://rkrenosolution.com/servis-cuci-rumah-kl-the-ultimate-2026-guide-to-a-spotless-home/","/servis-cuci-rumah-kl-the-ultimate-2026-guide-to-a-spotless-home/","generated-route; YES — post-sitemap; internal links/navigation/footer/pagination; current crawl snapshot; WordPress XML/AIOSEO/Elementor/redirect and 404 inventories","200","Servis Cuci Rumah KL: The Ultimate 2026 Guide to a Spotless Home - RK Reno Solution","post","index,follow","YES — post-sitemap","17","YES — inspected rendered/content snapshot","https://rkrenosolution.com/servis-cuci-rumah-kl-the-ultimate-2026-guide-to-a-spotless-home/","YES — genuine content represented","YES — close parity with documented safe differences","YES — continuity register reviewed","RETAIN_WITH_SAFE_DIFFERENCES","","Route has clear RK Reno business or search intent and should retain its approved content.","live metadata/render snapshot; full WordPress content snapshot and link/image analysis; XML sitemap inventory; WordPress XML export; AIOSEO records; Elementor export; previous route/redirect/404 inventories","REVIEWED — FINAL ACTION ASSIGNED"
"https://rkrenosolution.com/servis-cuci-rumah-kl/","/servis-cuci-rumah-kl/","generated-route; YES — page-sitemap; internal links/navigation/footer/pagination; current crawl snapshot; WordPress XML/AIOSEO/Elementor/redirect and 404 inventories","200","Servis Cuci Rumah KL - RK Reno Solution","page","index,follow","YES — page-sitemap","1","YES — inspected rendered/content snapshot","https://rkrenosolution.com/servis-cuci-rumah-kl/","YES — genuine content represented","YES — close parity with documented safe differences","YES — continuity register reviewed","RETAIN_WITH_SAFE_DIFFERENCES","","Route has clear RK Reno business or search intent and should retain its approved content.","live metadata/render snapshot; full WordPress content snapshot and link/image analysis; XML sitemap inventory; WordPress XML export; AIOSEO records; Elementor export; previous route/redirect/404 inventories","REVIEWED — FINAL ACTION ASSIGNED"
"https://rkrenosolution.com/shop/","/shop/","generated-route; YES — page-sitemap; internal links/navigation/footer/pagination; current crawl snapshot; WordPress XML/AIOSEO/Elementor/redirect and 404 inventories","200","Shop - RK Reno Solution","page","gone (410)","YES — page-sitemap","28","YES — inspected rendered/content snapshot","","NOT APPLICABLE — excluded demo/plugin/ecommerce content","NOT APPLICABLE","YES — explicit 410 decision","REMOVE_AND_410","","Imported WooCommerce content; no evidence RK Reno sells these products online.","live metadata/render snapshot; full WordPress content snapshot and link/image analysis; XML sitemap inventory; WordPress XML export; AIOSEO records; Elementor export; previous route/redirect/404 inventories","REVIEWED — FINAL ACTION ASSIGNED"
"https://rkrenosolution.com/tag/aircond-maintenance/","/tag/aircond-maintenance/","generated-route; internal links/navigation/footer/pagination; current crawl snapshot; WordPress XML/AIOSEO/Elementor/redirect and 404 inventories","200","Aircond Maintenance - RK Reno Solution","taxonomy","301 redirect (future VPS)","NO","2","YES — inspected rendered/content snapshot","https://rkrenosolution.com/servis-aircond-murah-kl-the-ultimate-2026-guide-to-a-colder-home/","YES — intent consolidated at destination","DESTINATION DESIGN REVIEWED","YES — mapped by one-hop 301","MERGE_AND_301","/servis-aircond-murah-kl-the-ultimate-2026-guide-to-a-colder-home/","The servicing guide directly satisfies the tag intent; a separate one-card archive adds no navigation value.","live metadata/render snapshot; full WordPress content snapshot and link/image analysis; WordPress XML export; AIOSEO records; Elementor export; previous route/redirect/404 inventories","REVIEWED — FINAL ACTION ASSIGNED"
"https://rkrenosolution.com/tag/ceiling-works/","/tag/ceiling-works/","generated-route; YES — post_tag-sitemap; internal links/navigation/footer/pagination; current crawl snapshot; WordPress XML/AIOSEO/Elementor/redirect and 404 inventories","200","Ceiling Works - RK Reno Solution","taxonomy","301 redirect","YES — post_tag-sitemap","2","YES — inspected rendered/content snapshot","https://rkrenosolution.com/tag/interior-finishing/","YES — intent consolidated at destination","DESTINATION DESIGN REVIEWED","YES — mapped by one-hop 301","MERGE_AND_301","/tag/interior-finishing/","Exact duplicate thin archive; consolidate directly on the retained interior-finishing archive to avoid a redirect chain. Linked unique article count: 1; unique introduction not established.","live metadata/render snapshot; full WordPress content snapshot and link/image analysis; XML sitemap inventory; WordPress XML export; AIOSEO records; Elementor export; previous route/redirect/404 inventories","REVIEWED — FINAL ACTION ASSIGNED"
"https://rkrenosolution.com/tag/cleaning/","/tag/cleaning/","generated-route; internal links/navigation/footer/pagination; current crawl snapshot; WordPress XML/AIOSEO/Elementor/redirect and 404 inventories","200","Cleaning - RK Reno Solution","taxonomy","301 redirect (future VPS)","NO","2","YES — inspected rendered/content snapshot","https://rkrenosolution.com/category/servis-pembersihan/","YES — intent consolidated at destination","DESTINATION DESIGN REVIEWED","YES — mapped by one-hop 301","MERGE_AND_301","/category/servis-pembersihan/","The cleaning category preserves the same intent and adds the related deep-cleaning guide.","live metadata/render snapshot; full WordPress content snapshot and link/image analysis; WordPress XML export; AIOSEO records; Elementor export; previous route/redirect/404 inventories","REVIEWED — FINAL ACTION ASSIGNED"
"https://rkrenosolution.com/tag/guide/","/tag/guide/","generated-route; internal links/navigation/footer/pagination; current crawl snapshot; WordPress XML/AIOSEO/Elementor/redirect and 404 inventories","200","Guide - RK Reno Solution","taxonomy","301 redirect (future VPS)","NO","2","YES — inspected rendered/content snapshot","https://rkrenosolution.com/blog/","YES — intent consolidated at destination","DESTINATION DESIGN REVIEWED","YES — mapped by one-hop 301","MERGE_AND_301","/blog/","The primary blog archive is the genuine browsing destination for guides; the broad tag has no distinct subject.","live metadata/render snapshot; full WordPress content snapshot and link/image analysis; WordPress XML export; AIOSEO records; Elementor export; previous route/redirect/404 inventories","REVIEWED — FINAL ACTION ASSIGNED"
"https://rkrenosolution.com/tag/interior-finishing/","/tag/interior-finishing/","generated-route; internal links/navigation/footer/pagination; current crawl snapshot; WordPress XML/AIOSEO/Elementor/redirect and 404 inventories","200","Interior Finishing - RK Reno Solution","taxonomy","noindex,follow","NO","3","YES — inspected rendered/content snapshot","https://rkrenosolution.com/tag/interior-finishing/","YES — genuine content represented","YES — close parity with documented safe differences","YES — continuity register reviewed","RETAIN_WITH_SAFE_DIFFERENCES","","Two retained finishing-related guides support a focused archive with a more accurate title than interior design.","live metadata/render snapshot; full WordPress content snapshot and link/image analysis; WordPress XML export; AIOSEO records; Elementor export; previous route/redirect/404 inventories","REVIEWED — FINAL ACTION ASSIGNED"
"https://rkrenosolution.com/tag/kuala-lumpur/","/tag/kuala-lumpur/","generated-route; YES — post_tag-sitemap; internal links/navigation/footer/pagination; current crawl snapshot; WordPress XML/AIOSEO/Elementor/redirect and 404 inventories","200","Kuala Lumpur - RK Reno Solution","taxonomy","301 redirect","YES — post_tag-sitemap","2","YES — inspected rendered/content snapshot","https://rkrenosolution.com/category/servis-pembersihan/","YES — intent consolidated at destination","DESTINATION DESIGN REVIEWED","YES — mapped by one-hop 301","MERGE_AND_301","/category/servis-pembersihan/","Exact duplicate thin archive; consolidate on the stronger category route. Linked unique article count: 1; unique introduction not established.","live metadata/render snapshot; full WordPress content snapshot and link/image analysis; XML sitemap inventory; WordPress XML export; AIOSEO records; Elementor export; previous route/redirect/404 inventories","REVIEWED — FINAL ACTION ASSIGNED"
"https://rkrenosolution.com/tag/office-fit-out/","/tag/office-fit-out/","generated-route; internal links/navigation/footer/pagination; current crawl snapshot; WordPress XML/AIOSEO/Elementor/redirect and 404 inventories","200","Office Fit-Out - RK Reno Solution","taxonomy","noindex,follow","NO","2","YES — inspected rendered/content snapshot","https://rkrenosolution.com/tag/office-fit-out/","YES — genuine content represented","YES — close parity with documented safe differences","YES — continuity register reviewed","RETAIN_WITH_SAFE_DIFFERENCES","","Two office fit-out guides provide a meaningful location-focused grouping.","live metadata/render snapshot; full WordPress content snapshot and link/image analysis; WordPress XML export; AIOSEO records; Elementor export; previous route/redirect/404 inventories","REVIEWED — FINAL ACTION ASSIGNED"
"https://rkrenosolution.com/tag/pemasangan-aircond/","/tag/pemasangan-aircond/","generated-route; internal links/navigation/footer/pagination; current crawl snapshot; WordPress XML/AIOSEO/Elementor/redirect and 404 inventories","200","Pemasangan Aircond - RK Reno Solution","taxonomy","301 redirect (future VPS)","NO","1","YES — inspected rendered/content snapshot","https://rkrenosolution.com/upah-pasang-aircond-selangor-panduan-harga-pemasangan-2026/","YES — intent consolidated at destination","DESTINATION DESIGN REVIEWED","YES — mapped by one-hop 301","MERGE_AND_301","/upah-pasang-aircond-selangor-panduan-harga-pemasangan-2026/","The retained aircond installation guide directly satisfies the old tag intent.","live metadata/render snapshot; full WordPress content snapshot and link/image analysis; WordPress XML export; AIOSEO records; Elementor export; previous route/redirect/404 inventories","REVIEWED — FINAL ACTION ASSIGNED"
"https://rkrenosolution.com/tag/waterproofing/","/tag/waterproofing/","generated-route; internal links/navigation/footer/pagination; current crawl snapshot; WordPress XML/AIOSEO/Elementor/redirect and 404 inventories","200","Waterproofing - RK Reno Solution","taxonomy","noindex,follow","NO","3","YES — inspected rendered/content snapshot","https://rkrenosolution.com/tag/waterproofing/","YES — genuine content represented","YES — close parity with documented safe differences","YES — continuity register reviewed","RETAIN_WITH_SAFE_DIFFERENCES","","Two complementary waterproofing articles provide clear topic navigation and service context.","live metadata/render snapshot; full WordPress content snapshot and link/image analysis; WordPress XML export; AIOSEO records; Elementor export; previous route/redirect/404 inventories","REVIEWED — FINAL ACTION ASSIGNED"
"https://rkrenosolution.com/tag/wiring/","/tag/wiring/","generated-route; YES — post_tag-sitemap; internal links/navigation/footer/pagination; current crawl snapshot; WordPress XML/AIOSEO/Elementor/redirect and 404 inventories","200","Wiring - RK Reno Solution","taxonomy","301 redirect","YES — post_tag-sitemap","2","YES — inspected rendered/content snapshot","https://rkrenosolution.com/category/technical-guides/","YES — intent consolidated at destination","DESTINATION DESIGN REVIEWED","YES — mapped by one-hop 301","MERGE_AND_301","/category/technical-guides/","Exact duplicate thin archive; consolidate on the stronger category route. Linked unique article count: 1; unique introduction not established.","live metadata/render snapshot; full WordPress content snapshot and link/image analysis; XML sitemap inventory; WordPress XML export; AIOSEO records; Elementor export; previous route/redirect/404 inventories","REVIEWED — FINAL ACTION ASSIGNED"
"https://rkrenosolution.com/team-detail/","/team-detail/","generated-route; YES — page-sitemap; internal links/navigation/footer/pagination; current crawl snapshot; WordPress XML/AIOSEO/Elementor/redirect and 404 inventories","200","Team Detail - RK Reno Solution","page","gone (410)","YES — page-sitemap","46","YES — inspected rendered/content snapshot","","NOT APPLICABLE — excluded demo/plugin/ecommerce content","NOT APPLICABLE","YES — explicit 410 decision","REMOVE_AND_410","","Imported or obsolete utility content has no verified business purpose.","live metadata/render snapshot; full WordPress content snapshot and link/image analysis; XML sitemap inventory; WordPress XML export; AIOSEO records; Elementor export; previous route/redirect/404 inventories","REVIEWED — FINAL ACTION ASSIGNED"
"https://rkrenosolution.com/testimonials/","/testimonials/","generated-route; YES — page-sitemap; internal links/navigation/footer/pagination; current crawl snapshot; WordPress XML/AIOSEO/Elementor/redirect and 404 inventories","200","Testimonials - RK Reno Solution","page","noindex,follow","YES — page-sitemap","2","YES — inspected rendered/content snapshot","","PENDING OWNER EVIDENCE","PENDING OWNER EVIDENCE","PENDING OWNER DECISION","OWNER_DECISION_REQUIRED","","Identity, history, testimonials, or project claims require owner-supplied authentic content.","live metadata/render snapshot; full WordPress content snapshot and link/image analysis; XML sitemap inventory; WordPress XML export; AIOSEO records; Elementor export; previous route/redirect/404 inventories","REVIEWED — OWNER DECISION PENDING"
"https://rkrenosolution.com/thank-you/","/thank-you/","generated-route; YES — page-sitemap; current crawl snapshot; WordPress XML/AIOSEO/Elementor/redirect and 404 inventories","200","Thank You - RK Reno Solution","page","noindex,follow","YES — page-sitemap","0","YES — inspected rendered/content snapshot","https://rkrenosolution.com/thank-you/","YES — genuine content represented","YES — close parity with documented safe differences","YES — continuity register reviewed","RETAIN_WITH_SAFE_DIFFERENCES","","Useful form-flow utility; keep out of search results.","live metadata/render snapshot; full WordPress content snapshot and link/image analysis; XML sitemap inventory; WordPress XML export; AIOSEO records; Elementor export; previous route/redirect/404 inventories","REVIEWED — FINAL ACTION ASSIGNED"
"https://rkrenosolution.com/upah-pasang-aircond-selangor-panduan-harga-pemasangan-2026/","/upah-pasang-aircond-selangor-panduan-harga-pemasangan-2026/","generated-route; YES — post-sitemap; internal links/navigation/footer/pagination; current crawl snapshot; WordPress XML/AIOSEO/Elementor/redirect and 404 inventories","200","Upah Pasang Aircond Selangor 2026 | Harga & Pemasangan","post","index,follow","YES — post-sitemap","62","YES — inspected rendered/content snapshot","https://rkrenosolution.com/upah-pasang-aircond-selangor-panduan-harga-pemasangan-2026/","YES — genuine content represented","YES — close parity with documented safe differences","YES — continuity register reviewed","RETAIN_WITH_SAFE_DIFFERENCES","","Genuine priority content is retained; owner approval and shared-system review remain.","live metadata/render snapshot; full WordPress content snapshot and link/image analysis; XML sitemap inventory; WordPress XML export; AIOSEO records; Elementor export; previous route/redirect/404 inventories","REVIEWED — FINAL ACTION ASSIGNED"
"https://rkrenosolution.com/upah-pasang-aircond-selangor/","/upah-pasang-aircond-selangor/","generated-route; YES — page-sitemap; internal links/navigation/footer/pagination; current crawl snapshot; WordPress XML/AIOSEO/Elementor/redirect and 404 inventories","200","Aircond Installation Selangor | Upah Pasang Aircond","page","index,follow","YES — page-sitemap","9","YES — inspected rendered/content snapshot","https://rkrenosolution.com/upah-pasang-aircond-selangor/","YES — genuine content represented","YES — close parity with documented safe differences","YES — continuity register reviewed","RETAIN_WITH_SAFE_DIFFERENCES","","Genuine priority content is retained; owner approval and shared-system review remain.","live metadata/render snapshot; full WordPress content snapshot and link/image analysis; XML sitemap inventory; WordPress XML export; AIOSEO records; Elementor export; previous route/redirect/404 inventories","REVIEWED — FINAL ACTION ASSIGNED"
"https://rkrenosolution.com/waterproofing-contractor-kuala-lumpur-the-complete-guide-to-stopping-leaks-2026/","/waterproofing-contractor-kuala-lumpur-the-complete-guide-to-stopping-leaks-2026/","generated-route; YES — post-sitemap; internal links/navigation/footer/pagination; current crawl snapshot; WordPress XML/AIOSEO/Elementor/redirect and 404 inventories","200","Waterproofing Contractor Kuala Lumpur: The Complete Guide to Stopping Leaks (2026) - RK Reno Solution","post","index,follow","YES — post-sitemap","73","YES — inspected rendered/content snapshot","https://rkrenosolution.com/waterproofing-contractor-kuala-lumpur-the-complete-guide-to-stopping-leaks-2026/","YES — genuine content represented","YES — close parity with documented safe differences","YES — continuity register reviewed","RETAIN_WITH_SAFE_DIFFERENCES","","Route has clear RK Reno business or search intent and should retain its approved content.","live metadata/render snapshot; full WordPress content snapshot and link/image analysis; XML sitemap inventory; WordPress XML export; AIOSEO records; Elementor export; previous route/redirect/404 inventories","REVIEWED — FINAL ACTION ASSIGNED"
"https://rkrenosolution.com/waterproofing-contractor-kuala-lumpur/","/waterproofing-contractor-kuala-lumpur/","generated-route; YES — page-sitemap; internal links/navigation/footer/pagination; current crawl snapshot; WordPress XML/AIOSEO/Elementor/redirect and 404 inventories","200","Waterproofing Contractor Kuala Lumpur - RK Reno Solution","page","index,follow","YES — page-sitemap","5","YES — inspected rendered/content snapshot","https://rkrenosolution.com/waterproofing-contractor-kuala-lumpur/","YES — genuine content represented","YES — close parity with documented safe differences","YES — continuity register reviewed","RETAIN_WITH_SAFE_DIFFERENCES","","Route has clear RK Reno business or search intent and should retain its approved content.","live metadata/render snapshot; full WordPress content snapshot and link/image analysis; XML sitemap inventory; WordPress XML export; AIOSEO records; Elementor export; previous route/redirect/404 inventories","REVIEWED — FINAL ACTION ASSIGNED"
"https://rkrenosolution.com/wishlist/","/wishlist/","generated-route; YES — page-sitemap; internal links/navigation/footer/pagination; current crawl snapshot; WordPress XML/AIOSEO/Elementor/redirect and 404 inventories","200","Wishlist - RK Reno Solution","page","gone (410)","YES — page-sitemap","1","YES — inspected rendered/content snapshot","","NOT APPLICABLE — excluded demo/plugin/ecommerce content","NOT APPLICABLE","YES — explicit 410 decision","REMOVE_AND_410","","Imported WooCommerce content; no evidence RK Reno sells these products online.","live metadata/render snapshot; full WordPress content snapshot and link/image analysis; XML sitemap inventory; WordPress XML export; AIOSEO records; Elementor export; previous route/redirect/404 inventories","REVIEWED — FINAL ACTION ASSIGNED"
"https://rkrenosolution.com/home-2/","/wp-content/uploads/2025/01/home.svg","internal-link; current crawl snapshot; WordPress XML/AIOSEO/Elementor/redirect and 404 inventories","200","","page","gone (410)","NO","0","YES — inspected rendered/content snapshot","","NOT APPLICABLE — excluded demo/plugin/ecommerce content","NOT APPLICABLE","YES — explicit 410 decision","REMOVE_AND_410","","Theme-demo alias/asset is not a public RK Reno content page.","live metadata/render snapshot; full WordPress content snapshot and link/image analysis; WordPress XML export; AIOSEO records; Elementor export; previous route/redirect/404 inventories","REVIEWED — FINAL ACTION ASSIGNED"
