"Route","Signal","WordPress value","Astro production value","Match status","Difference type","Action","Reason"
"/","Meta description","RK Reno Solution Reliable Renovation Contractor in KL & Selangor Transform your home, office, or commercial space with RK Reno Solution. We provide renovation, waterproofing, plaster ceiling, aircond installation, and cleaning services with practical planning, skilled workmanship, and clear communication from start to finish. Our Services Get Free Consultation TRUSTED BY 1,250+ HAPPY CUSTOMERS 1","RK Reno Solution helps homeowners and businesses plan renovation, aircond, electrical, waterproofing and related property work with clear communication from the first site discussion.","INTENTIONAL_CORRECTION","TECHNICAL_IMPLEMENTATION_DIFFERENCE","PRESERVE_APPROVED_ASTRO","Static Astro uses non-animated cards instead of Elementor carousel motion"
"/","Robots","max-image-preview:large","index, follow","EQUIVALENT_SAFE","TECHNICAL_IMPLEMENTATION_DIFFERENCE","PRESERVE_APPROVED_ASTRO","The Astro control is explicit and matches the approved production indexing strategy."
"/","Main headings","H1:Reliable Renovation Contractor in KL & Selangor | H1:Practical Renovation Solutions for Better Spaces | H5:Smart Work Planning | H5:Skilled Service Team | H5:Have questions? Call Us: | H1:Renovation, Repair & Installation Services in KL and Selangor | H4:Pakej Deep Cleaning Rumah KL (Termasuk Pre-Hari Raya) | H4:Commercial Retail Shop Renovation in Kuala Lumpur | H4:PU Injection Waterproofing KL: How to Fix Wall Cracks Permanently | H4:Office Renovation Petaling Jaya: Corporate Fit-Out Experts | H4:Waterproofing Contractor Kuala Lumpur: The Complete Guide to Stopping Leaks (2026) | H4:Upah Pasang Aircond Selangor: Panduan Harga & Pemasangan (2026) | H1:Reliable Service for Homes, Offices & Commercial Spaces | H3:Local Service Experience | H3:Clean & Careful Workmanship | H3:Clear Communication | H1:How We Handle Your Project | H5:Inquiry & Consultation | H2:Steps | H5:Site Check & Quotation | H5:Work Planning & Execution | H5:Completion & Handover | H3:Ready to improve your space? | H3:Get In Touch With Us | H1:What Customers Say About RK Reno Solution | H3:Homeowner in Selangor | H3:Business Owner in Kuala Lumpur | H3:Property Owner in KL | H1:Need Renovation or Repair Work?","H1:Reliable Renovation Contractor in KL & Selangor | H2:Practical Renovation Solutions for Better Spaces | H3:Smart Work Planning | H3:Skilled Service Team | H2:Renovation, Repair & Installation Services in KL and Selangor | H3:PU Injection Waterproofing KL: How to Fix Wall Cracks Permanently | H3:Office Renovation Petaling Jaya: Corporate Fit-Out Experts | H3:Waterproofing Contractor Kuala Lumpur: The Complete Guide to Stopping Leaks (2026) | H3:Upah Pasang Aircond Selangor: Panduan Harga & Pemasangan (2026) | H3:Pakej Deep Cleaning Rumah KL (Termasuk Pre-Hari Raya) | H3:Commercial Retail Shop Renovation in Kuala Lumpur | H2:Reliable Service for Homes, Offices & Commercial Spaces | H3:Local Service Experience | H3:Clean & Careful Workmanship | H3:Clear Communication | H2:How We Handle Your Project | H3:Inquiry & Consultation | H3:Site Check & Quotation | H3:Work Planning & Execution | H3:Completion & Handover | H2:Get In Touch With Us | H2:What Customers Say About RK Reno Solution | H2:Need Renovation or Repair Work?","INTENTIONAL_CORRECTION","TECHNICAL_IMPLEMENTATION_DIFFERENCE","PRESERVE_APPROVED_ASTRO","Static Astro uses non-animated cards instead of Elementor carousel motion"
"/","Open Graph description","RK Reno Solution Reliable Renovation Contractor in KL & Selangor Transform your home, office, or commercial space with RK Reno Solution. We provide renovation, waterproofing, plaster ceiling, aircond installation, and cleaning services with practical planning, skilled workmanship, and clear communication from start to finish. Our Services Get Free Consultation TRUSTED BY 1,250+ HAPPY CUSTOMERS 1","RK Reno Solution helps homeowners and businesses plan renovation, aircond, electrical, waterproofing and related property work with clear communication from the first site discussion.","INTENTIONAL_CORRECTION","TECHNICAL_IMPLEMENTATION_DIFFERENCE","PRESERVE_APPROVED_ASTRO","Static Astro uses non-animated cards instead of Elementor carousel motion"
"/","Open Graph image","https://rkrenosolution.com/wp-content/uploads/2026/03/RK-Reno-Solutions-Logo.png","https://rkrenosolution.com/assets/media/RK-Reno-Solutions-Logo-942f64bb.png","INTENTIONAL_CORRECTION","TECHNICAL_IMPLEMENTATION_DIFFERENCE","PRESERVE_APPROVED_ASTRO","Static Astro uses non-animated cards instead of Elementor carousel motion"
"/","Schema types","BreadcrumbList | Organization | WebPage | WebSite","WebPage","EQUIVALENT_SAFE","TECHNICAL_IMPLEMENTATION_DIFFERENCE","PRESERVE_APPROVED_ASTRO","The Astro control is explicit and matches the approved production indexing strategy."
"/","Published date","2025-03-26T02:58:50+00:00","","INTENTIONAL_CORRECTION","TECHNICAL_IMPLEMENTATION_DIFFERENCE","PRESERVE_APPROVED_ASTRO","Static Astro uses non-animated cards instead of Elementor carousel motion"
"/","Modified date","2026-05-21T12:12:21+00:00","","INTENTIONAL_CORRECTION","TECHNICAL_IMPLEMENTATION_DIFFERENCE","PRESERVE_APPROVED_ASTRO","Static Astro uses non-animated cards instead of Elementor carousel motion"
"/","Sitemap presence","FALSE","TRUE","EQUIVALENT_SAFE","TECHNICAL_IMPLEMENTATION_DIFFERENCE","PRESERVE_APPROVED_ASTRO","The Astro control is explicit and matches the approved production indexing strategy."
"/","Important internal links","/services/ | /contact-us/ | /about-us/ | /pakej-deep-cleaning-rumah-kl-termasuk-pre-hari-raya/ | /category/maintenance/ | /category/servis-pembersihan/ | /commercial-retail-shop-renovation-in-kuala-lumpur/ | /category/renovation/ | /pu-injection-waterproofing-kl-how-to-fix-wall-cracks-permanently/ | /office-renovation-petaling-jaya-corporate-fit-out-experts/ | /category/commercial/ | /waterproofing-contractor-kuala-lumpur-the-complete-guide-to-stopping-leaks-2026/ | /upah-pasang-aircond-selangor-panduan-harga-pemasangan-2026/ | /category/hvac-guides/","/services/ | /contact-us/ | /about-us/ | /pu-injection-waterproofing-kl-how-to-fix-wall-cracks-permanently/ | /office-renovation-petaling-jaya-corporate-fit-out-experts/ | /waterproofing-contractor-kuala-lumpur-the-complete-guide-to-stopping-leaks-2026/ | /upah-pasang-aircond-selangor-panduan-harga-pemasangan-2026/ | /pakej-deep-cleaning-rumah-kl-termasuk-pre-hari-raya/ | /commercial-retail-shop-renovation-in-kuala-lumpur/","INTENTIONAL_CORRECTION","TECHNICAL_IMPLEMENTATION_DIFFERENCE","PRESERVE_APPROVED_ASTRO","Static Astro uses non-animated cards instead of Elementor carousel motion"
"/","Main visible content","8a9e895ba996f67c21c5e6af461b38d4b5755d34a80197976403181bd7f5d783","fc94d260a693ec5576505e40ae9e0667673bf5f37c06110573d5076add95f02d","INTENTIONAL_CORRECTION","TECHNICAL_IMPLEMENTATION_DIFFERENCE","PRESERVE_APPROVED_ASTRO","Static Astro uses non-animated cards instead of Elementor carousel motion"
"/","Image references","https://rkrenosolution.com/wp-content/uploads/2026/05/RK-Reno-Solution-contractor-reviewing-renovation-project.jpeg | https://rkrenosolution.com/wp-content/uploads/2026/05/Modern-building-renovation-and-property-improvement.jpeg | https://rkrenosolution.com/wp-content/uploads/2025/03/home6-bg-04.png | https://rkrenosolution.com/wp-content/uploads/2026/05/Construction-workers-discussing-renovation-plans.jpeg | https://rkrenosolution.com/wp-content/uploads/2025/01/avartar1-90x90.webp | https://rkrenosolution.com/wp-content/uploads/2025/03/home7-img7.webp","/assets/media/RK-Reno-Solution-contractor-reviewing-renovation-projec-1fc54dc9.jpg | /assets/media/Plaster-ceiling-and-aircond-installation-dd789b38.jpg | /assets/media/Bathroom-waterproofing-service-in-KL-3293ca94.jpg | /assets/media/Office-renovation-service-in-Selangor-7928d19d.jpg | /assets/media/Bathroom-waterproofing-service-in-KL-3293ca94.jpg | /assets/media/owner/rk-reno-aircond-outdoor-condenser-720.webp | /assets/media/detailed-kitchen-cleaning-kl-67669628.jpg | /assets/media/Renovation-contractor-for-commercial-buildings-93583952.jpg | /assets/media/Modern-building-renovation-and-property-improvement-b1ec6039.jpg | /assets/media/Construction-workers-discussing-renovation-plans-092133b6.jpg | /assets/media/avartar1-90x90-68065c41.webp | /assets/media/avartar1-90x90-68065c41.webp | /assets/media/avartar1-90x90-68065c41.webp | /assets/media/home7-img7-f8f5cbc2.webp","INTENTIONAL_CORRECTION","TECHNICAL_IMPLEMENTATION_DIFFERENCE","PRESERVE_APPROVED_ASTRO","Static Astro uses non-animated cards instead of Elementor carousel motion"
"/services/","Meta description","Property Services Done with Care and Clear Planning Whether you need renovation, repair, ceiling work, leakage solutions, aircond installation, or cleaning service, our team starts by understanding your space, checking the work needed, and guiding you with the right service approach. Site Checking We review your space and service requirement before starting, so the work","Explore renovation, repair, installation and maintenance services for residential and commercial properties in Kuala Lumpur and Selangor.","INTENTIONAL_CORRECTION","TECHNICAL_IMPLEMENTATION_DIFFERENCE","PRESERVE_APPROVED_ASTRO","No meaningful correctable difference remains"
"/services/","Robots","max-image-preview:large","index, follow","EQUIVALENT_SAFE","TECHNICAL_IMPLEMENTATION_DIFFERENCE","PRESERVE_APPROVED_ASTRO","The Astro control is explicit and matches the approved production indexing strategy."
"/services/","H1","","Services","INTENTIONAL_CORRECTION","TECHNICAL_IMPLEMENTATION_DIFFERENCE","PRESERVE_APPROVED_ASTRO","No meaningful correctable difference remains"
"/services/","Main headings","H2:Property Services Done with Care and Clear Planning | H3:Site Checking | H3:Workmanship | H3:Clear Communication | H2:Renovation, Repair & Installation Services in KL and Selangor | H4:Pakej Deep Cleaning Rumah KL (Termasuk Pre-Hari Raya) | H4:Commercial Retail Shop Renovation in Kuala Lumpur | H4:PU Injection Waterproofing KL: How to Fix Wall Cracks Permanently | H4:Office Renovation Petaling Jaya: Corporate Fit-Out Experts | H4:Waterproofing Contractor Kuala Lumpur: The Complete Guide to Stopping Leaks (2026) | H4:Upah Pasang Aircond Selangor: Panduan Harga & Pemasangan (2026)","H1:Services | H2:Property Services Done With Care and Clear Planning | H2:Site Checking | H2:Workmanship | H2:Clear Communication | H2:Renovation, Repair & Installation Services in KL and Selangor | H3:Building Renovation | H3:House Renovation in Kuala Lumpur | H3:House Renovation in Selangor | H3:Office Renovation | H3:Aircond Installation KL | H3:Aircond Installation Selangor | H2:Practical Information for Your Property Work | H3:Pakej Deep Cleaning Rumah KL: Scope and Enquiry Guide | H3:Commercial Retail Shop Renovation in Kuala Lumpur | H3:PU Injection Waterproofing KL: Crack and Leak Repair Guide | H3:Office Renovation Petaling Jaya: Corporate Fit-Out Planning | H3:Waterproofing Contractor Kuala Lumpur: Leak Inspection Guide (2026) | H3:Upah Pasang Aircond Selangor: Panduan Harga & Pemasangan | H2:Ready to Work Together?","INTENTIONAL_CORRECTION","TECHNICAL_IMPLEMENTATION_DIFFERENCE","PRESERVE_APPROVED_ASTRO","No meaningful correctable difference remains"
"/services/","Open Graph description","Property Services Done with Care and Clear Planning Whether you need renovation, repair, ceiling work, leakage solutions, aircond installation, or cleaning service, our team starts by understanding your space, checking the work needed, and guiding you with the right service approach. Site Checking We review your space and service requirement before starting, so the work","Explore renovation, repair, installation and maintenance services for residential and commercial properties in Kuala Lumpur and Selangor.","INTENTIONAL_CORRECTION","TECHNICAL_IMPLEMENTATION_DIFFERENCE","PRESERVE_APPROVED_ASTRO","No meaningful correctable difference remains"
"/services/","Open Graph image","https://rkrenosolution.com/wp-content/uploads/2026/03/RK-Reno-Solutions-Logo.png","https://rkrenosolution.com/assets/media/RK-Reno-Solutions-Logo-942f64bb.png","INTENTIONAL_CORRECTION","TECHNICAL_IMPLEMENTATION_DIFFERENCE","PRESERVE_APPROVED_ASTRO","No meaningful correctable difference remains"
"/services/","Schema types","BreadcrumbList | Organization | WebPage | WebSite","WebPage","EQUIVALENT_SAFE","TECHNICAL_IMPLEMENTATION_DIFFERENCE","PRESERVE_APPROVED_ASTRO","The Astro control is explicit and matches the approved production indexing strategy."
"/services/","Published date","2025-01-14T07:15:28+00:00","","INTENTIONAL_CORRECTION","TECHNICAL_IMPLEMENTATION_DIFFERENCE","PRESERVE_APPROVED_ASTRO","No meaningful correctable difference remains"
"/services/","Modified date","2026-05-21T15:44:26+00:00","","INTENTIONAL_CORRECTION","TECHNICAL_IMPLEMENTATION_DIFFERENCE","PRESERVE_APPROVED_ASTRO","No meaningful correctable difference remains"
"/services/","Sitemap presence","FALSE","TRUE","EQUIVALENT_SAFE","TECHNICAL_IMPLEMENTATION_DIFFERENCE","PRESERVE_APPROVED_ASTRO","The Astro control is explicit and matches the approved production indexing strategy."
"/services/","Important internal links","/about-us/ | /category/maintenance/ | /category/servis-pembersihan/ | /pakej-deep-cleaning-rumah-kl-termasuk-pre-hari-raya/ | /category/renovation/ | /commercial-retail-shop-renovation-in-kuala-lumpur/ | /pu-injection-waterproofing-kl-how-to-fix-wall-cracks-permanently/ | /category/commercial/ | /office-renovation-petaling-jaya-corporate-fit-out-experts/ | /waterproofing-contractor-kuala-lumpur-the-complete-guide-to-stopping-leaks-2026/ | /category/hvac-guides/ | /upah-pasang-aircond-selangor-panduan-harga-pemasangan-2026/","/ | /contact-us/ | /service/building-renovation/ | /house-renovation-in-kuala-lumpur/ | /house-renovation-in-selangor/ | /office-renovation-in-kuala-lumpur/ | /aircond-installation-kl/ | /upah-pasang-aircond-selangor/ | /services/ | /faq/ | /home-renovation-contractor-in-subang-jaya/ | /pakej-deep-cleaning-rumah-kl-termasuk-pre-hari-raya/ | /commercial-retail-shop-renovation-in-kuala-lumpur/ | /pu-injection-waterproofing-kl-how-to-fix-wall-cracks-permanently/ | /office-renovation-petaling-jaya-corporate-fit-out-experts/ | /waterproofing-contractor-kuala-lumpur-the-complete-guide-to-stopping-leaks-2026/ | /upah-pasang-aircond-selangor-panduan-harga-pemasangan-2026/","INTENTIONAL_CORRECTION","TECHNICAL_IMPLEMENTATION_DIFFERENCE","PRESERVE_APPROVED_ASTRO","No meaningful correctable difference remains"
"/services/","Main visible content","4dd0c34359de37e57203d2cc31e578834fa680c1b3b7fc3d65ad10dfed45c8e9","5151400174e7bdf6a57107f64fa9d3acd084d652eff4c1e8e610ff9f534f8aaf","INTENTIONAL_CORRECTION","TECHNICAL_IMPLEMENTATION_DIFFERENCE","PRESERVE_APPROVED_ASTRO","No meaningful correctable difference remains"
"/services/","Image references","https://rkrenosolution.com/wp-content/uploads/2026/05/Renovation-contractor-for-commercial-buildings.jpeg | https://secure.gravatar.com/avatar/4c7a7e136a0e22539059a09b5784869ac34f14870c8711497f9feb22be355403?s=96&d=mm&r=g | https://secure.gravatar.com/avatar/4c7a7e136a0e22539059a09b5784869ac34f14870c8711497f9feb22be355403?s=96&d=mm&r=g | https://secure.gravatar.com/avatar/4c7a7e136a0e22539059a09b5784869ac34f14870c8711497f9feb22be355403?s=96&d=mm&r=g | https://secure.gravatar.com/avatar/4c7a7e136a0e22539059a09b5784869ac34f14870c8711497f9feb22be355403?s=96&d=mm&r=g | https://secure.gravatar.com/avatar/4c7a7e136a0e22539059a09b5784869ac34f14870c8711497f9feb22be355403?s=96&d=mm&r=g | https://secure.gravatar.com/avatar/4c7a7e136a0e22539059a09b5784869ac34f14870c8711497f9feb22be355403?s=96&d=mm&r=g","/assets/media/Renovation-contractor-for-commercial-buildings-93583952.jpg | /assets/media/detailed-kitchen-cleaning-kl-67669628.jpg | /assets/media/Renovation-contractor-for-commercial-buildings-93583952.jpg | /assets/media/Bathroom-waterproofing-service-in-KL-3293ca94.jpg | /assets/media/Office-renovation-service-in-Selangor-7928d19d.jpg | /assets/media/Bathroom-waterproofing-service-in-KL-3293ca94.jpg | /assets/media/owner/rk-reno-aircond-outdoor-condenser-720.webp | /assets/media/home7-img7-f8f5cbc2.webp","INTENTIONAL_CORRECTION","TECHNICAL_IMPLEMENTATION_DIFFERENCE","PRESERVE_APPROVED_ASTRO","No meaningful correctable difference remains"
"/about-us/","Meta description","1 year of experience Who We Are RK Reno Solution is a Kuala Lumpur based renovation and service team helping homeowners and business owners improve their spaces with practical, reliable, and clean workmanship. Our Mission Our mission is to make renovation, repair, and installation work simple for customers by offering clear guidance, proper site checking, and","RK Reno Solution is a Kuala Lumpur–based renovation and property-service business supporting homeowners and business owners across KL and Selangor.","INTENTIONAL_CORRECTION","DEMO_CONTENT_REMOVED","PRESERVE_APPROVED_ASTRO","Unsupported experience and project counters remain replaced with confirmed facts"
"/about-us/","Robots","max-image-preview:large","index, follow","EQUIVALENT_SAFE","TECHNICAL_IMPLEMENTATION_DIFFERENCE","PRESERVE_APPROVED_ASTRO","The Astro control is explicit and matches the approved production indexing strategy."
"/about-us/","H1","Meet Our Leadership","About Us","INTENTIONAL_CORRECTION","DEMO_CONTENT_REMOVED","PRESERVE_APPROVED_ASTRO","Unsupported experience and project counters remain replaced with confirmed facts"
"/about-us/","Main headings","H3:year of experience | H3:Who We Are | H3:Our Mission | H3:Core Values | H2:Reliable Renovation Contractor in KL and Selangor | H2:Every Renovation Decision Matters | H5:Practical Site Advice | H5:Careful Workmanship | H5:Clear Work Process | H5:Honest Communication | H2:Simple, Clear and Practical Renovation Support | H1:Meet Our Leadership | H3:Home Renovation | H3:Office Renovation | H3:Waterproofing Services | H3:Plaster Ceiling and Aircond Installation | H2:Serving Kuala Lumpur, Selangor and Nearby Areas | H4:Kuala Lumpur | H4:Selangor | H4:Setapak | H4:Nearby Areas","H1:About Us | H2:Who We Are | H2:Our Mission | H2:Core Values | H2:Reliable Renovation Contractor in KL and Selangor | H2:Practical Site Advice | H2:Careful Workmanship | H2:Clear Work Process | H2:Honest Communication | H2:Simple, Clear and Practical Renovation Support | H2:Meet Our Leadership | H3:Rao Israr | H3:Home Renovation | H3:Office Renovation | H3:Waterproofing Services | H3:Plaster Ceiling and Aircond Installation | H2:Serving Kuala Lumpur, Selangor and Nearby Areas | H2:Ready to Work Together?","INTENTIONAL_CORRECTION","DEMO_CONTENT_REMOVED","PRESERVE_APPROVED_ASTRO","Unsupported experience and project counters remain replaced with confirmed facts"
"/about-us/","Open Graph description","1 year of experience Who We Are RK Reno Solution is a Kuala Lumpur based renovation and service team helping homeowners and business owners improve their spaces with practical, reliable, and clean workmanship. Our Mission Our mission is to make renovation, repair, and installation work simple for customers by offering clear guidance, proper site checking, and","RK Reno Solution is a Kuala Lumpur–based renovation and property-service business supporting homeowners and business owners across KL and Selangor.","INTENTIONAL_CORRECTION","DEMO_CONTENT_REMOVED","PRESERVE_APPROVED_ASTRO","Unsupported experience and project counters remain replaced with confirmed facts"
"/about-us/","Open Graph image","https://rkrenosolution.com/wp-content/uploads/2026/03/RK-Reno-Solutions-Logo.png","https://rkrenosolution.com/assets/media/RK-Reno-Solutions-Logo-942f64bb.png","INTENTIONAL_CORRECTION","DEMO_CONTENT_REMOVED","PRESERVE_APPROVED_ASTRO","Unsupported experience and project counters remain replaced with confirmed facts"
"/about-us/","Schema types","BreadcrumbList | Organization | WebPage | WebSite","WebPage","EQUIVALENT_SAFE","TECHNICAL_IMPLEMENTATION_DIFFERENCE","PRESERVE_APPROVED_ASTRO","The Astro control is explicit and matches the approved production indexing strategy."
"/about-us/","Published date","2025-02-12T10:03:49+00:00","","INTENTIONAL_CORRECTION","DEMO_CONTENT_REMOVED","PRESERVE_APPROVED_ASTRO","Unsupported experience and project counters remain replaced with confirmed facts"
"/about-us/","Modified date","2026-05-21T15:11:32+00:00","","INTENTIONAL_CORRECTION","DEMO_CONTENT_REMOVED","PRESERVE_APPROVED_ASTRO","Unsupported experience and project counters remain replaced with confirmed facts"
"/about-us/","Sitemap presence","FALSE","TRUE","EQUIVALENT_SAFE","TECHNICAL_IMPLEMENTATION_DIFFERENCE","PRESERVE_APPROVED_ASTRO","The Astro control is explicit and matches the approved production indexing strategy."
"/about-us/","Important internal links","/ | /contact-us/","/ | /services/ | /contact-us/ | /house-renovation-in-kuala-lumpur/ | /office-renovation-in-kuala-lumpur/ | /waterproofing-contractor-kuala-lumpur/ | /plaster-ceiling-contractor-kl/","INTENTIONAL_CORRECTION","DEMO_CONTENT_REMOVED","PRESERVE_APPROVED_ASTRO","Unsupported experience and project counters remain replaced with confirmed facts"
"/about-us/","Main visible content","213515df5d9149b7a280c397ee58274d9a4144d6ba05fdc1c14d401657b1c2be","bdfc114a00e6cbd8c684009747c8a4ef489caa6d0b229832ac31668e73c003e7","INTENTIONAL_CORRECTION","DEMO_CONTENT_REMOVED","PRESERVE_APPROVED_ASTRO","Unsupported experience and project counters remain replaced with confirmed facts"
"/about-us/","Image references","https://rkrenosolution.com/wp-content/uploads/2025/02/about2.webp | https://rkrenosolution.com/wp-content/uploads/2026/05/Renovation-planning-and-project-drawings.jpeg | https://rkrenosolution.com/wp-content/uploads/2026/05/Renovation-planning-and-project-drawings-1.jpeg | https://rkrenosolution.com/wp-content/uploads/2025/02/shape6.webp | https://rkrenosolution.com/wp-content/uploads/2025/02/shape5.webp | https://rkrenosolution.com/wp-content/uploads/2026/05/Home-renovation-service-in-KL.jpeg | https://rkrenosolution.com/wp-content/uploads/2026/05/Office-renovation-service-in-Selangor.jpeg | https://rkrenosolution.com/wp-content/uploads/2026/05/Bathroom-waterproofing-service-in-KL.jpeg | https://rkrenosolution.com/wp-content/uploads/2026/05/Plaster-ceiling-and-aircond-installation.jpeg | https://rkrenosolution.com/wp-content/uploads/2026/05/Service-areas-in-KL-and-Selangor.jpeg","/assets/media/Renovation-contractor-for-commercial-buildings-93583952.jpg | /assets/media/Renovation-planning-and-project-drawings-6cfdb2fc.jpg | /assets/media/Renovation-planning-and-project-drawings-1-ea76b170.jpg | /assets/media/Home-renovation-service-in-KL-422b205c.jpg | /assets/media/Office-renovation-service-in-Selangor-7928d19d.jpg | /assets/media/Bathroom-waterproofing-service-in-KL-3293ca94.jpg | /assets/media/Plaster-ceiling-and-aircond-installation-dd789b38.jpg | /assets/media/Service-areas-in-KL-and-Selangor-0f0a8548.jpg | /assets/media/home7-img7-f8f5cbc2.webp","INTENTIONAL_CORRECTION","DEMO_CONTENT_REMOVED","PRESERVE_APPROVED_ASTRO","Unsupported experience and project counters remain replaced with confirmed facts"
"/contact-us/","Meta description","get in touch Have a question? Please contact us using the customer support channels below. Address: 4-2, Jalan 3/50C, Setapak, 53000 Kuala LumpurPhone number: +60 11 1133 4496Email: rkrenosolution@gmail.com Please submit all general enquiries in the contact form below and we look forward to hearing from you soon. Full Name* Email Address* Phone Number* Your services*What are","Send the property location, service required and a short description. Photos and approximate measurements can help us understand the enquiry.","INTENTIONAL_CORRECTION","TECHNICAL_IMPLEMENTATION_DIFFERENCE","PRESERVE_APPROVED_ASTRO","WordPress form is live; GitHub Pages form is intentionally disabled"
"/contact-us/","Robots","max-image-preview:large","index, follow","EQUIVALENT_SAFE","TECHNICAL_IMPLEMENTATION_DIFFERENCE","PRESERVE_APPROVED_ASTRO","The Astro control is explicit and matches the approved production indexing strategy."
"/contact-us/","H1","","Contact Us","INTENTIONAL_CORRECTION","TECHNICAL_IMPLEMENTATION_DIFFERENCE","PRESERVE_APPROVED_ASTRO","WordPress form is live; GitHub Pages form is intentionally disabled"
"/contact-us/","Main headings","H2:get in touch | H3:","H1:Contact Us | H2:Have a question? Please contact us using the customer support channels below. | H2:Send Your Enquiry | H2:Share the Property and Work Details","INTENTIONAL_CORRECTION","TECHNICAL_IMPLEMENTATION_DIFFERENCE","PRESERVE_APPROVED_ASTRO","WordPress form is live; GitHub Pages form is intentionally disabled"
"/contact-us/","Open Graph description","get in touch Have a question? Please contact us using the customer support channels below. Address: 4-2, Jalan 3/50C, Setapak, 53000 Kuala LumpurPhone number: +60 11 1133 4496Email: rkrenosolution@gmail.com Please submit all general enquiries in the contact form below and we look forward to hearing from you soon. Full Name* Email Address* Phone Number* Your services*What are","Send the property location, service required and a short description. Photos and approximate measurements can help us understand the enquiry.","INTENTIONAL_CORRECTION","TECHNICAL_IMPLEMENTATION_DIFFERENCE","PRESERVE_APPROVED_ASTRO","WordPress form is live; GitHub Pages form is intentionally disabled"
"/contact-us/","Open Graph image","https://rkrenosolution.com/wp-content/uploads/2026/03/RK-Reno-Solutions-Logo.png","https://rkrenosolution.com/assets/media/RK-Reno-Solutions-Logo-942f64bb.png","INTENTIONAL_CORRECTION","TECHNICAL_IMPLEMENTATION_DIFFERENCE","PRESERVE_APPROVED_ASTRO","WordPress form is live; GitHub Pages form is intentionally disabled"
"/contact-us/","Schema types","BreadcrumbList | Organization | WebPage | WebSite","WebPage","EQUIVALENT_SAFE","TECHNICAL_IMPLEMENTATION_DIFFERENCE","PRESERVE_APPROVED_ASTRO","The Astro control is explicit and matches the approved production indexing strategy."
"/contact-us/","Published date","2025-01-13T08:11:04+00:00","","INTENTIONAL_CORRECTION","TECHNICAL_IMPLEMENTATION_DIFFERENCE","PRESERVE_APPROVED_ASTRO","WordPress form is live; GitHub Pages form is intentionally disabled"
"/contact-us/","Modified date","2026-03-28T12:16:09+00:00","","INTENTIONAL_CORRECTION","TECHNICAL_IMPLEMENTATION_DIFFERENCE","PRESERVE_APPROVED_ASTRO","WordPress form is live; GitHub Pages form is intentionally disabled"
"/contact-us/","Sitemap presence","FALSE","TRUE","EQUIVALENT_SAFE","TECHNICAL_IMPLEMENTATION_DIFFERENCE","PRESERVE_APPROVED_ASTRO","The Astro control is explicit and matches the approved production indexing strategy."
"/contact-us/","Important internal links","/","/ | /services/","INTENTIONAL_CORRECTION","TECHNICAL_IMPLEMENTATION_DIFFERENCE","PRESERVE_APPROVED_ASTRO","WordPress form is live; GitHub Pages form is intentionally disabled"
"/contact-us/","Main visible content","7ad65c93e282b35d9448241c0e96ccb9f48e5b10c2d0881637c27ff6a629a6de","690f5317564d933b7bdf67089b5f14122bd21399f6a943743e18ae98659e5dff","INTENTIONAL_CORRECTION","TECHNICAL_IMPLEMENTATION_DIFFERENCE","PRESERVE_APPROVED_ASTRO","WordPress form is live; GitHub Pages form is intentionally disabled"
"/contact-us/","Image references","https://rkrenosolution.com/wp-content/uploads/2025/01/ct-08.webp | https://rkrenosolution.com/wp-content/uploads/2025/01/ct-07.webp","/assets/media/ct-08-a16e9952.webp","INTENTIONAL_CORRECTION","TECHNICAL_IMPLEMENTATION_DIFFERENCE","PRESERVE_APPROVED_ASTRO","WordPress form is live; GitHub Pages form is intentionally disabled"
"/servis-aircond-murah-kl/","Meta description","Harga Bajet Pantas Dipercayai Pakar Servis Aircond Murah KL Aircond kurang sejuk atau bocor air? RK Reno Solution menawarkan Servis Aircond Murah KL yang pantas dan berkualiti. Kami pakar cucian kimia (chemical wash), tambah gas, dan baik pulih untuk rumah dan pejabat anda. WhatsApp Sekarang Email Sebut Harga RM 60+ Harga Bermula Pantass Masa Respons","Aircond kurang sejuk, berbau atau bocor air? Dapatkan pemeriksaan, pembersihan dan cadangan servis untuk rumah atau pejabat di Kuala Lumpur.","INTENTIONAL_CORRECTION","BROKEN_SOURCE_IMAGE_REPLACED","PRESERVE_APPROVED_ASTRO","Both current WordPress article photographs fail to load; approved owner aircond media remains substituted"
"/servis-aircond-murah-kl/","Robots","max-image-preview:large","index, follow","EQUIVALENT_SAFE","TECHNICAL_IMPLEMENTATION_DIFFERENCE","PRESERVE_APPROVED_ASTRO","The Astro control is explicit and matches the approved production indexing strategy."
"/servis-aircond-murah-kl/","H1","","Servis Aircond Murah KL","INTENTIONAL_CORRECTION","BROKEN_SOURCE_IMAGE_REPLACED","PRESERVE_APPROVED_ASTRO","Both current WordPress article photographs fail to load; approved owner aircond media remains substituted"
"/servis-aircond-murah-kl/","Main headings","","H1:Servis Aircond Murah KL | H2:Pakar Servis Aircond Murah KL | H2:Kenapa Pilih Kami untuk Servis Aircond Murah KL? | H3:Senarai Harga Servis Aircond Murah KL (2026) | H3:Senarai Harga Servis Aircond Murah KL (2026) | H3:Harga Bajet, Kualiti Premium | H3:Pakej Servis Aircond Murah KL Kami | H3:1. Temujanji & Diagnosis Awal | H3:2. Perlindungan Ruang & Cucian | H3:3. Pemeriksaan Tekanan Gas (PSI) | H3:Sebut Harga Servis Aircond KL | H2:Perkhidmatan Penyaman Udara Menyeluruh | H3:General Service | H3:Chemical Wash Overhaul | H3:Isi & Top-up Gas | H3:Repair & Troubleshoot | H3:Buka & Pasang Aircond | H3:Servis Kontrak Pejabat | H2:Soalan Lazim Mengenai Servis Aircond Murah KL | H2:Ready to Work Together?","INTENTIONAL_CORRECTION","BROKEN_SOURCE_IMAGE_REPLACED","PRESERVE_APPROVED_ASTRO","Both current WordPress article photographs fail to load; approved owner aircond media remains substituted"
"/servis-aircond-murah-kl/","Open Graph description","Harga Bajet Pantas Dipercayai Pakar Servis Aircond Murah KL Aircond kurang sejuk atau bocor air? RK Reno Solution menawarkan Servis Aircond Murah KL yang pantas dan berkualiti. Kami pakar cucian kimia (chemical wash), tambah gas, dan baik pulih untuk rumah dan pejabat anda. WhatsApp Sekarang Email Sebut Harga RM 60+ Harga Bermula Pantass Masa Respons","Aircond kurang sejuk, berbau atau bocor air? Dapatkan pemeriksaan, pembersihan dan cadangan servis untuk rumah atau pejabat di Kuala Lumpur.","INTENTIONAL_CORRECTION","BROKEN_SOURCE_IMAGE_REPLACED","PRESERVE_APPROVED_ASTRO","Both current WordPress article photographs fail to load; approved owner aircond media remains substituted"
"/servis-aircond-murah-kl/","Open Graph image","https://rkrenosolution.com/wp-content/uploads/2026/03/RK-Reno-Solutions-Logo.png","https://rkrenosolution.com/assets/media/RK-Reno-Solutions-Logo-942f64bb.png","INTENTIONAL_CORRECTION","BROKEN_SOURCE_IMAGE_REPLACED","PRESERVE_APPROVED_ASTRO","Both current WordPress article photographs fail to load; approved owner aircond media remains substituted"
"/servis-aircond-murah-kl/","Schema types","BreadcrumbList | Organization | WebPage | WebSite | HVACBusiness","Service | FAQPage","EQUIVALENT_SAFE","TECHNICAL_IMPLEMENTATION_DIFFERENCE","PRESERVE_APPROVED_ASTRO","The Astro control is explicit and matches the approved production indexing strategy."
"/servis-aircond-murah-kl/","Published date","2026-03-28T10:23:14+00:00","","INTENTIONAL_CORRECTION","BROKEN_SOURCE_IMAGE_REPLACED","PRESERVE_APPROVED_ASTRO","Both current WordPress article photographs fail to load; approved owner aircond media remains substituted"
"/servis-aircond-murah-kl/","Modified date","2026-04-04T13:42:53+00:00","","INTENTIONAL_CORRECTION","BROKEN_SOURCE_IMAGE_REPLACED","PRESERVE_APPROVED_ASTRO","Both current WordPress article photographs fail to load; approved owner aircond media remains substituted"
"/servis-aircond-murah-kl/","Sitemap presence","FALSE","TRUE","EQUIVALENT_SAFE","TECHNICAL_IMPLEMENTATION_DIFFERENCE","PRESERVE_APPROVED_ASTRO","The Astro control is explicit and matches the approved production indexing strategy."
"/servis-aircond-murah-kl/","Important internal links","","/ | /contact-us/","INTENTIONAL_CORRECTION","BROKEN_SOURCE_IMAGE_REPLACED","PRESERVE_APPROVED_ASTRO","Both current WordPress article photographs fail to load; approved owner aircond media remains substituted"
"/servis-aircond-murah-kl/","Main visible content","e3b0c44298fc1c149afbf4c8996fb92427ae41e4649b934ca495991b7852b855","23a29d19fd38bd06ae2592ca62d3f89a906154f6b4d90dade7060406b62c38fc","INTENTIONAL_CORRECTION","BROKEN_SOURCE_IMAGE_REPLACED","PRESERVE_APPROVED_ASTRO","Both current WordPress article photographs fail to load; approved owner aircond media remains substituted"
"/servis-aircond-murah-kl/","Image references","","/assets/media/owner/rk-reno-aircond-indoor-unit-service-access-960.webp | /assets/media/home7-img7-f8f5cbc2.webp","INTENTIONAL_CORRECTION","BROKEN_SOURCE_IMAGE_REPLACED","PRESERVE_APPROVED_ASTRO","Both current WordPress article photographs fail to load; approved owner aircond media remains substituted"
"/aircond-installation-kl/","SEO title","Aircond Installation KL | Upah Pasang Aircond RM220","Aircond Installation KL - RK Reno Solution","INTENTIONAL_CORRECTION","TECHNICAL_IMPLEMENTATION_DIFFERENCE","PRESERVE_APPROVED_ASTRO","Exact WordPress installation media is localized"
"/aircond-installation-kl/","Meta description","Aircond installation KL for homes, condos, offices and shops. Base price from RM220 including 5 feet copper pipe and wiring. WhatsApp for a quote.","Installation for wall-mounted aircond units in Kuala Lumpur homes, condominiums, offices and shops, with the scope confirmed from the unit and site requirements.","INTENTIONAL_CORRECTION","TECHNICAL_IMPLEMENTATION_DIFFERENCE","PRESERVE_APPROVED_ASTRO","Exact WordPress installation media is localized"
"/aircond-installation-kl/","Robots","max-image-preview:large","index, follow","EQUIVALENT_SAFE","TECHNICAL_IMPLEMENTATION_DIFFERENCE","PRESERVE_APPROVED_ASTRO","The Astro control is explicit and matches the approved production indexing strategy."
"/aircond-installation-kl/","H1","","Aircond Installation KL","INTENTIONAL_CORRECTION","TECHNICAL_IMPLEMENTATION_DIFFERENCE","PRESERVE_APPROVED_ASTRO","Exact WordPress installation media is localized"
"/aircond-installation-kl/","Main headings","","H1:Aircond Installation KL | H2:Professional Aircond Installation KL for Homes, Condos, Offices & Shops | H2:Aircond Installation Services in Kuala Lumpur | H3:New Aircond Installation | H3:Replace an Old Unit | H3:Aircond Relocation | H3:Copper Pipe & Drainage | H3:Additional Wiring | H3:Vacuum & Testing | H2:What Can Increase the Installation Cost? | H3:Get a More Accurate Quote | H2:Aircond Installation KL Prices | H3:1.0HP & 1.5HP Wall-Mounted | H3:2.0HP & 2.5HP Wall-Mounted | H2:RK Reno Aircond Installation Work | H2:How the Aircond Installation Process Works | H3:Review the Site | H3:Confirm Scope & Price | H3:Install & Connect | H3:Vacuum & Test | H2:Aircond Installation Across Kuala Lumpur | H3:Need a detailed installation guide? | H3:Need installation in Selangor? | H3:Need Aircond Servicing? | H3:Need a New Electrical Point? | H2:Aircond Installation KL FAQs | H2:Get an Aircond Installation KL Quote | H2:Ready to Work Together?","INTENTIONAL_CORRECTION","TECHNICAL_IMPLEMENTATION_DIFFERENCE","PRESERVE_APPROVED_ASTRO","Exact WordPress installation media is localized"
"/aircond-installation-kl/","Open Graph title","Aircond Installation KL | Upah Pasang Aircond RM220","Aircond Installation KL - RK Reno Solution","INTENTIONAL_CORRECTION","TECHNICAL_IMPLEMENTATION_DIFFERENCE","PRESERVE_APPROVED_ASTRO","Exact WordPress installation media is localized"
"/aircond-installation-kl/","Open Graph description","Aircond installation KL for homes, condos, offices and shops. Base price from RM220 including 5 feet copper pipe and wiring. WhatsApp for a quote.","Installation for wall-mounted aircond units in Kuala Lumpur homes, condominiums, offices and shops, with the scope confirmed from the unit and site requirements.","INTENTIONAL_CORRECTION","TECHNICAL_IMPLEMENTATION_DIFFERENCE","PRESERVE_APPROVED_ASTRO","Exact WordPress installation media is localized"
"/aircond-installation-kl/","Open Graph image","https://rkrenosolution.com/wp-content/uploads/2026/03/RK-Reno-Solutions-Logo.png","https://rkrenosolution.com/assets/media/RK-Reno-Solutions-Logo-942f64bb.png","INTENTIONAL_CORRECTION","TECHNICAL_IMPLEMENTATION_DIFFERENCE","PRESERVE_APPROVED_ASTRO","Exact WordPress installation media is localized"
"/aircond-installation-kl/","Schema types","BreadcrumbList | Organization | WebPage | WebSite","Service | FAQPage","EQUIVALENT_SAFE","TECHNICAL_IMPLEMENTATION_DIFFERENCE","PRESERVE_APPROVED_ASTRO","The Astro control is explicit and matches the approved production indexing strategy."
"/aircond-installation-kl/","Published date","2026-03-28T10:07:44+00:00","","INTENTIONAL_CORRECTION","TECHNICAL_IMPLEMENTATION_DIFFERENCE","PRESERVE_APPROVED_ASTRO","Exact WordPress installation media is localized"
"/aircond-installation-kl/","Modified date","2026-07-17T13:03:28+00:00","","INTENTIONAL_CORRECTION","TECHNICAL_IMPLEMENTATION_DIFFERENCE","PRESERVE_APPROVED_ASTRO","Exact WordPress installation media is localized"
"/aircond-installation-kl/","Sitemap presence","FALSE","TRUE","EQUIVALENT_SAFE","TECHNICAL_IMPLEMENTATION_DIFFERENCE","PRESERVE_APPROVED_ASTRO","The Astro control is explicit and matches the approved production indexing strategy."
"/aircond-installation-kl/","Important internal links","","/ | /contact-us/","INTENTIONAL_CORRECTION","TECHNICAL_IMPLEMENTATION_DIFFERENCE","PRESERVE_APPROVED_ASTRO","Exact WordPress installation media is localized"
"/aircond-installation-kl/","Main visible content","e3b0c44298fc1c149afbf4c8996fb92427ae41e4649b934ca495991b7852b855","2e80003895950bbcfc165eaa1caae68bd0d1d64801e3d1736517d974895aeb7b","INTENTIONAL_CORRECTION","TECHNICAL_IMPLEMENTATION_DIFFERENCE","PRESERVE_APPROVED_ASTRO","Exact WordPress installation media is localized"
"/aircond-installation-kl/","Image references","","/assets/media/721430356-1623451745783563-6720154604310865920-n-b6c68602.jpg | /assets/media/owner/rk-reno-wall-mounted-aircond-unit-960.webp | /assets/media/owner/rk-reno-aircond-unit-trunking-960.webp | /assets/media/owner/rk-reno-aircond-outdoor-condenser-720.webp | /assets/media/home7-img7-f8f5cbc2.webp","INTENTIONAL_CORRECTION","TECHNICAL_IMPLEMENTATION_DIFFERENCE","PRESERVE_APPROVED_ASTRO","Exact WordPress installation media is localized"
"/upah-pasang-aircond-selangor/","Meta description","Servis aircond installation Selangor untuk rumah, pejabat dan kedai. Semak anggaran harga, proses pemasangan dan dapatkan quotation melalui WhatsApp.","Servis pemasangan aircond untuk rumah, pejabat dan kedai di Selangor, berdasarkan kapasiti unit, jarak paip, saliran, bekalan elektrik dan keadaan tapak.","INTENTIONAL_CORRECTION","TECHNICAL_IMPLEMENTATION_DIFFERENCE","PRESERVE_APPROVED_ASTRO","Exact WordPress installation media is localized"
"/upah-pasang-aircond-selangor/","Robots","max-image-preview:large","index, follow","EQUIVALENT_SAFE","TECHNICAL_IMPLEMENTATION_DIFFERENCE","PRESERVE_APPROVED_ASTRO","The Astro control is explicit and matches the approved production indexing strategy."
"/upah-pasang-aircond-selangor/","H1","","Upah Pasang Aircond Selangor untuk Rumah, Pejabat & Kedai","INTENTIONAL_CORRECTION","TECHNICAL_IMPLEMENTATION_DIFFERENCE","PRESERVE_APPROVED_ASTRO","Exact WordPress installation media is localized"
"/upah-pasang-aircond-selangor/","Main headings","","H1:Upah Pasang Aircond Selangor untuk Rumah, Pejabat & Kedai | H2:Upah Pasang Aircond Selangor untuk Rumah, Pejabat & Kedai | H2:Servis Aircond Installation Selangor | H3:Pemasangan Unit Baru | H3:Ganti Unit Lama | H3:Pindah Aircond | H3:Copper Pipe & Drainage | H3:Wiring Tambahan | H3:Vacuum & Testing | H2:Apa Yang Boleh Menambah Kos? | H3:Dapatkan Anggaran Lebih Tepat | H2:Harga Upah Pasang Aircond Selangor | H3:1.0HP & 1.5HP Wall-Mounted | H3:2.0HP & 2.5HP Wall-Mounted | H2:Contoh Kerja Aircond RK Reno | H2:Proses Pemasangan Aircond | H3:Semak Tapak | H3:Sahkan Skop & Harga | H3:Pasang & Sambung | H3:Vacuum & Test | H2:Aircond Installation di Selangor & Lembah Klang | H3:Perlukan panduan harga yang lebih lengkap? | H3:Mencari servis khusus di Kuala Lumpur? | H2:FAQ Aircond Installation Selangor | H2:Dapatkan Quotation Aircond Installation Selangor | H2:Ready to Work Together?","INTENTIONAL_CORRECTION","TECHNICAL_IMPLEMENTATION_DIFFERENCE","PRESERVE_APPROVED_ASTRO","Exact WordPress installation media is localized"
"/upah-pasang-aircond-selangor/","Open Graph description","Servis aircond installation Selangor untuk rumah, pejabat dan kedai. Semak anggaran harga, proses pemasangan dan dapatkan quotation melalui WhatsApp.","Servis pemasangan aircond untuk rumah, pejabat dan kedai di Selangor, berdasarkan kapasiti unit, jarak paip, saliran, bekalan elektrik dan keadaan tapak.","INTENTIONAL_CORRECTION","TECHNICAL_IMPLEMENTATION_DIFFERENCE","PRESERVE_APPROVED_ASTRO","Exact WordPress installation media is localized"
"/upah-pasang-aircond-selangor/","Open Graph image","https://rkrenosolution.com/wp-content/uploads/2026/03/RK-Reno-Solutions-Logo.png","https://rkrenosolution.com/assets/media/RK-Reno-Solutions-Logo-942f64bb.png","INTENTIONAL_CORRECTION","TECHNICAL_IMPLEMENTATION_DIFFERENCE","PRESERVE_APPROVED_ASTRO","Exact WordPress installation media is localized"
"/upah-pasang-aircond-selangor/","Schema types","BreadcrumbList | Organization | WebPage | WebSite","Service | FAQPage","EQUIVALENT_SAFE","TECHNICAL_IMPLEMENTATION_DIFFERENCE","PRESERVE_APPROVED_ASTRO","The Astro control is explicit and matches the approved production indexing strategy."
"/upah-pasang-aircond-selangor/","Published date","2026-03-28T10:25:46+00:00","","INTENTIONAL_CORRECTION","TECHNICAL_IMPLEMENTATION_DIFFERENCE","PRESERVE_APPROVED_ASTRO","Exact WordPress installation media is localized"
"/upah-pasang-aircond-selangor/","Modified date","2026-07-15T20:13:14+00:00","","INTENTIONAL_CORRECTION","TECHNICAL_IMPLEMENTATION_DIFFERENCE","PRESERVE_APPROVED_ASTRO","Exact WordPress installation media is localized"
"/upah-pasang-aircond-selangor/","Sitemap presence","FALSE","TRUE","EQUIVALENT_SAFE","TECHNICAL_IMPLEMENTATION_DIFFERENCE","PRESERVE_APPROVED_ASTRO","The Astro control is explicit and matches the approved production indexing strategy."
"/upah-pasang-aircond-selangor/","Important internal links","","/ | /contact-us/","INTENTIONAL_CORRECTION","TECHNICAL_IMPLEMENTATION_DIFFERENCE","PRESERVE_APPROVED_ASTRO","Exact WordPress installation media is localized"
"/upah-pasang-aircond-selangor/","Main visible content","e3b0c44298fc1c149afbf4c8996fb92427ae41e4649b934ca495991b7852b855","06ecf74a16af929053d8e919fff55d0adcce8b45cd59eca834afc0b6c163771e","INTENTIONAL_CORRECTION","TECHNICAL_IMPLEMENTATION_DIFFERENCE","PRESERVE_APPROVED_ASTRO","Exact WordPress installation media is localized"
"/upah-pasang-aircond-selangor/","Image references","","/assets/media/721430356-1623451745783563-6720154604310865920-n-b6c68602.jpg | /assets/media/owner/rk-reno-wall-mounted-aircond-unit-960.webp | /assets/media/owner/rk-reno-aircond-unit-trunking-960.webp | /assets/media/owner/rk-reno-aircond-outdoor-condenser-720.webp | /assets/media/home7-img7-f8f5cbc2.webp","INTENTIONAL_CORRECTION","TECHNICAL_IMPLEMENTATION_DIFFERENCE","PRESERVE_APPROVED_ASTRO","Exact WordPress installation media is localized"
"/upah-pasang-aircond-selangor-panduan-harga-pemasangan-2026/","Meta description","Semak upah pasang aircond Selangor 2026 untuk rumah, pejabat dan kedai. Lihat anggaran harga, pakej pemasangan, caj tambahan dan WhatsApp RK Reno untuk sebut harga.","Panduan memahami faktor harga, skop standard, bahan, akses dan pengesahan tapak untuk pemasangan aircond di Selangor.","INTENTIONAL_CORRECTION","BROKEN_SOURCE_IMAGE_REPLACED","PRESERVE_APPROVED_ASTRO","Several exact source images remain unavailable; approved owner aircond imagery is retained"
"/upah-pasang-aircond-selangor-panduan-harga-pemasangan-2026/","Robots","max-image-preview:large","index, follow","EQUIVALENT_SAFE","TECHNICAL_IMPLEMENTATION_DIFFERENCE","PRESERVE_APPROVED_ASTRO","The Astro control is explicit and matches the approved production indexing strategy."
"/upah-pasang-aircond-selangor-panduan-harga-pemasangan-2026/","H1","Upah Pasang Aircond Selangor: Panduan Harga & Pemasangan (2026)","Upah Pasang Aircond Selangor: Panduan Harga &amp; Pemasangan (2026)","INTENTIONAL_CORRECTION","BROKEN_SOURCE_IMAGE_REPLACED","PRESERVE_APPROVED_ASTRO","Several exact source images remain unavailable; approved owner aircond imagery is retained"
"/upah-pasang-aircond-selangor-panduan-harga-pemasangan-2026/","Main headings","H1:Upah Pasang Aircond Selangor: Panduan Harga & Pemasangan (2026) | H3:Nak semak harga untuk lokasi anda? | H2:1. Apa Yang Termasuk Dalam Harga Asas? | H2:2. Gambar Kerja Pemasangan Aircond RK Reno | H2:3. Copper Pipe & Kualiti Material | H2:4. Inverter vs Non-Inverter: Ada Beza Pemasangan? | H3:Sudah Beli Aircond dan Cari Orang Pasang? | H2:5. Harga Upah Pasang Aircond Selangor 2026 | H3:1.0HP & 1.5HP Wall-Mounted | H3:2.0HP & 2.5HP Wall-Mounted | H2:6. Faktor Yang Boleh Menambah Kos Pemasangan | H2:7. Proses Pemasangan Aircond | H3:Semak Lokasi | H3:Sahkan Skop & Harga | H3:Pasang Unit | H3:Sambung Copper Pipe | H3:Vacuum Sistem | H3:Testing | H2:8. Cara Dapatkan Quotation Dengan Cepat | H2:9. Jenis Tempat Yang Sesuai | H2:10. Kawasan Servis Pemasangan Aircond Di Selangor | H2:11. Kenapa Proses Vacuum Penting? | H2:12. Kenapa Pilih RK Reno Solution? | H3:Dapatkan Quotation Aircond Melalui WhatsApp | H2:13. Soalan Lazim Tentang Upah Pasang Aircond Selangor | H3:Leave A Comment Cancel Comment","H1:Upah Pasang Aircond Selangor: Panduan Harga &amp; Pemasangan (2026) | H2:Upah Pasang Aircond Selangor: Panduan Harga & Pemasangan (2026) | H3:Nak semak harga untuk lokasi anda? | H2:1. Apa Yang Termasuk Dalam Harga Asas? | H2:2. Gambar Kerja Pemasangan Aircond RK Reno | H2:3. Copper Pipe & Kualiti Material | H2:4. Inverter vs Non-Inverter: Ada Beza Pemasangan? | H3:Sudah Beli Aircond dan Cari Orang Pasang? | H2:5. Harga Upah Pasang Aircond Selangor 2026 | H3:1.0HP & 1.5HP Wall-Mounted | H3:2.0HP & 2.5HP Wall-Mounted | H2:6. Faktor Yang Boleh Menambah Kos Pemasangan | H2:7. Proses Pemasangan Aircond | H3:Semak Lokasi | H3:Sahkan Skop & Harga | H3:Pasang Unit | H3:Sambung Copper Pipe | H3:Vacuum Sistem | H3:Testing | H2:8. Cara Dapatkan Quotation Dengan Cepat | H2:9. Jenis Tempat Yang Sesuai | H2:10. Kawasan Servis Pemasangan Aircond Di Selangor | H2:11. Kenapa Proses Vacuum Penting? | H2:12. Kenapa Pilih RK Reno Solution? | H3:Dapatkan Quotation Aircond Melalui WhatsApp | H2:13. Soalan Lazim Tentang Upah Pasang Aircond Selangor | H2:Request a clear scope and quotation | H2:Related service | H2:Recent guides | H2:Search","INTENTIONAL_CORRECTION","BROKEN_SOURCE_IMAGE_REPLACED","PRESERVE_APPROVED_ASTRO","Several exact source images remain unavailable; approved owner aircond imagery is retained"
"/upah-pasang-aircond-selangor-panduan-harga-pemasangan-2026/","Open Graph description","Semak upah pasang aircond Selangor 2026 untuk rumah, pejabat dan kedai. Lihat anggaran harga, pakej pemasangan, caj tambahan dan WhatsApp RK Reno untuk sebut harga.","Panduan memahami faktor harga, skop standard, bahan, akses dan pengesahan tapak untuk pemasangan aircond di Selangor.","INTENTIONAL_CORRECTION","BROKEN_SOURCE_IMAGE_REPLACED","PRESERVE_APPROVED_ASTRO","Several exact source images remain unavailable; approved owner aircond imagery is retained"
"/upah-pasang-aircond-selangor-panduan-harga-pemasangan-2026/","Open Graph image","https://rkrenosolution.com/wp-content/uploads/2026/03/RK-Reno-Solutions-Logo.png","https://rkrenosolution.com/assets/media/RK-Reno-Solutions-Logo-942f64bb.png","INTENTIONAL_CORRECTION","BROKEN_SOURCE_IMAGE_REPLACED","PRESERVE_APPROVED_ASTRO","Several exact source images remain unavailable; approved owner aircond imagery is retained"
"/upah-pasang-aircond-selangor-panduan-harga-pemasangan-2026/","Schema types","BlogPosting | BreadcrumbList | Organization | Person | WebPage | WebSite","BlogPosting | FAQPage","EQUIVALENT_SAFE","TECHNICAL_IMPLEMENTATION_DIFFERENCE","PRESERVE_APPROVED_ASTRO","The Astro control is explicit and matches the approved production indexing strategy."
"/upah-pasang-aircond-selangor-panduan-harga-pemasangan-2026/","Published date","2026-03-28T11:41:12+00:00","2026-03-28T11:41:12","INTENTIONAL_CORRECTION","BROKEN_SOURCE_IMAGE_REPLACED","PRESERVE_APPROVED_ASTRO","Several exact source images remain unavailable; approved owner aircond imagery is retained"
"/upah-pasang-aircond-selangor-panduan-harga-pemasangan-2026/","Modified date","2026-07-16T12:46:51+00:00","2026-07-16T12:46:51","INTENTIONAL_CORRECTION","BROKEN_SOURCE_IMAGE_REPLACED","PRESERVE_APPROVED_ASTRO","Several exact source images remain unavailable; approved owner aircond imagery is retained"
"/upah-pasang-aircond-selangor-panduan-harga-pemasangan-2026/","Sitemap presence","FALSE","TRUE","EQUIVALENT_SAFE","TECHNICAL_IMPLEMENTATION_DIFFERENCE","PRESERVE_APPROVED_ASTRO","The Astro control is explicit and matches the approved production indexing strategy."
"/upah-pasang-aircond-selangor-panduan-harga-pemasangan-2026/","Important internal links","/upah-pasang-aircond-selangor-panduan-harga-pemasangan-2026/ | /upah-pasang-aircond-selangor/ | / | /electrical-services-selangor/ | /aircond-installation-kl/ | /tag/pemasangan-aircond/ | /servis-cuci-rumah-kl-the-ultimate-2026-guide-to-a-spotless-home/ | /blog/ | /waterproofing-contractor-kuala-lumpur-the-complete-guide-to-stopping-leaks-2026/","/ | /upah-pasang-aircond-selangor/ | /electrical-services-selangor/ | /aircond-installation-kl/ | /servis-aircond-murah-kl/ | /aircond-installation-kl-the-ultimate-2026-guide-rk-reno-solution/ | /commercial-retail-shop-renovation-in-kuala-lumpur/ | /electrical-services-selangor-the-complete-safety-pricing-guide-2026-edition/ | /house-renovation-in-kuala-lumpur-the-ultimate-planning-cost-guide-2026/ | /house-renovation-in-selangor-the-ultimate-2026-guide-to-extending-your-home/","INTENTIONAL_CORRECTION","BROKEN_SOURCE_IMAGE_REPLACED","PRESERVE_APPROVED_ASTRO","Several exact source images remain unavailable; approved owner aircond imagery is retained"
"/upah-pasang-aircond-selangor-panduan-harga-pemasangan-2026/","Main visible content","113e8b7b40824b5b3ccfa2d2bd1fb5175fb6934aaea904cacdeb44bed2732fa2","f1455cf76e609d5af39d793d7ab73bd1ab73b6fa09e991a6a6027c3e800f8ac0","INTENTIONAL_CORRECTION","BROKEN_SOURCE_IMAGE_REPLACED","PRESERVE_APPROVED_ASTRO","Several exact source images remain unavailable; approved owner aircond imagery is retained"
"/upah-pasang-aircond-selangor-panduan-harga-pemasangan-2026/","Image references","https://secure.gravatar.com/avatar/4c7a7e136a0e22539059a09b5784869ac34f14870c8711497f9feb22be355403?s=96&d=mm&r=g | https://rkrenosolution.com/wp-content/uploads/2026/07/721430356_1623451745783563_6720154604310865920_n.jpg | https://rkrenosolution.com/wp-content/uploads/2026/07/723104253_1623451735783564_5450851965206368683_n.jpg | https://rkrenosolution.com/wp-content/uploads/2026/07/721626720_1623451799116891_7023267947651638351_n.jpg | https://rkrenosolution.com/wp-content/uploads/2026/07/721430356_1623451745783563_6720154604310865920_n.jpg","/assets/media/owner/rk-reno-wall-mounted-aircond-unit-960.webp | /assets/media/owner/rk-reno-wall-mounted-aircond-unit-960.webp | /assets/media/owner/rk-reno-wall-mounted-aircond-unit-960.webp | /assets/media/owner/rk-reno-wall-mounted-aircond-unit-960.webp","INTENTIONAL_CORRECTION","BROKEN_SOURCE_IMAGE_REPLACED","PRESERVE_APPROVED_ASTRO","Several exact source images remain unavailable; approved owner aircond imagery is retained"
"/service/building-renovation/","Meta description","Transform your existing space with expert renovations that enhance aesthetics, functionality, and value.","Improve an existing residential or commercial space with a renovation scope shaped around its condition, function and intended use.","INTENTIONAL_CORRECTION","UNSUPPORTED_CLAIM_REMOVED","PRESERVE_APPROVED_ASTRO","Foreign contacts, demo staff, projects, credentials, testimonials and Vastcon claims remain excluded"
"/service/building-renovation/","Robots","max-image-preview:large","index, follow","EQUIVALENT_SAFE","TECHNICAL_IMPLEMENTATION_DIFFERENCE","PRESERVE_APPROVED_ASTRO","The Astro control is explicit and matches the approved production indexing strategy."
"/service/building-renovation/","H1","","Building Renovation","INTENTIONAL_CORRECTION","UNSUPPORTED_CLAIM_REMOVED","PRESERVE_APPROVED_ASTRO","Foreign contacts, demo staff, projects, credentials, testimonials and Vastcon claims remain excluded"
"/service/building-renovation/","Main headings","H2:building renovation | H3:our services include | H3:working process | H4:Consultation | H4:Design & Work | H4:Complete & Maintenance | H3:Frequently asked questions | H5:What types of construction projects do you handle? | H5:How do you estimate the cost of a project? | H5:How do you ensure the quality of construction? | H5:Do you handle building permits and approvals? | H5:How do you handle unexpected issues or delays? | H3:Service List | H4:Need any helps? | H5:Call us | H5:Email us | H5:Chat with us","H1:Building Renovation | H2:Building Renovation | H3:Our Services Include | H2:Service List | H2:Working Process | H3:Consultation | H3:Design & Work | H3:Complete & Maintenance | H2:Building Renovation Questions | H2:Ready to Work Together?","INTENTIONAL_CORRECTION","UNSUPPORTED_CLAIM_REMOVED","PRESERVE_APPROVED_ASTRO","Foreign contacts, demo staff, projects, credentials, testimonials and Vastcon claims remain excluded"
"/service/building-renovation/","Open Graph description","Transform your existing space with expert renovations that enhance aesthetics, functionality, and value.","Improve an existing residential or commercial space with a renovation scope shaped around its condition, function and intended use.","INTENTIONAL_CORRECTION","UNSUPPORTED_CLAIM_REMOVED","PRESERVE_APPROVED_ASTRO","Foreign contacts, demo staff, projects, credentials, testimonials and Vastcon claims remain excluded"
"/service/building-renovation/","Open Graph image","https://rkrenosolution.com/wp-content/uploads/2026/03/RK-Reno-Solutions-Logo.png","https://rkrenosolution.com/assets/media/RK-Reno-Solutions-Logo-942f64bb.png","INTENTIONAL_CORRECTION","UNSUPPORTED_CLAIM_REMOVED","PRESERVE_APPROVED_ASTRO","Foreign contacts, demo staff, projects, credentials, testimonials and Vastcon claims remain excluded"
"/service/building-renovation/","Schema types","BreadcrumbList | Organization | Person | WebPage | WebSite","Service","EQUIVALENT_SAFE","TECHNICAL_IMPLEMENTATION_DIFFERENCE","PRESERVE_APPROVED_ASTRO","The Astro control is explicit and matches the approved production indexing strategy."
"/service/building-renovation/","Published date","2025-01-14T07:14:25+00:00","","INTENTIONAL_CORRECTION","UNSUPPORTED_CLAIM_REMOVED","PRESERVE_APPROVED_ASTRO","Foreign contacts, demo staff, projects, credentials, testimonials and Vastcon claims remain excluded"
"/service/building-renovation/","Modified date","2025-01-14T07:14:25+00:00","","INTENTIONAL_CORRECTION","UNSUPPORTED_CLAIM_REMOVED","PRESERVE_APPROVED_ASTRO","Foreign contacts, demo staff, projects, credentials, testimonials and Vastcon claims remain excluded"
"/service/building-renovation/","Sitemap presence","FALSE","TRUE","EQUIVALENT_SAFE","TECHNICAL_IMPLEMENTATION_DIFFERENCE","PRESERVE_APPROVED_ASTRO","The Astro control is explicit and matches the approved production indexing strategy."
"/service/building-renovation/","Important internal links","/ | /service/building-construction/ | /service/architecture-design/ | /service/building-renovation/ | /service/flooring-roofing/ | /service/general-contracting/ | /service/repair-expand/","/ | /service/building-renovation/ | /house-renovation-in-kuala-lumpur/ | /house-renovation-in-selangor/ | /office-renovation-in-kuala-lumpur/ | /waterproofing-contractor-kuala-lumpur/ | /contact-us/","INTENTIONAL_CORRECTION","UNSUPPORTED_CLAIM_REMOVED","PRESERVE_APPROVED_ASTRO","Foreign contacts, demo staff, projects, credentials, testimonials and Vastcon claims remain excluded"
"/service/building-renovation/","Main visible content","698398fd21c2e541090a51f3ba9a02f4b9ca4447e6958d7a3cdc5644f3320ae5","a9e8b83d4542e18ac370af05cfc1b15b3fd6d5201effdf54fb613a76783a3508","INTENTIONAL_CORRECTION","UNSUPPORTED_CLAIM_REMOVED","PRESERVE_APPROVED_ASTRO","Foreign contacts, demo staff, projects, credentials, testimonials and Vastcon claims remain excluded"
"/service/building-renovation/","Image references","https://rkrenosolution.com/wp-content/uploads/2025/01/Renovation.svg","/assets/media/Construction-workers-discussing-renovation-plans-092133b6.jpg | /assets/media/RK-Reno-Solution-contractor-reviewing-renovation-projec-1fc54dc9.jpg | /assets/media/home7-img7-f8f5cbc2.webp","INTENTIONAL_CORRECTION","UNSUPPORTED_CLAIM_REMOVED","PRESERVE_APPROVED_ASTRO","Foreign contacts, demo staff, projects, credentials, testimonials and Vastcon claims remain excluded"
"/electrical-services-selangor/","Meta description","Safe Certified Quality Certified Electrical Services Selangor Powering your property safely. RK Reno Solution provides professional Electrical Services Selangor for homes and offices. We specialize in rewiring, troubleshooting, and 3-phase upgrades. WhatsApp Us Email Quote 500+ Wiring Projects 24/7 Emergency Help 100% Safety Compliant 4.9/5 Client Rating Reliable Electrical Services Selangor & KL Electrical safety","Electrical inspection, troubleshooting, wiring and fitting work for homes, offices and commercial properties in Selangor and Kuala Lumpur.","INTENTIONAL_CORRECTION","UNSUPPORTED_CLAIM_REMOVED","PRESERVE_APPROVED_ASTRO","Unsupported certification, emergency, counter, review and guarantee claims remain excluded"
"/electrical-services-selangor/","Robots","max-image-preview:large","index, follow","EQUIVALENT_SAFE","TECHNICAL_IMPLEMENTATION_DIFFERENCE","PRESERVE_APPROVED_ASTRO","The Astro control is explicit and matches the approved production indexing strategy."
"/electrical-services-selangor/","H1","","Electrical Services Selangor","INTENTIONAL_CORRECTION","UNSUPPORTED_CLAIM_REMOVED","PRESERVE_APPROVED_ASTRO","Unsupported certification, emergency, counter, review and guarantee claims remain excluded"
"/electrical-services-selangor/","Main headings","","H1:Electrical Services Selangor | H2:Electrical Services Selangor | H2:Reliable Electrical Services Selangor & KL | H3:Comprehensive Electrical Services Selangor List | H3:1. Inspection & Diagnosis | H3:2. Proposal & Quotation | H3:3. Installation & Cabling | H3:4. Testing & Handover | H3:Quote for Electrical Services Selangor | H2:Why Choose Our Electrical Services Selangor? | H3:Complete Rewiring | H3:DB Box Upgrade | H3:Lighting & Fan | H3:Socket Installation | H3:3-Phase Upgrade | H2:FAQs on Electrical Services Selangor | H2:Related Service Guides | H2:Ready to Work Together?","INTENTIONAL_CORRECTION","UNSUPPORTED_CLAIM_REMOVED","PRESERVE_APPROVED_ASTRO","Unsupported certification, emergency, counter, review and guarantee claims remain excluded"
"/electrical-services-selangor/","Open Graph description","Safe Certified Quality Certified Electrical Services Selangor Powering your property safely. RK Reno Solution provides professional Electrical Services Selangor for homes and offices. We specialize in rewiring, troubleshooting, and 3-phase upgrades. WhatsApp Us Email Quote 500+ Wiring Projects 24/7 Emergency Help 100% Safety Compliant 4.9/5 Client Rating Reliable Electrical Services Selangor & KL Electrical safety","Electrical inspection, troubleshooting, wiring and fitting work for homes, offices and commercial properties in Selangor and Kuala Lumpur.","INTENTIONAL_CORRECTION","UNSUPPORTED_CLAIM_REMOVED","PRESERVE_APPROVED_ASTRO","Unsupported certification, emergency, counter, review and guarantee claims remain excluded"
"/electrical-services-selangor/","Open Graph image","https://rkrenosolution.com/wp-content/uploads/2026/03/RK-Reno-Solutions-Logo.png","https://rkrenosolution.com/assets/media/RK-Reno-Solutions-Logo-942f64bb.png","INTENTIONAL_CORRECTION","UNSUPPORTED_CLAIM_REMOVED","PRESERVE_APPROVED_ASTRO","Unsupported certification, emergency, counter, review and guarantee claims remain excluded"
"/electrical-services-selangor/","Schema types","BreadcrumbList | Organization | WebPage | WebSite | Electrician","Service | FAQPage","EQUIVALENT_SAFE","TECHNICAL_IMPLEMENTATION_DIFFERENCE","PRESERVE_APPROVED_ASTRO","The Astro control is explicit and matches the approved production indexing strategy."
"/electrical-services-selangor/","Published date","2026-03-28T10:14:02+00:00","","INTENTIONAL_CORRECTION","UNSUPPORTED_CLAIM_REMOVED","PRESERVE_APPROVED_ASTRO","Unsupported certification, emergency, counter, review and guarantee claims remain excluded"
"/electrical-services-selangor/","Modified date","2026-04-01T09:58:37+00:00","","INTENTIONAL_CORRECTION","UNSUPPORTED_CLAIM_REMOVED","PRESERVE_APPROVED_ASTRO","Unsupported certification, emergency, counter, review and guarantee claims remain excluded"
"/electrical-services-selangor/","Sitemap presence","FALSE","TRUE","EQUIVALENT_SAFE","TECHNICAL_IMPLEMENTATION_DIFFERENCE","PRESERVE_APPROVED_ASTRO","The Astro control is explicit and matches the approved production indexing strategy."
"/electrical-services-selangor/","Important internal links","","/ | /services/ | /electrical-services-selangor-the-complete-safety-pricing-guide-2026-edition/ | /office-renovation-in-kuala-lumpur/ | /house-renovation-in-selangor/ | /contact-us/","INTENTIONAL_CORRECTION","UNSUPPORTED_CLAIM_REMOVED","PRESERVE_APPROVED_ASTRO","Unsupported certification, emergency, counter, review and guarantee claims remain excluded"
"/electrical-services-selangor/","Main visible content","e3b0c44298fc1c149afbf4c8996fb92427ae41e4649b934ca495991b7852b855","c775f69bddbdaac43f94126e610ad135e9b438a60c6e04df93b3ea350e9eb4ae","INTENTIONAL_CORRECTION","UNSUPPORTED_CLAIM_REMOVED","PRESERVE_APPROVED_ASTRO","Unsupported certification, emergency, counter, review and guarantee claims remain excluded"
"/electrical-services-selangor/","Image references","","/assets/media/Construction-workers-discussing-renovation-plans-092133b6.jpg | /assets/media/home7-img7-f8f5cbc2.webp","INTENTIONAL_CORRECTION","UNSUPPORTED_CLAIM_REMOVED","PRESERVE_APPROVED_ASTRO","Unsupported certification, emergency, counter, review and guarantee claims remain excluded"
"/house-renovation-in-kuala-lumpur/","Meta description","Plan your house renovation cost in Kuala Lumpur with starting prices for painting, tiling, bathrooms, kitchens and condo upgrades. WhatsApp RK Reno for an estimate.","Plan painting, tiling, kitchen, bathroom, ceiling, electrical and repair work around the condition and requirements of your Kuala Lumpur property.","INTENTIONAL_CORRECTION","BROKEN_SOURCE_IMAGE_REPLACED","PRESERVE_APPROVED_ASTRO","Current WordPress living-area and kitchen image URLs fail to load"
"/house-renovation-in-kuala-lumpur/","Robots","max-image-preview:large","index, follow","EQUIVALENT_SAFE","TECHNICAL_IMPLEMENTATION_DIFFERENCE","PRESERVE_APPROVED_ASTRO","The Astro control is explicit and matches the approved production indexing strategy."
"/house-renovation-in-kuala-lumpur/","H1","","House Renovation in Kuala Lumpur","INTENTIONAL_CORRECTION","BROKEN_SOURCE_IMAGE_REPLACED","PRESERVE_APPROVED_ASTRO","Current WordPress living-area and kitchen image URLs fail to load"
"/house-renovation-in-kuala-lumpur/","Main headings","","H1:House Renovation in Kuala Lumpur | H2:House Renovation Contractor in Kuala Lumpur for Condos, Apartments & Landed Homes | H2:Home Renovation Services in Kuala Lumpur | H3:Painting & Wall Repair | H3:Tiling & Flooring | H3:Kitchen Renovation | H3:Bathroom Renovation | H3:Wet Works & Extensions | H3:Electrical, Plumbing & Aircond | H2:Minimum Starting Prices for KL Renovation Work | H3:Painting | H3:Tile Installation Labour | H3:Bathroom Refresh | H3:Basic Bathroom Renovation | H3:Basic Condo Refresh | H3:Basic Kitchen Renovation | H2:What Can Affect a Kuala Lumpur Renovation Quote? | H3:Get an Initial KL Renovation Estimate | H2:Renovation Work Examples | H2:House Renovation Process in Kuala Lumpur | H3:Share the Project | H3:Review Site & Rules | H3:Confirm Scope & Quote | H3:Complete & Inspect | H2:House Renovation Across Kuala Lumpur | H3:Renovation in Selangor | H3:Office Renovation | H3:Plaster Ceiling | H3:Waterproofing | H3:Aircond Installation | H3:KL Renovation Guide | H2:House Renovation in Kuala Lumpur FAQs | H2:Get a House Renovation Quote in Kuala Lumpur | H2:Ready to Work Together?","INTENTIONAL_CORRECTION","BROKEN_SOURCE_IMAGE_REPLACED","PRESERVE_APPROVED_ASTRO","Current WordPress living-area and kitchen image URLs fail to load"
"/house-renovation-in-kuala-lumpur/","Open Graph description","Plan your house renovation cost in Kuala Lumpur with starting prices for painting, tiling, bathrooms, kitchens and condo upgrades. WhatsApp RK Reno for an estimate.","Plan painting, tiling, kitchen, bathroom, ceiling, electrical and repair work around the condition and requirements of your Kuala Lumpur property.","INTENTIONAL_CORRECTION","BROKEN_SOURCE_IMAGE_REPLACED","PRESERVE_APPROVED_ASTRO","Current WordPress living-area and kitchen image URLs fail to load"
"/house-renovation-in-kuala-lumpur/","Open Graph image","https://rkrenosolution.com/wp-content/uploads/2026/03/RK-Reno-Solutions-Logo.png","https://rkrenosolution.com/assets/media/RK-Reno-Solutions-Logo-942f64bb.png","INTENTIONAL_CORRECTION","BROKEN_SOURCE_IMAGE_REPLACED","PRESERVE_APPROVED_ASTRO","Current WordPress living-area and kitchen image URLs fail to load"
"/house-renovation-in-kuala-lumpur/","Schema types","BreadcrumbList | Organization | WebPage | WebSite","Service | FAQPage","EQUIVALENT_SAFE","TECHNICAL_IMPLEMENTATION_DIFFERENCE","PRESERVE_APPROVED_ASTRO","The Astro control is explicit and matches the approved production indexing strategy."
"/house-renovation-in-kuala-lumpur/","Published date","2026-03-28T10:16:07+00:00","","INTENTIONAL_CORRECTION","BROKEN_SOURCE_IMAGE_REPLACED","PRESERVE_APPROVED_ASTRO","Current WordPress living-area and kitchen image URLs fail to load"
"/house-renovation-in-kuala-lumpur/","Modified date","2026-07-22T12:06:32+00:00","","INTENTIONAL_CORRECTION","BROKEN_SOURCE_IMAGE_REPLACED","PRESERVE_APPROVED_ASTRO","Current WordPress living-area and kitchen image URLs fail to load"
"/house-renovation-in-kuala-lumpur/","Sitemap presence","FALSE","TRUE","EQUIVALENT_SAFE","TECHNICAL_IMPLEMENTATION_DIFFERENCE","PRESERVE_APPROVED_ASTRO","The Astro control is explicit and matches the approved production indexing strategy."
"/house-renovation-in-kuala-lumpur/","Important internal links","","/ | /services/ | /contact-us/","INTENTIONAL_CORRECTION","BROKEN_SOURCE_IMAGE_REPLACED","PRESERVE_APPROVED_ASTRO","Current WordPress living-area and kitchen image URLs fail to load"
"/house-renovation-in-kuala-lumpur/","Main visible content","e3b0c44298fc1c149afbf4c8996fb92427ae41e4649b934ca495991b7852b855","39f8e1d81f1590783aac920bde16c5475aaf67c29982a4710bb9c1bd7dbc7573","INTENTIONAL_CORRECTION","BROKEN_SOURCE_IMAGE_REPLACED","PRESERVE_APPROVED_ASTRO","Current WordPress living-area and kitchen image URLs fail to load"
"/house-renovation-in-kuala-lumpur/","Image references","","/assets/media/Home-renovation-service-in-KL-422b205c.jpg | /assets/media/home7-img7-f8f5cbc2.webp","INTENTIONAL_CORRECTION","BROKEN_SOURCE_IMAGE_REPLACED","PRESERVE_APPROVED_ASTRO","Current WordPress living-area and kitchen image URLs fail to load"
"/house-renovation-in-selangor/","Meta description","House renovation in Selangor for painting, tiling, kitchens, bathrooms, wet works and repairs. Small jobs and full projects available. WhatsApp for a quote.","Renovation planning for houses and residential properties across Selangor, from targeted repairs and room updates to coordinated multi-trade work.","INTENTIONAL_CORRECTION","BROKEN_SOURCE_IMAGE_REPLACED","PRESERVE_APPROVED_ASTRO","Current WordPress terrace and tiling image URLs fail to load"
"/house-renovation-in-selangor/","Robots","max-image-preview:large","index, follow","EQUIVALENT_SAFE","TECHNICAL_IMPLEMENTATION_DIFFERENCE","PRESERVE_APPROVED_ASTRO","The Astro control is explicit and matches the approved production indexing strategy."
"/house-renovation-in-selangor/","H1","","House Renovation in Selangor","INTENTIONAL_CORRECTION","BROKEN_SOURCE_IMAGE_REPLACED","PRESERVE_APPROVED_ASTRO","Current WordPress terrace and tiling image URLs fail to load"
"/house-renovation-in-selangor/","Main headings","","H1:House Renovation in Selangor | H2:House Renovation Contractor in Selangor for Small Upgrades & Full Projects | H2:Renovation Work for Homes, Condos, Offices & Shops | H3:Painting & Wall Repair | H3:Tiling & Flooring | H3:Kitchen Renovation | H3:Bathroom Renovation | H3:Wet Works & Extensions | H3:Electrical, Plumbing & Aircond | H2:Minimum Starting Prices for Renovation Work | H3:Painting | H3:Tile Installation Labour | H3:Bathroom Refresh | H3:Basic Bathroom Renovation | H3:Basic Home Refresh | H3:Basic Kitchen Renovation | H2:What Changes the Renovation Price? | H3:Get an Initial Renovation Estimate | H2:Renovation Work Examples | H2:House Renovation Process | H3:Share the Project | H3:Site Review | H3:Confirm Scope & Quote | H3:Work & Handover | H2:House Renovation Across Selangor | H3:Renovation in Kuala Lumpur | H3:Renovation in Subang Jaya | H3:Office Renovation | H3:Electrical Services | H3:Aircond Installation | H2:House Renovation in Selangor FAQs | H2:Get a House Renovation Quote in Selangor | H2:Ready to Work Together?","INTENTIONAL_CORRECTION","BROKEN_SOURCE_IMAGE_REPLACED","PRESERVE_APPROVED_ASTRO","Current WordPress terrace and tiling image URLs fail to load"
"/house-renovation-in-selangor/","Open Graph description","House renovation in Selangor for painting, tiling, kitchens, bathrooms, wet works and repairs. Small jobs and full projects available. WhatsApp for a quote.","Renovation planning for houses and residential properties across Selangor, from targeted repairs and room updates to coordinated multi-trade work.","INTENTIONAL_CORRECTION","BROKEN_SOURCE_IMAGE_REPLACED","PRESERVE_APPROVED_ASTRO","Current WordPress terrace and tiling image URLs fail to load"
"/house-renovation-in-selangor/","Open Graph image","https://rkrenosolution.com/wp-content/uploads/2026/03/RK-Reno-Solutions-Logo.png","https://rkrenosolution.com/assets/media/RK-Reno-Solutions-Logo-942f64bb.png","INTENTIONAL_CORRECTION","BROKEN_SOURCE_IMAGE_REPLACED","PRESERVE_APPROVED_ASTRO","Current WordPress terrace and tiling image URLs fail to load"
"/house-renovation-in-selangor/","Schema types","BreadcrumbList | Organization | WebPage | WebSite","Service | FAQPage","EQUIVALENT_SAFE","TECHNICAL_IMPLEMENTATION_DIFFERENCE","PRESERVE_APPROVED_ASTRO","The Astro control is explicit and matches the approved production indexing strategy."
"/house-renovation-in-selangor/","Published date","2026-03-28T10:17:34+00:00","","INTENTIONAL_CORRECTION","BROKEN_SOURCE_IMAGE_REPLACED","PRESERVE_APPROVED_ASTRO","Current WordPress terrace and tiling image URLs fail to load"
"/house-renovation-in-selangor/","Modified date","2026-07-17T13:35:18+00:00","","INTENTIONAL_CORRECTION","BROKEN_SOURCE_IMAGE_REPLACED","PRESERVE_APPROVED_ASTRO","Current WordPress terrace and tiling image URLs fail to load"
"/house-renovation-in-selangor/","Sitemap presence","FALSE","TRUE","EQUIVALENT_SAFE","TECHNICAL_IMPLEMENTATION_DIFFERENCE","PRESERVE_APPROVED_ASTRO","The Astro control is explicit and matches the approved production indexing strategy."
"/house-renovation-in-selangor/","Important internal links","","/ | /services/ | /contact-us/","INTENTIONAL_CORRECTION","BROKEN_SOURCE_IMAGE_REPLACED","PRESERVE_APPROVED_ASTRO","Current WordPress terrace and tiling image URLs fail to load"
"/house-renovation-in-selangor/","Main visible content","e3b0c44298fc1c149afbf4c8996fb92427ae41e4649b934ca495991b7852b855","69e7ba6fa8c079ab9081bec9786d83a4dfe9b45ebe4987c9489a6a847df7e12d","INTENTIONAL_CORRECTION","BROKEN_SOURCE_IMAGE_REPLACED","PRESERVE_APPROVED_ASTRO","Current WordPress terrace and tiling image URLs fail to load"
"/house-renovation-in-selangor/","Image references","","/assets/media/Modern-building-renovation-and-property-improvement-b1ec6039.jpg | /assets/media/home7-img7-f8f5cbc2.webp","INTENTIONAL_CORRECTION","BROKEN_SOURCE_IMAGE_REPLACED","PRESERVE_APPROVED_ASTRO","Current WordPress terrace and tiling image URLs fail to load"
"/home-renovation-contractor-in-subang-jaya/","SEO title","Home Renovation Contractor in Subang Jaya - RK Reno SolutionHome Renovation Contractor in Subang Jaya | Free Quote","Home Renovation Contractor in Subang Jaya - RK Reno Solution","INTENTIONAL_CORRECTION","DEMO_CONTENT_REMOVED","PRESERVE_APPROVED_ASTRO","Imported review counters and testimonial material remain excluded"
"/home-renovation-contractor-in-subang-jaya/","Meta description","Home Renovation Contractor in Subang Jaya | Free Quote Warranty Included Local Experts MBSJ Compliant Top-Rated Home Renovation Contractor in Subang Jaya Are you searching for a reliable Home Renovation Contractor in Subang Jaya? Consequently, your search ends here. Transform your space with RK Reno Solution. We ensure transparent pricing and hassle-free local permits. Get","Practical renovation, repair and improvement planning for homes in Subang Jaya, with the final scope based on the property and requested work.","INTENTIONAL_CORRECTION","DEMO_CONTENT_REMOVED","PRESERVE_APPROVED_ASTRO","Imported review counters and testimonial material remain excluded"
"/home-renovation-contractor-in-subang-jaya/","Robots","max-image-preview:large","index, follow","EQUIVALENT_SAFE","TECHNICAL_IMPLEMENTATION_DIFFERENCE","PRESERVE_APPROVED_ASTRO","The Astro control is explicit and matches the approved production indexing strategy."
"/home-renovation-contractor-in-subang-jaya/","H1","Top-Rated Home Renovation Contractor in Subang Jaya","Home Renovation Contractor in Subang Jaya","INTENTIONAL_CORRECTION","DEMO_CONTENT_REMOVED","PRESERVE_APPROVED_ASTRO","Imported review counters and testimonial material remain excluded"
"/home-renovation-contractor-in-subang-jaya/","Main headings","H1:Top-Rated Home Renovation Contractor in Subang Jaya | H2:Why Choose Our Home Renovation Contractor in Subang Jaya? | H3:Estimated Renovation Costs in Subang Jaya | H3:MBSJ Permit Assistance | H3:How Our Home Renovation Contractor in Subang Jaya Works | H4:1. Free Site Visit & Consultation | H4:2. Itemized Quotation | H4:3. Dedicated Supervision | H4:4. Defect Check & Handover | H3:Ready to Remodel? | H2:What Our Local Clients Say | H4:- Sarah T., USJ 11 | H4:- Jason L., Bandar Sunway | H4:- Aiman H., SS15 | H2:Frequently Asked Questions | H4:Renovation Knowledge Hub","H1:Home Renovation Contractor in Subang Jaya | H2:Home Renovation Contractor in Subang Jaya | H2:Why Choose Our Home Renovation Contractor in Subang Jaya? | H3:Estimated Renovation Costs in Subang Jaya | H3:Estimated Renovation Costs in Subang Jaya | H3:1. Free Site Visit & Consultation | H3:2. Itemized Quotation | H3:3. Dedicated Supervision | H3:Ready to Remodel? | H2:Frequently Asked Questions | H2:Related Service Guides | H2:Ready to Work Together?","INTENTIONAL_CORRECTION","DEMO_CONTENT_REMOVED","PRESERVE_APPROVED_ASTRO","Imported review counters and testimonial material remain excluded"
"/home-renovation-contractor-in-subang-jaya/","Open Graph description","Home Renovation Contractor in Subang Jaya | Free Quote Warranty Included Local Experts MBSJ Compliant Top-Rated Home Renovation Contractor in Subang Jaya Are you searching for a reliable Home Renovation Contractor in Subang Jaya? Consequently, your search ends here. Transform your space with RK Reno Solution. We ensure transparent pricing and hassle-free local permits. Get","Practical renovation, repair and improvement planning for homes in Subang Jaya, with the final scope based on the property and requested work.","INTENTIONAL_CORRECTION","DEMO_CONTENT_REMOVED","PRESERVE_APPROVED_ASTRO","Imported review counters and testimonial material remain excluded"
"/home-renovation-contractor-in-subang-jaya/","Open Graph image","https://rkrenosolution.com/wp-content/uploads/2026/03/RK-Reno-Solutions-Logo.png","https://rkrenosolution.com/assets/media/RK-Reno-Solutions-Logo-942f64bb.png","INTENTIONAL_CORRECTION","DEMO_CONTENT_REMOVED","PRESERVE_APPROVED_ASTRO","Imported review counters and testimonial material remain excluded"
"/home-renovation-contractor-in-subang-jaya/","Schema types","BreadcrumbList | Organization | WebPage | WebSite | HomeAndConstructionBusiness","Service | FAQPage","EQUIVALENT_SAFE","TECHNICAL_IMPLEMENTATION_DIFFERENCE","PRESERVE_APPROVED_ASTRO","The Astro control is explicit and matches the approved production indexing strategy."
"/home-renovation-contractor-in-subang-jaya/","Published date","2026-04-04T13:57:54+00:00","","INTENTIONAL_CORRECTION","DEMO_CONTENT_REMOVED","PRESERVE_APPROVED_ASTRO","Imported review counters and testimonial material remain excluded"
"/home-renovation-contractor-in-subang-jaya/","Modified date","2026-04-09T12:31:59+00:00","","INTENTIONAL_CORRECTION","DEMO_CONTENT_REMOVED","PRESERVE_APPROVED_ASTRO","Imported review counters and testimonial material remain excluded"
"/home-renovation-contractor-in-subang-jaya/","Sitemap presence","FALSE","TRUE","EQUIVALENT_SAFE","TECHNICAL_IMPLEMENTATION_DIFFERENCE","PRESERVE_APPROVED_ASTRO","The Astro control is explicit and matches the approved production indexing strategy."
"/home-renovation-contractor-in-subang-jaya/","Important internal links","","/ | /services/ | /house-renovation-in-selangor-the-ultimate-2026-guide-to-extending-your-home/ | /house-renovation-in-selangor/ | /contact-us/","INTENTIONAL_CORRECTION","DEMO_CONTENT_REMOVED","PRESERVE_APPROVED_ASTRO","Imported review counters and testimonial material remain excluded"
"/home-renovation-contractor-in-subang-jaya/","Main visible content","6e5f52ad883d8054538484e1fe22be2cace180f051bb4ab7378dd06ae288a61b","cc40987810303a84c6a4ecc04be1905bceb44555b98f043ae170d0a5e0f68b92","INTENTIONAL_CORRECTION","DEMO_CONTENT_REMOVED","PRESERVE_APPROVED_ASTRO","Imported review counters and testimonial material remain excluded"
"/home-renovation-contractor-in-subang-jaya/","Image references","https://rkrenosolution.com/wp-content/uploads/2026/01/Home-renovation-contractor-in-subang-jaya-modern-living-room-makeover-usj.jpeg?q=80&w=1000&auto=format&fit=crop","/assets/media/Renovation-planning-and-project-drawings-6cfdb2fc.jpg | /assets/media/home7-img7-f8f5cbc2.webp","INTENTIONAL_CORRECTION","DEMO_CONTENT_REMOVED","PRESERVE_APPROVED_ASTRO","Imported review counters and testimonial material remain excluded"
"/office-renovation-in-kuala-lumpur/","Meta description","Office renovation contractor in Kuala Lumpur for partitions, flooring, electrical, data cabling and reinstatement. Starting rates from RM20 per sq ft. WhatsApp for a quote.","Plan office partitions, flooring, ceilings, electrical points, data requirements and reinstatement around the premises and business needs.","INTENTIONAL_CORRECTION","BROKEN_SOURCE_IMAGE_REPLACED","PRESERVE_APPROVED_ASTRO","Current WordPress visual-example images do not load; blank source positions are not presented as projects"
"/office-renovation-in-kuala-lumpur/","Robots","max-image-preview:large","index, follow","EQUIVALENT_SAFE","TECHNICAL_IMPLEMENTATION_DIFFERENCE","PRESERVE_APPROVED_ASTRO","The Astro control is explicit and matches the approved production indexing strategy."
"/office-renovation-in-kuala-lumpur/","H1","","Office Renovation in Kuala Lumpur","INTENTIONAL_CORRECTION","BROKEN_SOURCE_IMAGE_REPLACED","PRESERVE_APPROVED_ASTRO","Current WordPress visual-example images do not load; blank source positions are not presented as projects"
"/office-renovation-in-kuala-lumpur/","Main headings","","H1:Office Renovation in Kuala Lumpur | H2:Office Renovation Contractor in Kuala Lumpur for Small Offices, Corporate Fit-Outs & Reinstatement | H2:Office Fit-Out and Renovation Services | H3:Office Partitions | H3:Ceiling & Lighting | H3:Flooring & Carpet | H3:Electrical & Data Points | H3:Painting & Finishing | H3:Office Reinstatement | H2:Minimum Starting Prices for Office Renovation | H3:Light Office Refresh | H3:Basic Office Fit-Out | H3:Office Reinstatement | H2:What Changes an Office Renovation Quote? | H3:Get a More Useful Initial Estimate | H2:Office Renovation Scope by Business Need | H3:Small Office Refresh | H3:New Office Fit-Out | H3:Occupied Office Upgrade | H2:Check Commercial Building Rules Before Work Starts | H3:Renovation Application | H3:Access & Delivery | H3:Noise & Working Hours | H2:Office Renovation Visual Examples | H2:Office Renovation Process | H3:Share Plan & Requirements | H3:Review Site & Building Rules | H3:Confirm Scope & Quotation | H3:Fit-Out, Testing & Handover | H2:Office Renovation in Kuala Lumpur and Nearby Business Areas | H3:Office Renovation Guide | H3:Petaling Jaya Office Renovation | H3:Commercial & Retail Renovation | H3:Electrical Services | H3:Aircond Installation KL | H3:Plaster Ceiling KL | H2:Office Renovation Contractor KL FAQs | H2:Get an Office Renovation Quote in Kuala Lumpur | H2:Ready to Work Together?","INTENTIONAL_CORRECTION","BROKEN_SOURCE_IMAGE_REPLACED","PRESERVE_APPROVED_ASTRO","Current WordPress visual-example images do not load; blank source positions are not presented as projects"
"/office-renovation-in-kuala-lumpur/","Open Graph description","Office renovation contractor in Kuala Lumpur for partitions, flooring, electrical, data cabling and reinstatement. Starting rates from RM20 per sq ft. WhatsApp for a quote.","Plan office partitions, flooring, ceilings, electrical points, data requirements and reinstatement around the premises and business needs.","INTENTIONAL_CORRECTION","BROKEN_SOURCE_IMAGE_REPLACED","PRESERVE_APPROVED_ASTRO","Current WordPress visual-example images do not load; blank source positions are not presented as projects"
"/office-renovation-in-kuala-lumpur/","Open Graph image","https://rkrenosolution.com/wp-content/uploads/2026/03/RK-Reno-Solutions-Logo.png","https://rkrenosolution.com/assets/media/RK-Reno-Solutions-Logo-942f64bb.png","INTENTIONAL_CORRECTION","BROKEN_SOURCE_IMAGE_REPLACED","PRESERVE_APPROVED_ASTRO","Current WordPress visual-example images do not load; blank source positions are not presented as projects"
"/office-renovation-in-kuala-lumpur/","Schema types","BreadcrumbList | Organization | WebPage | WebSite","Service | FAQPage","EQUIVALENT_SAFE","TECHNICAL_IMPLEMENTATION_DIFFERENCE","PRESERVE_APPROVED_ASTRO","The Astro control is explicit and matches the approved production indexing strategy."
"/office-renovation-in-kuala-lumpur/","Published date","2026-03-28T10:20:23+00:00","","INTENTIONAL_CORRECTION","BROKEN_SOURCE_IMAGE_REPLACED","PRESERVE_APPROVED_ASTRO","Current WordPress visual-example images do not load; blank source positions are not presented as projects"
"/office-renovation-in-kuala-lumpur/","Modified date","2026-07-22T14:48:20+00:00","","INTENTIONAL_CORRECTION","BROKEN_SOURCE_IMAGE_REPLACED","PRESERVE_APPROVED_ASTRO","Current WordPress visual-example images do not load; blank source positions are not presented as projects"
"/office-renovation-in-kuala-lumpur/","Sitemap presence","FALSE","TRUE","EQUIVALENT_SAFE","TECHNICAL_IMPLEMENTATION_DIFFERENCE","PRESERVE_APPROVED_ASTRO","The Astro control is explicit and matches the approved production indexing strategy."
"/office-renovation-in-kuala-lumpur/","Important internal links","","/ | /services/ | /contact-us/","INTENTIONAL_CORRECTION","BROKEN_SOURCE_IMAGE_REPLACED","PRESERVE_APPROVED_ASTRO","Current WordPress visual-example images do not load; blank source positions are not presented as projects"
"/office-renovation-in-kuala-lumpur/","Main visible content","e3b0c44298fc1c149afbf4c8996fb92427ae41e4649b934ca495991b7852b855","2f4318440757bf2909e41cabe189da4b4c4622691c8b9692f9447b2de32a69ad","INTENTIONAL_CORRECTION","BROKEN_SOURCE_IMAGE_REPLACED","PRESERVE_APPROVED_ASTRO","Current WordPress visual-example images do not load; blank source positions are not presented as projects"
"/office-renovation-in-kuala-lumpur/","Image references","","/assets/media/Office-renovation-service-in-Selangor-7928d19d.jpg | /assets/media/home7-img7-f8f5cbc2.webp","INTENTIONAL_CORRECTION","BROKEN_SOURCE_IMAGE_REPLACED","PRESERVE_APPROVED_ASTRO","Current WordPress visual-example images do not load; blank source positions are not presented as projects"
"/waterproofing-contractor-kuala-lumpur/","Meta description","Waterproof Expert 10-Year Warranty Waterproofing Contractor Kuala Lumpur Are you dealing with annoying water leaks? Stop them permanently with RK Reno Solution. As the leading Waterproofing Contractor Kuala Lumpur, we fix roof and bathroom leaks safely. Get Your Free Quote Send Leak Photos 5000+ Leaks Fixed 10 Yrs Warranty Included 100% Dry Guarantee 4.9/5 Service","Arrange inspection for roof, bathroom, balcony, wall and concrete leakage before selecting a repair or waterproofing method.","INTENTIONAL_CORRECTION","UNSUPPORTED_CLAIM_REMOVED","PRESERVE_APPROVED_ASTRO","Lifetime-style guarantees, unsupported counters and reviews remain excluded"
"/waterproofing-contractor-kuala-lumpur/","Robots","max-image-preview:large","index, follow","EQUIVALENT_SAFE","TECHNICAL_IMPLEMENTATION_DIFFERENCE","PRESERVE_APPROVED_ASTRO","The Astro control is explicit and matches the approved production indexing strategy."
"/waterproofing-contractor-kuala-lumpur/","H1","","Waterproofing Contractor Kuala Lumpur","INTENTIONAL_CORRECTION","UNSUPPORTED_CLAIM_REMOVED","PRESERVE_APPROVED_ASTRO","Lifetime-style guarantees, unsupported counters and reviews remain excluded"
"/waterproofing-contractor-kuala-lumpur/","Main headings","","H1:Waterproofing Contractor Kuala Lumpur | H2:Waterproofing Contractor Kuala Lumpur | H2:Why Hire Our Waterproofing Contractor Kuala Lumpur Team? | H3:Estimated Waterproofing Costs in KL (2026) | H3:Estimated Waterproofing Costs in KL (2026) | H3:Top Waterproofing Contractor Kuala Lumpur Services | H3:1. Expert Leak Detection | H3:2. Method Selection | H3:3. Application Work | H3:Get A Free Quote | H2:Frequently Asked Questions | H2:Related Service Guides | H2:Ready to Work Together?","INTENTIONAL_CORRECTION","UNSUPPORTED_CLAIM_REMOVED","PRESERVE_APPROVED_ASTRO","Lifetime-style guarantees, unsupported counters and reviews remain excluded"
"/waterproofing-contractor-kuala-lumpur/","Open Graph description","Waterproof Expert 10-Year Warranty Waterproofing Contractor Kuala Lumpur Are you dealing with annoying water leaks? Stop them permanently with RK Reno Solution. As the leading Waterproofing Contractor Kuala Lumpur, we fix roof and bathroom leaks safely. Get Your Free Quote Send Leak Photos 5000+ Leaks Fixed 10 Yrs Warranty Included 100% Dry Guarantee 4.9/5 Service","Arrange inspection for roof, bathroom, balcony, wall and concrete leakage before selecting a repair or waterproofing method.","INTENTIONAL_CORRECTION","UNSUPPORTED_CLAIM_REMOVED","PRESERVE_APPROVED_ASTRO","Lifetime-style guarantees, unsupported counters and reviews remain excluded"
"/waterproofing-contractor-kuala-lumpur/","Open Graph image","https://rkrenosolution.com/wp-content/uploads/2026/03/RK-Reno-Solutions-Logo.png","https://rkrenosolution.com/assets/media/RK-Reno-Solutions-Logo-942f64bb.png","INTENTIONAL_CORRECTION","UNSUPPORTED_CLAIM_REMOVED","PRESERVE_APPROVED_ASTRO","Lifetime-style guarantees, unsupported counters and reviews remain excluded"
"/waterproofing-contractor-kuala-lumpur/","Schema types","BreadcrumbList | Organization | WebPage | WebSite | RoofingContractor","Service | FAQPage","EQUIVALENT_SAFE","TECHNICAL_IMPLEMENTATION_DIFFERENCE","PRESERVE_APPROVED_ASTRO","The Astro control is explicit and matches the approved production indexing strategy."
"/waterproofing-contractor-kuala-lumpur/","Published date","2026-03-28T10:29:02+00:00","","INTENTIONAL_CORRECTION","UNSUPPORTED_CLAIM_REMOVED","PRESERVE_APPROVED_ASTRO","Lifetime-style guarantees, unsupported counters and reviews remain excluded"
"/waterproofing-contractor-kuala-lumpur/","Modified date","2026-04-09T12:42:47+00:00","","INTENTIONAL_CORRECTION","UNSUPPORTED_CLAIM_REMOVED","PRESERVE_APPROVED_ASTRO","Lifetime-style guarantees, unsupported counters and reviews remain excluded"
"/waterproofing-contractor-kuala-lumpur/","Sitemap presence","FALSE","TRUE","EQUIVALENT_SAFE","TECHNICAL_IMPLEMENTATION_DIFFERENCE","PRESERVE_APPROVED_ASTRO","The Astro control is explicit and matches the approved production indexing strategy."
"/waterproofing-contractor-kuala-lumpur/","Important internal links","","/ | /services/ | /waterproofing-contractor-kuala-lumpur-the-complete-guide-to-stopping-leaks-2026/ | /pu-injection-waterproofing-kl-how-to-fix-wall-cracks-permanently/ | /house-renovation-in-kuala-lumpur/ | /contact-us/","INTENTIONAL_CORRECTION","UNSUPPORTED_CLAIM_REMOVED","PRESERVE_APPROVED_ASTRO","Lifetime-style guarantees, unsupported counters and reviews remain excluded"
"/waterproofing-contractor-kuala-lumpur/","Main visible content","e3b0c44298fc1c149afbf4c8996fb92427ae41e4649b934ca495991b7852b855","e83c7991d174d9b31c7cb1562003dc7d04f672bb95a6062c558f357dee3ab9ab","INTENTIONAL_CORRECTION","UNSUPPORTED_CLAIM_REMOVED","PRESERVE_APPROVED_ASTRO","Lifetime-style guarantees, unsupported counters and reviews remain excluded"
"/waterproofing-contractor-kuala-lumpur/","Image references","","/assets/media/Bathroom-waterproofing-service-in-KL-3293ca94.jpg | /assets/media/home7-img7-f8f5cbc2.webp","INTENTIONAL_CORRECTION","UNSUPPORTED_CLAIM_REMOVED","PRESERVE_APPROVED_ASTRO","Lifetime-style guarantees, unsupported counters and reviews remain excluded"
"/plaster-ceiling-contractor-kl/","Meta description","Aesthetic Modern Quality Expert Plaster Ceiling Contractor KL Transform your interiors with RK Reno Solution. We are the premier Plaster Ceiling Contractor KL, delivering flawless L-box designs, elegant cornices, and stunning light troughs for homes and offices. WhatsApp Us Email Quote 1000+ Ceilings Installed 10 Years Experience 100% Durable Gypsum 4.9/5 Client Rating Your Trusted","Plaster ceiling installation and repair for homes and offices, coordinated with lighting, aircond access and site measurements.","INTENTIONAL_CORRECTION","UNSUPPORTED_CLAIM_REMOVED","PRESERVE_APPROVED_ASTRO","Unsupported warranty, perfection and review claims remain excluded"
"/plaster-ceiling-contractor-kl/","Robots","max-image-preview:large","index, follow","EQUIVALENT_SAFE","TECHNICAL_IMPLEMENTATION_DIFFERENCE","PRESERVE_APPROVED_ASTRO","The Astro control is explicit and matches the approved production indexing strategy."
"/plaster-ceiling-contractor-kl/","H1","","Plaster Ceiling Contractor KL","INTENTIONAL_CORRECTION","UNSUPPORTED_CLAIM_REMOVED","PRESERVE_APPROVED_ASTRO","Unsupported warranty, perfection and review claims remain excluded"
"/plaster-ceiling-contractor-kl/","Main headings","","H1:Plaster Ceiling Contractor KL | H2:Expert Plaster Ceiling Contractor KL | H2:Your Trusted Plaster Ceiling Contractor KL | H3:Estimated Plaster Ceiling Costs in Kuala Lumpur (2026) | H3:Our Recent Ceiling Projects | H3:1. Design Consultation & Measurement | H3:2. Framing & Suspension | H3:3. Boarding & Plastering | H3:4. Wiring Cut-outs & Painting | H3:Quote from Plaster Ceiling Contractor KL | H2:Designs by Plaster Ceiling Contractor KL | H3:Flat Plaster Ceiling | H3:L-Box & Light Trough | H3:Cornice Installation | H3:Ceiling Repair | H3:Office Grid Ceiling | H3:Gypsum Feature Wall | H2:FAQs for Plaster Ceiling Contractor KL | H2:Related Service Guides | H2:Ready to Work Together?","INTENTIONAL_CORRECTION","UNSUPPORTED_CLAIM_REMOVED","PRESERVE_APPROVED_ASTRO","Unsupported warranty, perfection and review claims remain excluded"
"/plaster-ceiling-contractor-kl/","Open Graph description","Aesthetic Modern Quality Expert Plaster Ceiling Contractor KL Transform your interiors with RK Reno Solution. We are the premier Plaster Ceiling Contractor KL, delivering flawless L-box designs, elegant cornices, and stunning light troughs for homes and offices. WhatsApp Us Email Quote 1000+ Ceilings Installed 10 Years Experience 100% Durable Gypsum 4.9/5 Client Rating Your Trusted","Plaster ceiling installation and repair for homes and offices, coordinated with lighting, aircond access and site measurements.","INTENTIONAL_CORRECTION","UNSUPPORTED_CLAIM_REMOVED","PRESERVE_APPROVED_ASTRO","Unsupported warranty, perfection and review claims remain excluded"
"/plaster-ceiling-contractor-kl/","Open Graph image","https://rkrenosolution.com/wp-content/uploads/2026/03/RK-Reno-Solutions-Logo.png","https://rkrenosolution.com/assets/media/RK-Reno-Solutions-Logo-942f64bb.png","INTENTIONAL_CORRECTION","UNSUPPORTED_CLAIM_REMOVED","PRESERVE_APPROVED_ASTRO","Unsupported warranty, perfection and review claims remain excluded"
"/plaster-ceiling-contractor-kl/","Schema types","BreadcrumbList | Organization | WebPage | WebSite | HomeAndConstructionBusiness","Service | FAQPage","EQUIVALENT_SAFE","TECHNICAL_IMPLEMENTATION_DIFFERENCE","PRESERVE_APPROVED_ASTRO","The Astro control is explicit and matches the approved production indexing strategy."
"/plaster-ceiling-contractor-kl/","Published date","2026-03-28T10:21:35+00:00","","INTENTIONAL_CORRECTION","UNSUPPORTED_CLAIM_REMOVED","PRESERVE_APPROVED_ASTRO","Unsupported warranty, perfection and review claims remain excluded"
"/plaster-ceiling-contractor-kl/","Modified date","2026-04-04T14:31:22+00:00","","INTENTIONAL_CORRECTION","UNSUPPORTED_CLAIM_REMOVED","PRESERVE_APPROVED_ASTRO","Unsupported warranty, perfection and review claims remain excluded"
"/plaster-ceiling-contractor-kl/","Sitemap presence","FALSE","TRUE","EQUIVALENT_SAFE","TECHNICAL_IMPLEMENTATION_DIFFERENCE","PRESERVE_APPROVED_ASTRO","The Astro control is explicit and matches the approved production indexing strategy."
"/plaster-ceiling-contractor-kl/","Important internal links","","/ | /services/ | /plaster-ceiling-contractor-kl-the-ultimate-design-pricing-guide-2026/ | /office-renovation-in-kuala-lumpur/ | /house-renovation-in-kuala-lumpur/ | /contact-us/","INTENTIONAL_CORRECTION","UNSUPPORTED_CLAIM_REMOVED","PRESERVE_APPROVED_ASTRO","Unsupported warranty, perfection and review claims remain excluded"
"/plaster-ceiling-contractor-kl/","Main visible content","e3b0c44298fc1c149afbf4c8996fb92427ae41e4649b934ca495991b7852b855","d405c3bfcf996637fa7f3655833641407662e5875ab67342e07e7944270a06a5","INTENTIONAL_CORRECTION","UNSUPPORTED_CLAIM_REMOVED","PRESERVE_APPROVED_ASTRO","Unsupported warranty, perfection and review claims remain excluded"
"/plaster-ceiling-contractor-kl/","Image references","","/assets/media/Plaster-ceiling-and-aircond-installation-dd789b38.jpg | /assets/media/home7-img7-f8f5cbc2.webp","INTENTIONAL_CORRECTION","UNSUPPORTED_CLAIM_REMOVED","PRESERVE_APPROVED_ASTRO","Unsupported warranty, perfection and review claims remain excluded"
"/faq/","Meta description","How long does a typical construction project take? Project timelines vary based on size and complexity. A residential project may take 3–6 months, while larger commercial builds could require 12 months or more. Do you provide custom designs? Yes, we work closely with clients to create personalized designs that meet their needs and align with","Answers about renovation, aircond, electrical, waterproofing, ceiling, quotation and service areas.","INTENTIONAL_CORRECTION","UNSUPPORTED_CLAIM_REMOVED","PRESERVE_APPROVED_ASTRO","Imported Vastcon text, placeholder wording and warranty statements remain excluded"
"/faq/","Robots","max-image-preview:large","index, follow","EQUIVALENT_SAFE","TECHNICAL_IMPLEMENTATION_DIFFERENCE","PRESERVE_APPROVED_ASTRO","The Astro control is explicit and matches the approved production indexing strategy."
"/faq/","H1","","Frequently Asked Questions","INTENTIONAL_CORRECTION","UNSUPPORTED_CLAIM_REMOVED","PRESERVE_APPROVED_ASTRO","Imported Vastcon text, placeholder wording and warranty statements remain excluded"
"/faq/","Main headings","H5:How long does a typical construction project take? | H5:Do you provide custom designs? | H5:Are your projects eco-friendly? | H5:What’s included in your pricing plans? | H5:Do you handle permits and regulations? | H5:What warranty do you offer on your projects? | H2:Couldn’t Find Your Answer? Ask Us Questions!","H1:Frequently Asked Questions | H2:Couldn’t Find Your Answer? Ask Us Questions! | H2:Renovation and Property-Service Guidance","INTENTIONAL_CORRECTION","UNSUPPORTED_CLAIM_REMOVED","PRESERVE_APPROVED_ASTRO","Imported Vastcon text, placeholder wording and warranty statements remain excluded"
"/faq/","Open Graph description","How long does a typical construction project take? Project timelines vary based on size and complexity. A residential project may take 3–6 months, while larger commercial builds could require 12 months or more. Do you provide custom designs? Yes, we work closely with clients to create personalized designs that meet their needs and align with","Answers about renovation, aircond, electrical, waterproofing, ceiling, quotation and service areas.","INTENTIONAL_CORRECTION","UNSUPPORTED_CLAIM_REMOVED","PRESERVE_APPROVED_ASTRO","Imported Vastcon text, placeholder wording and warranty statements remain excluded"
"/faq/","Open Graph image","https://rkrenosolution.com/wp-content/uploads/2026/03/RK-Reno-Solutions-Logo.png","https://rkrenosolution.com/assets/media/RK-Reno-Solutions-Logo-942f64bb.png","INTENTIONAL_CORRECTION","UNSUPPORTED_CLAIM_REMOVED","PRESERVE_APPROVED_ASTRO","Imported Vastcon text, placeholder wording and warranty statements remain excluded"
"/faq/","Schema types","BreadcrumbList | Organization | WebPage | WebSite","FAQPage","EQUIVALENT_SAFE","TECHNICAL_IMPLEMENTATION_DIFFERENCE","PRESERVE_APPROVED_ASTRO","The Astro control is explicit and matches the approved production indexing strategy."
"/faq/","Published date","2025-01-13T03:08:11+00:00","","INTENTIONAL_CORRECTION","UNSUPPORTED_CLAIM_REMOVED","PRESERVE_APPROVED_ASTRO","Imported Vastcon text, placeholder wording and warranty statements remain excluded"
"/faq/","Modified date","2025-01-13T03:08:11+00:00","","INTENTIONAL_CORRECTION","UNSUPPORTED_CLAIM_REMOVED","PRESERVE_APPROVED_ASTRO","Imported Vastcon text, placeholder wording and warranty statements remain excluded"
"/faq/","Sitemap presence","FALSE","TRUE","EQUIVALENT_SAFE","TECHNICAL_IMPLEMENTATION_DIFFERENCE","PRESERVE_APPROVED_ASTRO","The Astro control is explicit and matches the approved production indexing strategy."
"/faq/","Important internal links","/contact-us/","/ | /contact-us/ | /services/","INTENTIONAL_CORRECTION","UNSUPPORTED_CLAIM_REMOVED","PRESERVE_APPROVED_ASTRO","Imported Vastcon text, placeholder wording and warranty statements remain excluded"
"/faq/","Main visible content","9444f23b81aae36ca92b3487c9fc8794c4cfb226ba0c199f80de059f95b2d0bb","b5beb8df8d7129de9f87081391549ed358623cb81dff1601ca11de9f97d90b67","INTENTIONAL_CORRECTION","UNSUPPORTED_CLAIM_REMOVED","PRESERVE_APPROVED_ASTRO","Imported Vastcon text, placeholder wording and warranty statements remain excluded"
"/faq/","Image references","https://rkrenosolution.com/wp-content/uploads/2025/01/faq1.webp","/assets/media/faq1-7160bab8.webp | /assets/media/Modern-building-renovation-and-property-improvement-b1ec6039.jpg","INTENTIONAL_CORRECTION","UNSUPPORTED_CLAIM_REMOVED","PRESERVE_APPROVED_ASTRO","Imported Vastcon text, placeholder wording and warranty statements remain excluded"
"/blog/","Meta description","","Practical renovation and property-service guides from RK Reno Solution.","INTENTIONAL_CORRECTION","TECHNICAL_IMPLEMENTATION_DIFFERENCE","PRESERVE_APPROVED_ASTRO","WordPress paginates a smaller visible set; Stage 1 requires all 14 retained posts"
"/blog/","Robots","max-image-preview:large","index, follow","EQUIVALENT_SAFE","TECHNICAL_IMPLEMENTATION_DIFFERENCE","PRESERVE_APPROVED_ASTRO","The Astro control is explicit and matches the approved production indexing strategy."
"/blog/","H1","","Blog","INTENTIONAL_CORRECTION","TECHNICAL_IMPLEMENTATION_DIFFERENCE","PRESERVE_APPROVED_ASTRO","WordPress paginates a smaller visible set; Stage 1 requires all 14 retained posts"
"/blog/","Main headings","H2:Pakej Deep Cleaning Rumah KL (Termasuk Pre-Hari Raya) | H2:Commercial Retail Shop Renovation in Kuala Lumpur | H2:PU Injection Waterproofing KL: How to Fix Wall Cracks Permanently | H2:Office Renovation Petaling Jaya: Corporate Fit-Out Experts","H1:Blog | H2:Aircond Installation KL: Planning Guide for 2026 | H2:Commercial Retail Shop Renovation in Kuala Lumpur | H2:Electrical Services Selangor: Safety and Quotation Guide | H2:House Renovation in Kuala Lumpur: Planning and Quotation Guide | H2:House Renovation in Selangor: Home Extension Planning Guide | H2:Office Renovation in Kuala Lumpur: Fit-Out Planning Guide | H2:Office Renovation Petaling Jaya: Corporate Fit-Out Planning | H2:Pakej Deep Cleaning Rumah KL: Scope and Enquiry Guide | H2:Plaster Ceiling Contractor KL: Design & Quotation Guide (2026) | H2:PU Injection Waterproofing KL: Crack and Leak Repair Guide | H2:Servis Aircond KL: Maintenance and Troubleshooting Guide | H2:Servis Cuci Rumah KL: Home Cleaning Planning Guide | H2:Upah Pasang Aircond Selangor: Panduan Harga & Pemasangan | H2:Waterproofing Contractor Kuala Lumpur: Leak Inspection Guide (2026) | H2:Categories | H2:Service Links","INTENTIONAL_CORRECTION","TECHNICAL_IMPLEMENTATION_DIFFERENCE","PRESERVE_APPROVED_ASTRO","WordPress paginates a smaller visible set; Stage 1 requires all 14 retained posts"
"/blog/","Open Graph description","","Practical renovation and property-service guides from RK Reno Solution.","INTENTIONAL_CORRECTION","TECHNICAL_IMPLEMENTATION_DIFFERENCE","PRESERVE_APPROVED_ASTRO","WordPress paginates a smaller visible set; Stage 1 requires all 14 retained posts"
"/blog/","Open Graph image","https://rkrenosolution.com/wp-content/uploads/2026/03/RK-Reno-Solutions-Logo.png","https://rkrenosolution.com/assets/media/RK-Reno-Solutions-Logo-942f64bb.png","INTENTIONAL_CORRECTION","TECHNICAL_IMPLEMENTATION_DIFFERENCE","PRESERVE_APPROVED_ASTRO","WordPress paginates a smaller visible set; Stage 1 requires all 14 retained posts"
"/blog/","Schema types","BreadcrumbList | CollectionPage | Organization | WebSite","CollectionPage","EQUIVALENT_SAFE","TECHNICAL_IMPLEMENTATION_DIFFERENCE","PRESERVE_APPROVED_ASTRO","The Astro control is explicit and matches the approved production indexing strategy."
"/blog/","Published date","2025-01-07T08:32:04+00:00","","INTENTIONAL_CORRECTION","TECHNICAL_IMPLEMENTATION_DIFFERENCE","PRESERVE_APPROVED_ASTRO","WordPress paginates a smaller visible set; Stage 1 requires all 14 retained posts"
"/blog/","Modified date","2025-01-07T08:32:04+00:00","","INTENTIONAL_CORRECTION","TECHNICAL_IMPLEMENTATION_DIFFERENCE","PRESERVE_APPROVED_ASTRO","WordPress paginates a smaller visible set; Stage 1 requires all 14 retained posts"
"/blog/","Sitemap presence","FALSE","TRUE","EQUIVALENT_SAFE","TECHNICAL_IMPLEMENTATION_DIFFERENCE","PRESERVE_APPROVED_ASTRO","The Astro control is explicit and matches the approved production indexing strategy."
"/blog/","Important internal links","/category/maintenance/ | /category/servis-pembersihan/ | /pakej-deep-cleaning-rumah-kl-termasuk-pre-hari-raya/ | /category/renovation/ | /commercial-retail-shop-renovation-in-kuala-lumpur/ | /pu-injection-waterproofing-kl-how-to-fix-wall-cracks-permanently/ | /category/commercial/ | /office-renovation-petaling-jaya-corporate-fit-out-experts/ | /blog/page/2/ | /blog/page/4/","/ | /aircond-installation-kl-the-ultimate-2026-guide-rk-reno-solution/ | /commercial-retail-shop-renovation-in-kuala-lumpur/ | /electrical-services-selangor-the-complete-safety-pricing-guide-2026-edition/ | /house-renovation-in-kuala-lumpur-the-ultimate-planning-cost-guide-2026/ | /house-renovation-in-selangor-the-ultimate-2026-guide-to-extending-your-home/ | /office-renovation-in-kuala-lumpur-the-2026-corporate-guide-to-productivity/ | /office-renovation-petaling-jaya-corporate-fit-out-experts/ | /pakej-deep-cleaning-rumah-kl-termasuk-pre-hari-raya/ | /plaster-ceiling-contractor-kl-the-ultimate-design-pricing-guide-2026/ | /pu-injection-waterproofing-kl-how-to-fix-wall-cracks-permanently/ | /servis-aircond-murah-kl-the-ultimate-2026-guide-to-a-colder-home/ | /servis-cuci-rumah-kl-the-ultimate-2026-guide-to-a-spotless-home/ | /upah-pasang-aircond-selangor-panduan-harga-pemasangan-2026/ | /waterproofing-contractor-kuala-lumpur-the-complete-guide-to-stopping-leaks-2026/ | /category/commercial/ | /category/hvac-guides/ | /category/maintenance/ | /category/renovation/ | /category/servis-pembersihan/ | /category/technical-guides/ | /tag/interior-finishing/ | /tag/office-fit-out/ | /tag/waterproofing/ | /services/ | /contact-us/","INTENTIONAL_CORRECTION","TECHNICAL_IMPLEMENTATION_DIFFERENCE","PRESERVE_APPROVED_ASTRO","WordPress paginates a smaller visible set; Stage 1 requires all 14 retained posts"
"/blog/","Main visible content","726a33404855f0e285a3900d2e7db87d33070d36f8a6bda090d58190c2be519a","86f7a4869eed35f57a7e6b3d32d64c2bb04463d1c56b481ef4a226687207c970","INTENTIONAL_CORRECTION","TECHNICAL_IMPLEMENTATION_DIFFERENCE","PRESERVE_APPROVED_ASTRO","WordPress paginates a smaller visible set; Stage 1 requires all 14 retained posts"
"/blog/","Image references","https://secure.gravatar.com/avatar/4c7a7e136a0e22539059a09b5784869ac34f14870c8711497f9feb22be355403?s=96&d=mm&r=g | https://secure.gravatar.com/avatar/4c7a7e136a0e22539059a09b5784869ac34f14870c8711497f9feb22be355403?s=96&d=mm&r=g | https://secure.gravatar.com/avatar/4c7a7e136a0e22539059a09b5784869ac34f14870c8711497f9feb22be355403?s=96&d=mm&r=g | https://secure.gravatar.com/avatar/4c7a7e136a0e22539059a09b5784869ac34f14870c8711497f9feb22be355403?s=96&d=mm&r=g","/assets/media/owner/rk-reno-wall-mounted-aircond-unit-960.webp | /assets/media/Renovation-contractor-for-commercial-buildings-93583952.jpg | /assets/media/Renovation-planning-and-project-drawings-6cfdb2fc.jpg | /assets/media/Home-renovation-service-in-KL-422b205c.jpg | /assets/media/Modern-building-renovation-and-property-improvement-b1ec6039.jpg | /assets/media/Office-renovation-service-in-Selangor-7928d19d.jpg | /assets/media/Office-renovation-service-in-Selangor-7928d19d.jpg | /assets/media/detailed-kitchen-cleaning-kl-67669628.jpg | /assets/media/Plaster-ceiling-and-aircond-installation-dd789b38.jpg | /assets/media/Bathroom-waterproofing-service-in-KL-3293ca94.jpg | /assets/media/owner/rk-reno-aircond-indoor-unit-service-access-960.webp | /assets/media/detailed-kitchen-cleaning-kl-67669628.jpg | /assets/media/owner/rk-reno-aircond-outdoor-condenser-720.webp | /assets/media/Bathroom-waterproofing-service-in-KL-3293ca94.jpg","INTENTIONAL_CORRECTION","TECHNICAL_IMPLEMENTATION_DIFFERENCE","PRESERVE_APPROVED_ASTRO","WordPress paginates a smaller visible set; Stage 1 requires all 14 retained posts"
"/commercial-retail-shop-renovation-in-kuala-lumpur/","Meta description","Commercial › Retail › Kuala Lumpur Commercial Retail Shop Renovation in Kuala Lumpur By RK Commercial Fit-Out Team 7 Minute Read Kuala Lumpur, MY In the highly competitive retail landscape of Kuala Lumpur, your storefront is your most powerful marketing tool. A well-designed shop does not just display products; it pulls foot traffic from the","A practical guide to planning retail layout, services, finishes, access and handover for a Kuala Lumpur shop renovation.","INTENTIONAL_CORRECTION","UNSUPPORTED_CLAIM_REMOVED","PRESERVE_APPROVED_ASTRO","Imported commercial guarantee and unsupported project-management claim remain excluded"
"/commercial-retail-shop-renovation-in-kuala-lumpur/","Robots","max-image-preview:large","index, follow","EQUIVALENT_SAFE","TECHNICAL_IMPLEMENTATION_DIFFERENCE","PRESERVE_APPROVED_ASTRO","The Astro control is explicit and matches the approved production indexing strategy."
"/commercial-retail-shop-renovation-in-kuala-lumpur/","Main headings","H1:Commercial Retail Shop Renovation in Kuala Lumpur | H2:1. The Unique Challenges of Retail Fit-Outs | H2:2. Our Core Retail Renovation Services | H3:Opening a New Branch in Kuala Lumpur? | H2:3. 2026 Retail Shop Renovation Cost Guide | H2:4. Our Fast-Track Commercial Workflow | H2:5. Why Retail Brands Trust RK Reno Solution | H3:Leave A Comment Cancel Comment","H1:Commercial Retail Shop Renovation in Kuala Lumpur | H2:Commercial Retail Shop Renovation in Kuala Lumpur | H2:1. The Unique Challenges of Retail Fit-Outs | H2:2. Our Core Retail Renovation Services | H3:Opening a New Branch in Kuala Lumpur? | H2:3. 2026 Retail Shop Renovation Cost Guide | H2:4. Our Fast-Track Commercial Workflow | H2:5. Why Retail Brands Trust RK Reno Solution | H2:Request a clear scope and quotation | H2:Related service | H2:Recent guides | H2:Search","INTENTIONAL_CORRECTION","UNSUPPORTED_CLAIM_REMOVED","PRESERVE_APPROVED_ASTRO","Imported commercial guarantee and unsupported project-management claim remain excluded"
"/commercial-retail-shop-renovation-in-kuala-lumpur/","Open Graph description","Commercial › Retail › Kuala Lumpur Commercial Retail Shop Renovation in Kuala Lumpur By RK Commercial Fit-Out Team 7 Minute Read Kuala Lumpur, MY In the highly competitive retail landscape of Kuala Lumpur, your storefront is your most powerful marketing tool. A well-designed shop does not just display products; it pulls foot traffic from the","A practical guide to planning retail layout, services, finishes, access and handover for a Kuala Lumpur shop renovation.","INTENTIONAL_CORRECTION","UNSUPPORTED_CLAIM_REMOVED","PRESERVE_APPROVED_ASTRO","Imported commercial guarantee and unsupported project-management claim remain excluded"
"/commercial-retail-shop-renovation-in-kuala-lumpur/","Open Graph image","https://rkrenosolution.com/wp-content/uploads/2026/03/RK-Reno-Solutions-Logo.png","https://rkrenosolution.com/assets/media/RK-Reno-Solutions-Logo-942f64bb.png","INTENTIONAL_CORRECTION","UNSUPPORTED_CLAIM_REMOVED","PRESERVE_APPROVED_ASTRO","Imported commercial guarantee and unsupported project-management claim remain excluded"
"/commercial-retail-shop-renovation-in-kuala-lumpur/","Schema types","BlogPosting | BreadcrumbList | Organization | Person | WebPage | WebSite | FAQPage","BlogPosting","EQUIVALENT_SAFE","TECHNICAL_IMPLEMENTATION_DIFFERENCE","PRESERVE_APPROVED_ASTRO","The Astro control is explicit and matches the approved production indexing strategy."
"/commercial-retail-shop-renovation-in-kuala-lumpur/","Published date","2026-04-04T14:10:19+00:00","2026-04-04T14:10:19","INTENTIONAL_CORRECTION","UNSUPPORTED_CLAIM_REMOVED","PRESERVE_APPROVED_ASTRO","Imported commercial guarantee and unsupported project-management claim remain excluded"
"/commercial-retail-shop-renovation-in-kuala-lumpur/","Modified date","2026-04-04T14:12:15+00:00","2026-04-04T14:12:15","INTENTIONAL_CORRECTION","UNSUPPORTED_CLAIM_REMOVED","PRESERVE_APPROVED_ASTRO","Imported commercial guarantee and unsupported project-management claim remain excluded"
"/commercial-retail-shop-renovation-in-kuala-lumpur/","Sitemap presence","FALSE","TRUE","EQUIVALENT_SAFE","TECHNICAL_IMPLEMENTATION_DIFFERENCE","PRESERVE_APPROVED_ASTRO","The Astro control is explicit and matches the approved production indexing strategy."
"/commercial-retail-shop-renovation-in-kuala-lumpur/","Important internal links","/commercial-retail-shop-renovation-in-kuala-lumpur/ | /about/ | / | /house-renovation-in-kuala-lumpur/ | /electrical-services-selangor/ | /upah-pasang-aircond-selangor/ | /plaster-ceiling-contractor-kl/ | /tag/interior-finishing/ | /pu-injection-waterproofing-kl-how-to-fix-wall-cracks-permanently/ | /blog/ | /pakej-deep-cleaning-rumah-kl-termasuk-pre-hari-raya/","/ | /about-us/ | /house-renovation-in-kuala-lumpur/ | /electrical-services-selangor/ | /upah-pasang-aircond-selangor/ | /plaster-ceiling-contractor-kl/ | /office-renovation-in-kuala-lumpur/ | /aircond-installation-kl-the-ultimate-2026-guide-rk-reno-solution/ | /commercial-retail-shop-renovation-in-kuala-lumpur/ | /electrical-services-selangor-the-complete-safety-pricing-guide-2026-edition/ | /house-renovation-in-kuala-lumpur-the-ultimate-planning-cost-guide-2026/ | /house-renovation-in-selangor-the-ultimate-2026-guide-to-extending-your-home/","INTENTIONAL_CORRECTION","UNSUPPORTED_CLAIM_REMOVED","PRESERVE_APPROVED_ASTRO","Imported commercial guarantee and unsupported project-management claim remain excluded"
"/commercial-retail-shop-renovation-in-kuala-lumpur/","Main visible content","26b124638848c9a42bfd23a47dcd1b5262f5a5ec21dffa9f2786fcdc14161171","8f11e03684932273d26d74a329712a050d766560b19a62b84b5a704b614fb041","INTENTIONAL_CORRECTION","UNSUPPORTED_CLAIM_REMOVED","PRESERVE_APPROVED_ASTRO","Imported commercial guarantee and unsupported project-management claim remain excluded"
"/commercial-retail-shop-renovation-in-kuala-lumpur/","Image references","https://secure.gravatar.com/avatar/4c7a7e136a0e22539059a09b5784869ac34f14870c8711497f9feb22be355403?s=96&d=mm&r=g | https://rkrenosolution.com/wp-content/uploads/2026/01/Commercial-retail-shop-renovation-in-Kuala-Lumpur-showing-custom-display-shelving.jpeg?q=80&w=1000&auto=format&fit=crop","/assets/media/Renovation-contractor-for-commercial-buildings-93583952.jpg","INTENTIONAL_CORRECTION","UNSUPPORTED_CLAIM_REMOVED","PRESERVE_APPROVED_ASTRO","Imported commercial guarantee and unsupported project-management claim remain excluded"
"/office-renovation-petaling-jaya-corporate-fit-out-experts/","Meta description","Services › Commercial › Petaling Jaya Office Renovation Petaling Jaya: Corporate Fit-Out Experts By RK Reno Commercial Team 7 Minute Read Petaling Jaya, Selangor Petaling Jaya is rapidly expanding as Selangor’s premier corporate hub. Your workspace is more than just desks and chairs; it is a critical tool for employee productivity and reflecting your brand","Plan a Petaling Jaya office fit-out around layout, services, building requirements, access and the agreed handover condition.","INTENTIONAL_CORRECTION","TECHNICAL_IMPLEMENTATION_DIFFERENCE","PRESERVE_APPROVED_ASTRO","Static Astro sidebar search is intentionally disabled on staging"
"/office-renovation-petaling-jaya-corporate-fit-out-experts/","Robots","max-image-preview:large","index, follow","EQUIVALENT_SAFE","TECHNICAL_IMPLEMENTATION_DIFFERENCE","PRESERVE_APPROVED_ASTRO","The Astro control is explicit and matches the approved production indexing strategy."
"/office-renovation-petaling-jaya-corporate-fit-out-experts/","Main headings","H1:Office Renovation Petaling Jaya: Corporate Fit-Out Experts | H2:1. The Unique Demands of PJ Office Fit-Outs | H2:2. Our Core Corporate Renovation Services | H3:Expanding Your Business in Petaling Jaya? | H2:3. Estimated Office Renovation Cost Guide (2026) | H2:4. Our 4-Step Seamless Fit-Out Process | H2:5. Expert Office Reinstatement Works | H3:Leave A Comment Cancel Comment","H1:Office Renovation Petaling Jaya: Corporate Fit-Out Experts | H2:Office Renovation Petaling Jaya: Corporate Fit-Out Experts | H2:1. The Unique Demands of PJ Office Fit-Outs | H2:2. Our Core Corporate Renovation Services | H3:Expanding Your Business in Petaling Jaya? | H2:3. Estimated Office Renovation Cost Guide (2026) | H2:4. Our 4-Step Seamless Fit-Out Process | H2:5. Expert Office Reinstatement Works | H2:Request a clear scope and quotation | H2:Related service | H2:Recent guides | H2:Search","INTENTIONAL_CORRECTION","TECHNICAL_IMPLEMENTATION_DIFFERENCE","PRESERVE_APPROVED_ASTRO","Static Astro sidebar search is intentionally disabled on staging"
"/office-renovation-petaling-jaya-corporate-fit-out-experts/","Open Graph description","Services › Commercial › Petaling Jaya Office Renovation Petaling Jaya: Corporate Fit-Out Experts By RK Reno Commercial Team 7 Minute Read Petaling Jaya, Selangor Petaling Jaya is rapidly expanding as Selangor’s premier corporate hub. Your workspace is more than just desks and chairs; it is a critical tool for employee productivity and reflecting your brand","Plan a Petaling Jaya office fit-out around layout, services, building requirements, access and the agreed handover condition.","INTENTIONAL_CORRECTION","TECHNICAL_IMPLEMENTATION_DIFFERENCE","PRESERVE_APPROVED_ASTRO","Static Astro sidebar search is intentionally disabled on staging"
"/office-renovation-petaling-jaya-corporate-fit-out-experts/","Open Graph image","https://rkrenosolution.com/wp-content/uploads/2026/03/RK-Reno-Solutions-Logo.png","https://rkrenosolution.com/assets/media/RK-Reno-Solutions-Logo-942f64bb.png","INTENTIONAL_CORRECTION","TECHNICAL_IMPLEMENTATION_DIFFERENCE","PRESERVE_APPROVED_ASTRO","Static Astro sidebar search is intentionally disabled on staging"
"/office-renovation-petaling-jaya-corporate-fit-out-experts/","Schema types","BlogPosting | BreadcrumbList | Organization | Person | WebPage | WebSite | FAQPage","BlogPosting","EQUIVALENT_SAFE","TECHNICAL_IMPLEMENTATION_DIFFERENCE","PRESERVE_APPROVED_ASTRO","The Astro control is explicit and matches the approved production indexing strategy."
"/office-renovation-petaling-jaya-corporate-fit-out-experts/","Published date","2026-04-04T14:02:23+00:00","2026-04-04T14:02:23","INTENTIONAL_CORRECTION","TECHNICAL_IMPLEMENTATION_DIFFERENCE","PRESERVE_APPROVED_ASTRO","Static Astro sidebar search is intentionally disabled on staging"
"/office-renovation-petaling-jaya-corporate-fit-out-experts/","Modified date","2026-04-04T14:03:02+00:00","2026-04-04T14:03:02","INTENTIONAL_CORRECTION","TECHNICAL_IMPLEMENTATION_DIFFERENCE","PRESERVE_APPROVED_ASTRO","Static Astro sidebar search is intentionally disabled on staging"
"/office-renovation-petaling-jaya-corporate-fit-out-experts/","Sitemap presence","FALSE","TRUE","EQUIVALENT_SAFE","TECHNICAL_IMPLEMENTATION_DIFFERENCE","PRESERVE_APPROVED_ASTRO","The Astro control is explicit and matches the approved production indexing strategy."
"/office-renovation-petaling-jaya-corporate-fit-out-experts/","Important internal links","/office-renovation-petaling-jaya-corporate-fit-out-experts/ | /about/ | / | /upah-pasang-aircond-selangor/ | /house-renovation-in-kuala-lumpur/ | /waterproofing-contractor-kuala-lumpur-the-complete-guide-to-stopping-leaks-2026/ | /blog/ | /pu-injection-waterproofing-kl-how-to-fix-wall-cracks-permanently/","/ | /about-us/ | /upah-pasang-aircond-selangor/ | /house-renovation-in-kuala-lumpur/ | /office-renovation-in-kuala-lumpur/ | /aircond-installation-kl-the-ultimate-2026-guide-rk-reno-solution/ | /commercial-retail-shop-renovation-in-kuala-lumpur/ | /electrical-services-selangor-the-complete-safety-pricing-guide-2026-edition/ | /house-renovation-in-kuala-lumpur-the-ultimate-planning-cost-guide-2026/ | /house-renovation-in-selangor-the-ultimate-2026-guide-to-extending-your-home/","INTENTIONAL_CORRECTION","TECHNICAL_IMPLEMENTATION_DIFFERENCE","PRESERVE_APPROVED_ASTRO","Static Astro sidebar search is intentionally disabled on staging"
"/office-renovation-petaling-jaya-corporate-fit-out-experts/","Main visible content","c1470a448048f1e46c05ed0fa9d38619ccc8001347d65b23aa4bea4ff45bfb42","57903a4ff552362098bceaf415eab7f053695e56bdaaf8805917482cd14113a2","INTENTIONAL_CORRECTION","TECHNICAL_IMPLEMENTATION_DIFFERENCE","PRESERVE_APPROVED_ASTRO","Static Astro sidebar search is intentionally disabled on staging"
"/office-renovation-petaling-jaya-corporate-fit-out-experts/","Image references","https://secure.gravatar.com/avatar/4c7a7e136a0e22539059a09b5784869ac34f14870c8711497f9feb22be355403?s=96&d=mm&r=g | https://rkrenosolution.com/wp-content/uploads/2026/01/Office-renovation-petaling-jaya-corporate-fit-out-experts.jpeg?q=80&w=1000&auto=format&fit=crop","/assets/media/Office-renovation-service-in-Selangor-7928d19d.jpg","INTENTIONAL_CORRECTION","TECHNICAL_IMPLEMENTATION_DIFFERENCE","PRESERVE_APPROVED_ASTRO","Static Astro sidebar search is intentionally disabled on staging"
"/waterproofing-contractor-kuala-lumpur-the-complete-guide-to-stopping-leaks-2026/","Meta description","Services › Maintenance › Waterproofing Waterproofing Contractor Kuala Lumpur: The Complete Guide to Stopping Leaks (2026) By RK Leak Detection Expert 10 Minute Read Kuala Lumpur, MY Water leakage is an insidious problem. It starts as a small yellow stain on your ceiling or peeling paint on a wall. Ignored for too long, it rots","Understand common leakage signs, inspection areas and quotation factors without assuming a permanent result before the source is assessed.","INTENTIONAL_CORRECTION","UNSUPPORTED_CLAIM_REMOVED","PRESERVE_APPROVED_ASTRO","Fixed one-to-ten-year warranty and free-repair promise remain excluded"
"/waterproofing-contractor-kuala-lumpur-the-complete-guide-to-stopping-leaks-2026/","Robots","max-image-preview:large","index, follow","EQUIVALENT_SAFE","TECHNICAL_IMPLEMENTATION_DIFFERENCE","PRESERVE_APPROVED_ASTRO","The Astro control is explicit and matches the approved production indexing strategy."
"/waterproofing-contractor-kuala-lumpur-the-complete-guide-to-stopping-leaks-2026/","Main headings","H1:Waterproofing Contractor Kuala Lumpur: The Complete Guide to Stopping Leaks (2026) | H2:1. Where is the Water Coming From? | H3:Inter-Floor Leaks (Bathrooms) | H3:RC Flat Roofs & Balconies | H3:External Wall Seepage | H2:2. The Magic of PU Injection (No-Hacking Required) | H2:3. Torch-On Membrane for Flat Roofs | H3:Is Your Ceiling Turning Yellow? | H2:4. Our Detection & Repair Process | H2:5. Waterproofing Cost Guide (KL 2026) | H2:6. Why Trust RK Reno Solution? | H3:Leave A Comment Cancel Comment","H1:Waterproofing Contractor Kuala Lumpur: The Complete Guide to Stopping Leaks (2026) | H2:Waterproofing Contractor Kuala Lumpur: The Complete Guide to Stopping Leaks (2026) | H2:1. Where is the Water Coming From? | H3:Inter-Floor Leaks (Bathrooms) | H3:RC Flat Roofs & Balconies | H3:External Wall Seepage | H2:2. The Magic of PU Injection (No-Hacking Required) | H2:3. Torch-On Membrane for Flat Roofs | H3:Is Your Ceiling Turning Yellow? | H2:4. Our Detection & Repair Process | H2:5. Waterproofing Cost Guide (KL 2026) | H2:6. Why Trust RK Reno Solution? | H2:Request a clear scope and quotation | H2:Related service | H2:Recent guides | H2:Search","INTENTIONAL_CORRECTION","UNSUPPORTED_CLAIM_REMOVED","PRESERVE_APPROVED_ASTRO","Fixed one-to-ten-year warranty and free-repair promise remain excluded"
"/waterproofing-contractor-kuala-lumpur-the-complete-guide-to-stopping-leaks-2026/","Open Graph description","Services › Maintenance › Waterproofing Waterproofing Contractor Kuala Lumpur: The Complete Guide to Stopping Leaks (2026) By RK Leak Detection Expert 10 Minute Read Kuala Lumpur, MY Water leakage is an insidious problem. It starts as a small yellow stain on your ceiling or peeling paint on a wall. Ignored for too long, it rots","Understand common leakage signs, inspection areas and quotation factors without assuming a permanent result before the source is assessed.","INTENTIONAL_CORRECTION","UNSUPPORTED_CLAIM_REMOVED","PRESERVE_APPROVED_ASTRO","Fixed one-to-ten-year warranty and free-repair promise remain excluded"
"/waterproofing-contractor-kuala-lumpur-the-complete-guide-to-stopping-leaks-2026/","Open Graph image","https://rkrenosolution.com/wp-content/uploads/2026/03/RK-Reno-Solutions-Logo.png","https://rkrenosolution.com/assets/media/RK-Reno-Solutions-Logo-942f64bb.png","INTENTIONAL_CORRECTION","UNSUPPORTED_CLAIM_REMOVED","PRESERVE_APPROVED_ASTRO","Fixed one-to-ten-year warranty and free-repair promise remain excluded"
"/waterproofing-contractor-kuala-lumpur-the-complete-guide-to-stopping-leaks-2026/","Schema types","BlogPosting | BreadcrumbList | Organization | Person | WebPage | WebSite | FAQPage","BlogPosting","EQUIVALENT_SAFE","TECHNICAL_IMPLEMENTATION_DIFFERENCE","PRESERVE_APPROVED_ASTRO","The Astro control is explicit and matches the approved production indexing strategy."
"/waterproofing-contractor-kuala-lumpur-the-complete-guide-to-stopping-leaks-2026/","Published date","2026-03-28T11:42:55+00:00","2026-03-28T11:42:55","INTENTIONAL_CORRECTION","UNSUPPORTED_CLAIM_REMOVED","PRESERVE_APPROVED_ASTRO","Fixed one-to-ten-year warranty and free-repair promise remain excluded"
"/waterproofing-contractor-kuala-lumpur-the-complete-guide-to-stopping-leaks-2026/","Modified date","2026-03-28T11:43:38+00:00","2026-03-28T11:43:38","INTENTIONAL_CORRECTION","UNSUPPORTED_CLAIM_REMOVED","PRESERVE_APPROVED_ASTRO","Fixed one-to-ten-year warranty and free-repair promise remain excluded"
"/waterproofing-contractor-kuala-lumpur-the-complete-guide-to-stopping-leaks-2026/","Sitemap presence","FALSE","TRUE","EQUIVALENT_SAFE","TECHNICAL_IMPLEMENTATION_DIFFERENCE","PRESERVE_APPROVED_ASTRO","The Astro control is explicit and matches the approved production indexing strategy."
"/waterproofing-contractor-kuala-lumpur-the-complete-guide-to-stopping-leaks-2026/","Important internal links","/waterproofing-contractor-kuala-lumpur-the-complete-guide-to-stopping-leaks-2026/ | / | /plaster-ceiling-contractor-kl/ | /house-renovation-in-kuala-lumpur/ | /tag/waterproofing/ | /upah-pasang-aircond-selangor-panduan-harga-pemasangan-2026/ | /blog/ | /office-renovation-petaling-jaya-corporate-fit-out-experts/","/ | /plaster-ceiling-contractor-kl/ | /house-renovation-in-kuala-lumpur/ | /waterproofing-contractor-kuala-lumpur/ | /aircond-installation-kl-the-ultimate-2026-guide-rk-reno-solution/ | /commercial-retail-shop-renovation-in-kuala-lumpur/ | /electrical-services-selangor-the-complete-safety-pricing-guide-2026-edition/ | /house-renovation-in-kuala-lumpur-the-ultimate-planning-cost-guide-2026/ | /house-renovation-in-selangor-the-ultimate-2026-guide-to-extending-your-home/","INTENTIONAL_CORRECTION","UNSUPPORTED_CLAIM_REMOVED","PRESERVE_APPROVED_ASTRO","Fixed one-to-ten-year warranty and free-repair promise remain excluded"
"/waterproofing-contractor-kuala-lumpur-the-complete-guide-to-stopping-leaks-2026/","Main visible content","99d306364a70563bfff8cc210bc3ae97b8392699f9773c9041242c72460096a0","265a19c9d4e55ba0501b83acb0f1cc28219a798ba7bc57c7a5c5b7b99024307c","INTENTIONAL_CORRECTION","UNSUPPORTED_CLAIM_REMOVED","PRESERVE_APPROVED_ASTRO","Fixed one-to-ten-year warranty and free-repair promise remain excluded"
"/waterproofing-contractor-kuala-lumpur-the-complete-guide-to-stopping-leaks-2026/","Image references","https://secure.gravatar.com/avatar/4c7a7e136a0e22539059a09b5784869ac34f14870c8711497f9feb22be355403?s=96&d=mm&r=g | https://rkrenosolution.com/wp-content/uploads/2026/01/Waterproofing-Contractor-Kuala-Lumpur-technician-inspecting-ceiling-leak-for-PU-injection-repair.jpeg?q=80&w=1000&auto=format&fit=crop","/assets/media/Bathroom-waterproofing-service-in-KL-3293ca94.jpg","INTENTIONAL_CORRECTION","UNSUPPORTED_CLAIM_REMOVED","PRESERVE_APPROVED_ASTRO","Fixed one-to-ten-year warranty and free-repair promise remain excluded"
"/plaster-ceiling-contractor-kl-the-ultimate-design-pricing-guide-2026/","Meta description","Services › Interior Finishing › Ceiling Works Plaster Ceiling Contractor KL: The Ultimate Design & Pricing Guide (2026) By RK Finishing Expert 8 Minute Read Kuala Lumpur, MY The ceiling is the largest uninterrupted surface in your home or office, yet it is often the most overlooked. A well-designed plaster ceiling does more than just","Review ceiling types, lighting coordination, repair considerations and the site information needed for a useful quotation.","INTENTIONAL_CORRECTION","TECHNICAL_IMPLEMENTATION_DIFFERENCE","PRESERVE_APPROVED_ASTRO","Static Astro sidebar search is intentionally disabled on staging"
"/plaster-ceiling-contractor-kl-the-ultimate-design-pricing-guide-2026/","Robots","max-image-preview:large","index, follow","EQUIVALENT_SAFE","TECHNICAL_IMPLEMENTATION_DIFFERENCE","PRESERVE_APPROVED_ASTRO","The Astro control is explicit and matches the approved production indexing strategy."
"/plaster-ceiling-contractor-kl-the-ultimate-design-pricing-guide-2026/","H1","Plaster Ceiling Contractor KL: The Ultimate Design & Pricing Guide (2026)","Plaster Ceiling Contractor KL: The Ultimate Design &amp; Pricing Guide (2026)","INTENTIONAL_CORRECTION","TECHNICAL_IMPLEMENTATION_DIFFERENCE","PRESERVE_APPROVED_ASTRO","Static Astro sidebar search is intentionally disabled on staging"
"/plaster-ceiling-contractor-kl-the-ultimate-design-pricing-guide-2026/","Main headings","H1:Plaster Ceiling Contractor KL: The Ultimate Design & Pricing Guide (2026) | H2:1. Popular Plaster Ceiling Designs | H3:The Flat Ceiling | H3:L-Box & Cove Lighting (Light Troughs) | H3:Cornice Moldings | H3:Grid Ceilings (For Commercial Offices) | H2:2. The Flawless Installation Process | H2:3. Integrating Lighting and Air Conditioning | H3:Transform Your Living Space | H2:4. Plaster Ceiling Cost Guide (KL 2026) | H2:5. Solving Water Damage and Sagging | H2:6. Why Choose RK Reno Solution? | H3:Leave A Comment Cancel Comment","H1:Plaster Ceiling Contractor KL: The Ultimate Design &amp; Pricing Guide (2026) | H2:Plaster Ceiling Contractor KL: The Ultimate Design & Pricing Guide (2026) | H2:1. Popular Plaster Ceiling Designs | H3:The Flat Ceiling | H3:L-Box & Cove Lighting (Light Troughs) | H3:Cornice Moldings | H3:Grid Ceilings (For Commercial Offices) | H2:2. The Flawless Installation Process | H2:3. Integrating Lighting and Air Conditioning | H3:Transform Your Living Space | H2:4. Plaster Ceiling Cost Guide (KL 2026) | H2:5. Solving Water Damage and Sagging | H2:6. Why Choose RK Reno Solution? | H2:Request a clear scope and quotation | H2:Related service | H2:Recent guides | H2:Search","INTENTIONAL_CORRECTION","TECHNICAL_IMPLEMENTATION_DIFFERENCE","PRESERVE_APPROVED_ASTRO","Static Astro sidebar search is intentionally disabled on staging"
"/plaster-ceiling-contractor-kl-the-ultimate-design-pricing-guide-2026/","Open Graph description","Services › Interior Finishing › Ceiling Works Plaster Ceiling Contractor KL: The Ultimate Design & Pricing Guide (2026) By RK Finishing Expert 8 Minute Read Kuala Lumpur, MY The ceiling is the largest uninterrupted surface in your home or office, yet it is often the most overlooked. A well-designed plaster ceiling does more than just","Review ceiling types, lighting coordination, repair considerations and the site information needed for a useful quotation.","INTENTIONAL_CORRECTION","TECHNICAL_IMPLEMENTATION_DIFFERENCE","PRESERVE_APPROVED_ASTRO","Static Astro sidebar search is intentionally disabled on staging"
"/plaster-ceiling-contractor-kl-the-ultimate-design-pricing-guide-2026/","Open Graph image","https://rkrenosolution.com/wp-content/uploads/2026/03/RK-Reno-Solutions-Logo.png","https://rkrenosolution.com/assets/media/RK-Reno-Solutions-Logo-942f64bb.png","INTENTIONAL_CORRECTION","TECHNICAL_IMPLEMENTATION_DIFFERENCE","PRESERVE_APPROVED_ASTRO","Static Astro sidebar search is intentionally disabled on staging"
"/plaster-ceiling-contractor-kl-the-ultimate-design-pricing-guide-2026/","Schema types","BlogPosting | BreadcrumbList | Organization | Person | WebPage | WebSite | FAQPage","BlogPosting","EQUIVALENT_SAFE","TECHNICAL_IMPLEMENTATION_DIFFERENCE","PRESERVE_APPROVED_ASTRO","The Astro control is explicit and matches the approved production indexing strategy."
"/plaster-ceiling-contractor-kl-the-ultimate-design-pricing-guide-2026/","Published date","2026-03-28T11:22:52+00:00","2026-03-28T11:22:52","INTENTIONAL_CORRECTION","TECHNICAL_IMPLEMENTATION_DIFFERENCE","PRESERVE_APPROVED_ASTRO","Static Astro sidebar search is intentionally disabled on staging"
"/plaster-ceiling-contractor-kl-the-ultimate-design-pricing-guide-2026/","Modified date","2026-03-28T11:24:06+00:00","2026-03-28T11:24:06","INTENTIONAL_CORRECTION","TECHNICAL_IMPLEMENTATION_DIFFERENCE","PRESERVE_APPROVED_ASTRO","Static Astro sidebar search is intentionally disabled on staging"
"/plaster-ceiling-contractor-kl-the-ultimate-design-pricing-guide-2026/","Sitemap presence","FALSE","TRUE","EQUIVALENT_SAFE","TECHNICAL_IMPLEMENTATION_DIFFERENCE","PRESERVE_APPROVED_ASTRO","The Astro control is explicit and matches the approved production indexing strategy."
"/plaster-ceiling-contractor-kl-the-ultimate-design-pricing-guide-2026/","Important internal links","/plaster-ceiling-contractor-kl-the-ultimate-design-pricing-guide-2026/ | / | /electrical-services-selangor/ | /office-renovation-in-kuala-lumpur/ | /upah-pasang-aircond-selangor/ | /tag/ceiling-works/ | /tag/interior-finishing/ | /office-renovation-in-kuala-lumpur-the-2026-corporate-guide-to-productivity/ | /blog/ | /servis-aircond-murah-kl-the-ultimate-2026-guide-to-a-colder-home/","/ | /electrical-services-selangor/ | /office-renovation-in-kuala-lumpur/ | /upah-pasang-aircond-selangor/ | /plaster-ceiling-contractor-kl/ | /aircond-installation-kl-the-ultimate-2026-guide-rk-reno-solution/ | /commercial-retail-shop-renovation-in-kuala-lumpur/ | /electrical-services-selangor-the-complete-safety-pricing-guide-2026-edition/ | /house-renovation-in-kuala-lumpur-the-ultimate-planning-cost-guide-2026/ | /house-renovation-in-selangor-the-ultimate-2026-guide-to-extending-your-home/","INTENTIONAL_CORRECTION","TECHNICAL_IMPLEMENTATION_DIFFERENCE","PRESERVE_APPROVED_ASTRO","Static Astro sidebar search is intentionally disabled on staging"
"/plaster-ceiling-contractor-kl-the-ultimate-design-pricing-guide-2026/","Main visible content","41d8f00fcf0f7c70265165235d8194a3b8b7adfc40f86e748bbd9d277df52658","1a41c2f5321460b6ff26bf0ad3bddd39e0e92c787f58963ccb2eb8392e19eff2","INTENTIONAL_CORRECTION","TECHNICAL_IMPLEMENTATION_DIFFERENCE","PRESERVE_APPROVED_ASTRO","Static Astro sidebar search is intentionally disabled on staging"
"/plaster-ceiling-contractor-kl-the-ultimate-design-pricing-guide-2026/","Image references","https://secure.gravatar.com/avatar/4c7a7e136a0e22539059a09b5784869ac34f14870c8711497f9feb22be355403?s=96&d=mm&r=g | https://rkrenosolution.com/wp-content/uploads/2026/01/Plaster-Ceiling-Contractor-KL-installing-modern-L-box-gypsum-ceiling-with-cove-lighting-in-living-room.jpeg?q=80&w=1000&auto=format&fit=crop","/assets/media/Plaster-ceiling-and-aircond-installation-dd789b38.jpg","INTENTIONAL_CORRECTION","TECHNICAL_IMPLEMENTATION_DIFFERENCE","PRESERVE_APPROVED_ASTRO","Static Astro sidebar search is intentionally disabled on staging"
"/aircond-installation-kl-the-ultimate-2026-guide-rk-reno-solution/","Meta description","Services › HVAC Guides › Installation Aircond Installation KL: The Definitive Guide to Cooling Your Home (2026 Edition) By RK Reno Expert 10 Minute Read Kuala Lumpur, MY Living in Kuala Lumpur, the humidity can be suffocating. Whether you are moving into a new condo in Mont Kiara, renovating a terrace house in Cheras, or","Plan aircond capacity, unit type, piping, drainage, vacuuming and testing around the room and actual installation route.","INTENTIONAL_CORRECTION","UNSUPPORTED_CLAIM_REMOVED","PRESERVE_APPROVED_ASTRO","Unsupported 90-day workmanship warranty remains excluded"
"/aircond-installation-kl-the-ultimate-2026-guide-rk-reno-solution/","Robots","max-image-preview:large","index, follow","EQUIVALENT_SAFE","TECHNICAL_IMPLEMENTATION_DIFFERENCE","PRESERVE_APPROVED_ASTRO","The Astro control is explicit and matches the approved production indexing strategy."
"/aircond-installation-kl-the-ultimate-2026-guide-rk-reno-solution/","H1","Aircond Installation KL: The Definitive Guide to Cooling Your Home (2026 Edition)","Aircond Installation KL The Ultimate 2026 Guide &#8211; RK Reno Solution","INTENTIONAL_CORRECTION","UNSUPPORTED_CLAIM_REMOVED","PRESERVE_APPROVED_ASTRO","Unsupported 90-day workmanship warranty remains excluded"
"/aircond-installation-kl-the-ultimate-2026-guide-rk-reno-solution/","Main headings","H1:Aircond Installation KL: The Definitive Guide to Cooling Your Home (2026 Edition) | H2:1. Choosing the Right Size: Calculating HP | H3:The General Rule of Thumb for KL Weather | H2:2. Inverter vs. Non-Inverter: Is it Worth It? | H3:How Non-Inverter Works | H3:How Inverter Works | H2:3. The Professional Installation Process | H3:Step 1: Site Survey & Planning | H3:Step 2: Professional Core Drilling | H3:Step 3: Copper Piping & Insulation | H3:Need a Quote for Installation? | H2:4. Aircond Installation KL Cost Breakdown (2026) | H3:Standard Installation Rates (Back-to-Back) | H3:Extra Charges to Watch Out For | H2:5. Recommended Brands in Malaysia | H2:6. Why Choose RK Reno Solution? | H3:Leave A Comment Cancel Comment","H1:Aircond Installation KL The Ultimate 2026 Guide &#8211; RK Reno Solution | H2:Aircond Installation KL: The Definitive Guide to Cooling Your Home (2026 Edition) | H2:1. Choosing the Right Size: Calculating HP | H3:The General Rule of Thumb for KL Weather | H2:2. Inverter vs. Non-Inverter: Is it Worth It? | H3:How Non-Inverter Works | H3:How Inverter Works | H2:3. The Professional Installation Process | H3:Step 1: Site Survey & Planning | H3:Step 2: Professional Core Drilling | H3:Step 3: Copper Piping & Insulation | H3:Need a Quote for Installation? | H2:4. Aircond Installation KL Cost Breakdown (2026) | H3:Standard Installation Rates (Back-to-Back) | H3:Extra Charges to Watch Out For | H2:5. Recommended Brands in Malaysia | H2:6. Why Choose RK Reno Solution? | H2:Request a clear scope and quotation | H2:Related service | H2:Recent guides | H2:Search","INTENTIONAL_CORRECTION","UNSUPPORTED_CLAIM_REMOVED","PRESERVE_APPROVED_ASTRO","Unsupported 90-day workmanship warranty remains excluded"
"/aircond-installation-kl-the-ultimate-2026-guide-rk-reno-solution/","Open Graph description","Services › HVAC Guides › Installation Aircond Installation KL: The Definitive Guide to Cooling Your Home (2026 Edition) By RK Reno Expert 10 Minute Read Kuala Lumpur, MY Living in Kuala Lumpur, the humidity can be suffocating. Whether you are moving into a new condo in Mont Kiara, renovating a terrace house in Cheras, or","Plan aircond capacity, unit type, piping, drainage, vacuuming and testing around the room and actual installation route.","INTENTIONAL_CORRECTION","UNSUPPORTED_CLAIM_REMOVED","PRESERVE_APPROVED_ASTRO","Unsupported 90-day workmanship warranty remains excluded"
"/aircond-installation-kl-the-ultimate-2026-guide-rk-reno-solution/","Open Graph image","https://rkrenosolution.com/wp-content/uploads/2026/03/RK-Reno-Solutions-Logo.png","https://rkrenosolution.com/assets/media/RK-Reno-Solutions-Logo-942f64bb.png","INTENTIONAL_CORRECTION","UNSUPPORTED_CLAIM_REMOVED","PRESERVE_APPROVED_ASTRO","Unsupported 90-day workmanship warranty remains excluded"
"/aircond-installation-kl-the-ultimate-2026-guide-rk-reno-solution/","Schema types","BlogPosting | BreadcrumbList | Organization | Person | WebPage | WebSite | FAQPage","BlogPosting","EQUIVALENT_SAFE","TECHNICAL_IMPLEMENTATION_DIFFERENCE","PRESERVE_APPROVED_ASTRO","The Astro control is explicit and matches the approved production indexing strategy."
"/aircond-installation-kl-the-ultimate-2026-guide-rk-reno-solution/","Published date","2026-03-28T11:01:41+00:00","2026-03-28T11:01:41","INTENTIONAL_CORRECTION","UNSUPPORTED_CLAIM_REMOVED","PRESERVE_APPROVED_ASTRO","Unsupported 90-day workmanship warranty remains excluded"
"/aircond-installation-kl-the-ultimate-2026-guide-rk-reno-solution/","Modified date","2026-03-28T11:02:54+00:00","2026-03-28T11:02:54","INTENTIONAL_CORRECTION","UNSUPPORTED_CLAIM_REMOVED","PRESERVE_APPROVED_ASTRO","Unsupported 90-day workmanship warranty remains excluded"
"/aircond-installation-kl-the-ultimate-2026-guide-rk-reno-solution/","Sitemap presence","FALSE","TRUE","EQUIVALENT_SAFE","TECHNICAL_IMPLEMENTATION_DIFFERENCE","PRESERVE_APPROVED_ASTRO","The Astro control is explicit and matches the approved production indexing strategy."
"/aircond-installation-kl-the-ultimate-2026-guide-rk-reno-solution/","Important internal links","/aircond-installation-kl-the-ultimate-2026-guide-rk-reno-solution/ | / | /blog/ | /electrical-services-selangor-the-complete-safety-pricing-guide-2026-edition/","/ | /aircond-installation-kl/ | /upah-pasang-aircond-selangor/ | /servis-aircond-murah-kl/ | /upah-pasang-aircond-selangor-panduan-harga-pemasangan-2026/ | /contact-us/ | /aircond-installation-kl-the-ultimate-2026-guide-rk-reno-solution/ | /commercial-retail-shop-renovation-in-kuala-lumpur/ | /electrical-services-selangor-the-complete-safety-pricing-guide-2026-edition/ | /house-renovation-in-kuala-lumpur-the-ultimate-planning-cost-guide-2026/ | /house-renovation-in-selangor-the-ultimate-2026-guide-to-extending-your-home/","INTENTIONAL_CORRECTION","UNSUPPORTED_CLAIM_REMOVED","PRESERVE_APPROVED_ASTRO","Unsupported 90-day workmanship warranty remains excluded"
"/aircond-installation-kl-the-ultimate-2026-guide-rk-reno-solution/","Main visible content","b73c0e27416964837de981cbcb1627965d486be54a4b11ca9dd14fd361fa821e","d8200a8e1c418c60d28de8dc1806354ca221f3ad66312f2475f40b594adc0a96","INTENTIONAL_CORRECTION","UNSUPPORTED_CLAIM_REMOVED","PRESERVE_APPROVED_ASTRO","Unsupported 90-day workmanship warranty remains excluded"
"/aircond-installation-kl-the-ultimate-2026-guide-rk-reno-solution/","Image references","https://secure.gravatar.com/avatar/4c7a7e136a0e22539059a09b5784869ac34f14870c8711497f9feb22be355403?s=96&d=mm&r=g","","INTENTIONAL_CORRECTION","UNSUPPORTED_CLAIM_REMOVED","PRESERVE_APPROVED_ASTRO","Unsupported 90-day workmanship warranty remains excluded"
"/electrical-services-selangor-the-complete-safety-pricing-guide-2026-edition/","Meta description","Services › Technical Guides › Wiring Electrical Services Selangor: The Complete Safety & Pricing Guide (2026 Edition) By RK Certified Wireman 8 Minute Read Selangor & KL Electricity is the silent heartbeat of your home. It powers your lights, your airconds, and your internet. But when it goes wrong, it isn't just an inconvenience—it's a","Recognise electrical warning signs and prepare for inspection of wiring, sockets, lighting, fans, distribution boards or supply changes.","INTENTIONAL_CORRECTION","UNSUPPORTED_CLAIM_REMOVED","PRESERVE_APPROVED_ASTRO","Unsupported workmanship warranty remains excluded"
"/electrical-services-selangor-the-complete-safety-pricing-guide-2026-edition/","Robots","max-image-preview:large","index, follow","EQUIVALENT_SAFE","TECHNICAL_IMPLEMENTATION_DIFFERENCE","PRESERVE_APPROVED_ASTRO","The Astro control is explicit and matches the approved production indexing strategy."
"/electrical-services-selangor-the-complete-safety-pricing-guide-2026-edition/","H1","Electrical Services Selangor: The Complete Safety & Pricing Guide (2026 Edition)","Electrical Services Selangor: The Complete Safety &amp; Pricing Guide (2026 Edition)","INTENTIONAL_CORRECTION","UNSUPPORTED_CLAIM_REMOVED","PRESERVE_APPROVED_ASTRO","Unsupported workmanship warranty remains excluded"
"/electrical-services-selangor-the-complete-safety-pricing-guide-2026-edition/","Main headings","H1:Electrical Services Selangor: The Complete Safety & Pricing Guide (2026 Edition) | H2:1. Warning Signs: When to Call an Electrician | H2:2. Our Core Electrical Services Selangor | H3:A. Whole House Rewiring | H3:B. Socket & Point Installation | H3:C. Lighting & Fan Installation | H2:3. The Heart of Safety: DB Box & ELCB | H2:4. Single Phase vs. 3-Phase Upgrade | H3:Worried About Old Wiring? | H2:5. Electrical Services Selangor Price Guide (2026) | H3:Installation Costs (Labour + Material) | H3:Major Works | H2:6. Why Choose RK Reno Solution? | H3:Leave A Comment Cancel Comment","H1:Electrical Services Selangor: The Complete Safety &amp; Pricing Guide (2026 Edition) | H2:Electrical Services Selangor: The Complete Safety & Pricing Guide (2026 Edition) | H2:1. Warning Signs: When to Call an Electrician | H2:2. Our Core Electrical Services Selangor | H3:A. Whole House Rewiring | H3:B. Socket & Point Installation | H3:C. Lighting & Fan Installation | H2:3. The Heart of Safety: DB Box & ELCB | H2:4. Single Phase vs. 3-Phase Upgrade | H3:Worried About Old Wiring? | H2:5. Electrical Services Selangor Price Guide (2026) | H3:Installation Costs (Labour + Material) | H3:Major Works | H2:6. Why Choose RK Reno Solution? | H2:Request a clear scope and quotation | H2:Related service | H2:Recent guides | H2:Search","INTENTIONAL_CORRECTION","UNSUPPORTED_CLAIM_REMOVED","PRESERVE_APPROVED_ASTRO","Unsupported workmanship warranty remains excluded"
"/electrical-services-selangor-the-complete-safety-pricing-guide-2026-edition/","Open Graph description","Services › Technical Guides › Wiring Electrical Services Selangor: The Complete Safety & Pricing Guide (2026 Edition) By RK Certified Wireman 8 Minute Read Selangor & KL Electricity is the silent heartbeat of your home. It powers your lights, your airconds, and your internet. But when it goes wrong, it isn't just an inconvenience—it's a","Recognise electrical warning signs and prepare for inspection of wiring, sockets, lighting, fans, distribution boards or supply changes.","INTENTIONAL_CORRECTION","UNSUPPORTED_CLAIM_REMOVED","PRESERVE_APPROVED_ASTRO","Unsupported workmanship warranty remains excluded"
"/electrical-services-selangor-the-complete-safety-pricing-guide-2026-edition/","Open Graph image","https://rkrenosolution.com/wp-content/uploads/2026/03/RK-Reno-Solutions-Logo.png","https://rkrenosolution.com/assets/media/RK-Reno-Solutions-Logo-942f64bb.png","INTENTIONAL_CORRECTION","UNSUPPORTED_CLAIM_REMOVED","PRESERVE_APPROVED_ASTRO","Unsupported workmanship warranty remains excluded"
"/electrical-services-selangor-the-complete-safety-pricing-guide-2026-edition/","Schema types","BlogPosting | BreadcrumbList | Organization | Person | WebPage | WebSite | FAQPage","BlogPosting","EQUIVALENT_SAFE","TECHNICAL_IMPLEMENTATION_DIFFERENCE","PRESERVE_APPROVED_ASTRO","The Astro control is explicit and matches the approved production indexing strategy."
"/electrical-services-selangor-the-complete-safety-pricing-guide-2026-edition/","Published date","2026-03-28T11:05:35+00:00","2026-03-28T11:05:35","INTENTIONAL_CORRECTION","UNSUPPORTED_CLAIM_REMOVED","PRESERVE_APPROVED_ASTRO","Unsupported workmanship warranty remains excluded"
"/electrical-services-selangor-the-complete-safety-pricing-guide-2026-edition/","Modified date","2026-03-28T11:08:16+00:00","2026-03-28T11:08:16","INTENTIONAL_CORRECTION","UNSUPPORTED_CLAIM_REMOVED","PRESERVE_APPROVED_ASTRO","Unsupported workmanship warranty remains excluded"
"/electrical-services-selangor-the-complete-safety-pricing-guide-2026-edition/","Sitemap presence","FALSE","TRUE","EQUIVALENT_SAFE","TECHNICAL_IMPLEMENTATION_DIFFERENCE","PRESERVE_APPROVED_ASTRO","The Astro control is explicit and matches the approved production indexing strategy."
"/electrical-services-selangor-the-complete-safety-pricing-guide-2026-edition/","Important internal links","/electrical-services-selangor-the-complete-safety-pricing-guide-2026-edition/ | /house-renovation-in-kuala-lumpur/ | / | /tag/wiring/ | /aircond-installation-kl-the-ultimate-2026-guide-rk-reno-solution/ | /blog/ | /house-renovation-in-kuala-lumpur-the-ultimate-planning-cost-guide-2026/","/ | /house-renovation-in-kuala-lumpur/ | /electrical-services-selangor/ | /service/building-renovation/ | /contact-us/ | /aircond-installation-kl-the-ultimate-2026-guide-rk-reno-solution/ | /commercial-retail-shop-renovation-in-kuala-lumpur/ | /electrical-services-selangor-the-complete-safety-pricing-guide-2026-edition/ | /house-renovation-in-kuala-lumpur-the-ultimate-planning-cost-guide-2026/ | /house-renovation-in-selangor-the-ultimate-2026-guide-to-extending-your-home/","INTENTIONAL_CORRECTION","UNSUPPORTED_CLAIM_REMOVED","PRESERVE_APPROVED_ASTRO","Unsupported workmanship warranty remains excluded"
"/electrical-services-selangor-the-complete-safety-pricing-guide-2026-edition/","Main visible content","ac05c1ed6b8fc4ad23ea822804f68b80661ef07ea70f53d120c9646c399bd3e0","0941fa63ce7f696767ded862ec6f565cb25ad3f06e9da0c15a2dc06538590cd6","INTENTIONAL_CORRECTION","UNSUPPORTED_CLAIM_REMOVED","PRESERVE_APPROVED_ASTRO","Unsupported workmanship warranty remains excluded"
"/electrical-services-selangor-the-complete-safety-pricing-guide-2026-edition/","Image references","https://secure.gravatar.com/avatar/4c7a7e136a0e22539059a09b5784869ac34f14870c8711497f9feb22be355403?s=96&d=mm&r=g","","INTENTIONAL_CORRECTION","UNSUPPORTED_CLAIM_REMOVED","PRESERVE_APPROVED_ASTRO","Unsupported workmanship warranty remains excluded"
"/house-renovation-in-kuala-lumpur-the-ultimate-planning-cost-guide-2026/","Meta description","Plan your house renovation cost in Kuala Lumpur with starting prices for painting, tiling, bathrooms, kitchens and condo upgrades. WhatsApp RK Reno for an estimate.","Plan a Kuala Lumpur house renovation around inspection, layout, coordinated trades, materials, sequencing and a site-based quotation.","INTENTIONAL_CORRECTION","BROKEN_SOURCE_IMAGE_REPLACED","PRESERVE_APPROVED_ASTRO","Two current source photographs remain unavailable; closest local neutral renovation image is retained"
"/house-renovation-in-kuala-lumpur-the-ultimate-planning-cost-guide-2026/","Robots","max-image-preview:large","index, follow","EQUIVALENT_SAFE","TECHNICAL_IMPLEMENTATION_DIFFERENCE","PRESERVE_APPROVED_ASTRO","The Astro control is explicit and matches the approved production indexing strategy."
"/house-renovation-in-kuala-lumpur-the-ultimate-planning-cost-guide-2026/","H1","House Renovation in Kuala Lumpur: The Ultimate Planning & Cost Guide (2026)","House Renovation in Kuala Lumpur: The Ultimate Planning &amp; Cost Guide (2026)","INTENTIONAL_CORRECTION","BROKEN_SOURCE_IMAGE_REPLACED","PRESERVE_APPROVED_ASTRO","Two current source photographs remain unavailable; closest local neutral renovation image is retained"
"/house-renovation-in-kuala-lumpur-the-ultimate-planning-cost-guide-2026/","Main headings","H1:House Renovation in Kuala Lumpur: The Ultimate Planning & Cost Guide (2026) | H3:Need an estimate for your actual property? | H2:1. How Much Does House Renovation Cost in Kuala Lumpur? | H2:2. Renovation Cost by Project Scope | H3:Small Repair or Room Refresh | H3:Basic Cosmetic Home Refresh | H3:Full or Structural Renovation | H2:3. Room-by-Room Renovation Starting Prices | H3:Painting One Room | H3:Tile Installation Labour | H3:Limited Bathroom Refresh | H3:Basic Bathroom Renovation | H3:Selected Kitchen Refresh | H3:Basic Kitchen Renovation | H2:4. What Different Renovation Budgets May Cover | H2:5. Condo vs Landed House Renovation Costs | H3:Condo or Apartment | H3:Landed House | H2:6. What Changes the Final Renovation Price? | H2:7. Correct Renovation Work Sequence | H3:Planning & Approval | H3:Protection, Hacking & Disposal | H3:Wet Works, Plumbing & Electrical | H3:Ceiling, Tiling & Flooring | H3:Carpentry, Fixtures & Painting | H3:Testing, Touch-Up & Handover | H2:8. Hidden and Extra Renovation Costs | H2:9. How to Compare Renovation Quotations | H2:10. Renovation Approvals and Building Rules | H3:For Condos and Apartments | H3:For Landed Properties | H3:Plan Your Renovation with a Clear Scope | H2:Related Renovation and Property Services | H3:House Renovation Kuala Lumpur | H3:House Renovation Selangor | H3:Electrical Services | H3:Plaster Ceiling | H3:Waterproofing | H3:Aircond Installation | H2:11. House Renovation Cost FAQs | H3:Leave A Comment Cancel Comment","H1:House Renovation in Kuala Lumpur: The Ultimate Planning &amp; Cost Guide (2026) | H2:House Renovation in Kuala Lumpur: The Ultimate Planning & Cost Guide (2026) | H3:Need an estimate for your actual property? | H2:1. How Much Does House Renovation Cost in Kuala Lumpur? | H2:2. Renovation Cost by Project Scope | H3:Small Repair or Room Refresh | H3:Basic Cosmetic Home Refresh | H3:Full or Structural Renovation | H2:3. Room-by-Room Renovation Starting Prices | H3:Painting One Room | H3:Tile Installation Labour | H3:Limited Bathroom Refresh | H3:Basic Bathroom Renovation | H3:Selected Kitchen Refresh | H3:Basic Kitchen Renovation | H2:4. What Different Renovation Budgets May Cover | H2:5. Condo vs Landed House Renovation Costs | H3:Condo or Apartment | H3:Landed House | H2:6. What Changes the Final Renovation Price? | H2:7. Correct Renovation Work Sequence | H3:Planning & Approval | H3:Protection, Hacking & Disposal | H3:Wet Works, Plumbing & Electrical | H3:Ceiling, Tiling & Flooring | H3:Carpentry, Fixtures & Painting | H3:Testing, Touch-Up & Handover | H2:8. Hidden and Extra Renovation Costs | H2:9. How to Compare Renovation Quotations | H2:10. Renovation Approvals and Building Rules | H3:For Condos and Apartments | H3:For Landed Properties | H3:Plan Your Renovation with a Clear Scope | H2:Related Renovation and Property Services | H3:House Renovation Kuala Lumpur | H3:House Renovation Selangor | H3:Electrical Services | H3:Plaster Ceiling | H3:Waterproofing | H3:Aircond Installation | H2:11. House Renovation Cost FAQs | H2:Request a clear scope and quotation | H2:Related service | H2:Recent guides | H2:Search","INTENTIONAL_CORRECTION","BROKEN_SOURCE_IMAGE_REPLACED","PRESERVE_APPROVED_ASTRO","Two current source photographs remain unavailable; closest local neutral renovation image is retained"
"/house-renovation-in-kuala-lumpur-the-ultimate-planning-cost-guide-2026/","Open Graph description","Plan your house renovation cost in Kuala Lumpur with starting prices for painting, tiling, bathrooms, kitchens and condo upgrades. WhatsApp RK Reno for an estimate.","Plan a Kuala Lumpur house renovation around inspection, layout, coordinated trades, materials, sequencing and a site-based quotation.","INTENTIONAL_CORRECTION","BROKEN_SOURCE_IMAGE_REPLACED","PRESERVE_APPROVED_ASTRO","Two current source photographs remain unavailable; closest local neutral renovation image is retained"
"/house-renovation-in-kuala-lumpur-the-ultimate-planning-cost-guide-2026/","Open Graph image","https://rkrenosolution.com/wp-content/uploads/2026/03/RK-Reno-Solutions-Logo.png","https://rkrenosolution.com/assets/media/RK-Reno-Solutions-Logo-942f64bb.png","INTENTIONAL_CORRECTION","BROKEN_SOURCE_IMAGE_REPLACED","PRESERVE_APPROVED_ASTRO","Two current source photographs remain unavailable; closest local neutral renovation image is retained"
"/house-renovation-in-kuala-lumpur-the-ultimate-planning-cost-guide-2026/","Schema types","BlogPosting | BreadcrumbList | Organization | Person | WebPage | WebSite","BlogPosting | FAQPage","EQUIVALENT_SAFE","TECHNICAL_IMPLEMENTATION_DIFFERENCE","PRESERVE_APPROVED_ASTRO","The Astro control is explicit and matches the approved production indexing strategy."
"/house-renovation-in-kuala-lumpur-the-ultimate-planning-cost-guide-2026/","Published date","2026-03-28T11:10:05+00:00","2026-03-28T11:10:05","INTENTIONAL_CORRECTION","BROKEN_SOURCE_IMAGE_REPLACED","PRESERVE_APPROVED_ASTRO","Two current source photographs remain unavailable; closest local neutral renovation image is retained"
"/house-renovation-in-kuala-lumpur-the-ultimate-planning-cost-guide-2026/","Modified date","2026-07-18T12:57:03+00:00","2026-07-18T12:57:03","INTENTIONAL_CORRECTION","BROKEN_SOURCE_IMAGE_REPLACED","PRESERVE_APPROVED_ASTRO","Two current source photographs remain unavailable; closest local neutral renovation image is retained"
"/house-renovation-in-kuala-lumpur-the-ultimate-planning-cost-guide-2026/","Sitemap presence","FALSE","TRUE","EQUIVALENT_SAFE","TECHNICAL_IMPLEMENTATION_DIFFERENCE","PRESERVE_APPROVED_ASTRO","The Astro control is explicit and matches the approved production indexing strategy."
"/house-renovation-in-kuala-lumpur-the-ultimate-planning-cost-guide-2026/","Important internal links","/house-renovation-in-kuala-lumpur-the-ultimate-planning-cost-guide-2026/ | /house-renovation-in-kuala-lumpur/ | /house-renovation-in-selangor/ | / | /electrical-services-selangor/ | /plaster-ceiling-contractor-kl/ | /waterproofing-contractor-kuala-lumpur/ | /aircond-installation-kl/ | /tag/guide/ | /electrical-services-selangor-the-complete-safety-pricing-guide-2026-edition/ | /blog/ | /house-renovation-in-selangor-the-ultimate-2026-guide-to-extending-your-home/","/ | /house-renovation-in-kuala-lumpur/ | /house-renovation-in-selangor/ | /electrical-services-selangor/ | /plaster-ceiling-contractor-kl/ | /waterproofing-contractor-kuala-lumpur/ | /aircond-installation-kl/ | /service/building-renovation/ | /contact-us/ | /aircond-installation-kl-the-ultimate-2026-guide-rk-reno-solution/ | /commercial-retail-shop-renovation-in-kuala-lumpur/ | /electrical-services-selangor-the-complete-safety-pricing-guide-2026-edition/ | /house-renovation-in-kuala-lumpur-the-ultimate-planning-cost-guide-2026/ | /house-renovation-in-selangor-the-ultimate-2026-guide-to-extending-your-home/","INTENTIONAL_CORRECTION","BROKEN_SOURCE_IMAGE_REPLACED","PRESERVE_APPROVED_ASTRO","Two current source photographs remain unavailable; closest local neutral renovation image is retained"
"/house-renovation-in-kuala-lumpur-the-ultimate-planning-cost-guide-2026/","Main visible content","176de0c9ec1514ffdc0da11e2680baaf9dc20aae070c2ac0489e75c8c6fbc0f0","a1b0949ac87410f24d08482d4e9a968aaafb8bc8f501a707b42162056a8f4fe2","INTENTIONAL_CORRECTION","BROKEN_SOURCE_IMAGE_REPLACED","PRESERVE_APPROVED_ASTRO","Two current source photographs remain unavailable; closest local neutral renovation image is retained"
"/house-renovation-in-kuala-lumpur-the-ultimate-planning-cost-guide-2026/","Image references","https://secure.gravatar.com/avatar/4c7a7e136a0e22539059a09b5784869ac34f14870c8711497f9feb22be355403?s=96&d=mm&r=g | https://rkrenosolution.com/wp-content/uploads/2026/01/Completed-modern-house-renovation-in-Kuala-Lumpur-featuring-a-renovated-living-area.jpeg | https://rkrenosolution.com/wp-content/uploads/2026/01/Completed-modern-house-renovation-in-Kuala-Lumpur-featuring-a-renovated-living-area.jpeg | https://rkrenosolution.com/wp-content/uploads/2026/01/Quality-craftsmanship-in-house-renovation-in-Kuala-Lumpur-showing-detailed-kitchen-finishing-work.jpeg","/assets/media/Home-renovation-service-in-KL-422b205c.jpg | /assets/media/Home-renovation-service-in-KL-422b205c.jpg | /assets/media/Home-renovation-service-in-KL-422b205c.jpg","INTENTIONAL_CORRECTION","BROKEN_SOURCE_IMAGE_REPLACED","PRESERVE_APPROVED_ASTRO","Two current source photographs remain unavailable; closest local neutral renovation image is retained"
"/house-renovation-in-selangor-the-ultimate-2026-guide-to-extending-your-home/","Meta description","Services › Renovation › Selangor Guide House Renovation in Selangor: The Ultimate 2026 Guide to Extending Your Home By RK Reno Expert 10 Minute Read Selangor, MY Selangor is home to some of the most vibrant townships in Malaysia. From the bustling streets of Subang Jaya to the spacious layouts of Shah Alam and the","Review site conditions, layout, structural questions, services and quotation factors before planning a home extension in Selangor.","INTENTIONAL_CORRECTION","BROKEN_SOURCE_IMAGE_REPLACED","PRESERVE_APPROVED_ASTRO","Current source photograph is unavailable and unsupported warranty wording remains excluded"
"/house-renovation-in-selangor-the-ultimate-2026-guide-to-extending-your-home/","Robots","max-image-preview:large","index, follow","EQUIVALENT_SAFE","TECHNICAL_IMPLEMENTATION_DIFFERENCE","PRESERVE_APPROVED_ASTRO","The Astro control is explicit and matches the approved production indexing strategy."
"/house-renovation-in-selangor-the-ultimate-2026-guide-to-extending-your-home/","Main headings","H1:House Renovation in Selangor: The Ultimate 2026 Guide to Extending Your Home | H2:1. Navigating Selangor's Local Councils | H2:2. Our Core Renovation Services | H3:A. Wet Works & Extensions | H3:B. M&E (Mechanical & Electrical) | H3:C. Finishing Works | H2:3. The Renovation Process: Concept to Keys | H3:Step 1: Consultation & Site Measurement | H3:Step 2: Quotation & Material Selection | H3:Step 3: Execution | H3:Step 4: Handover | H3:Planning a Major Extension? | H2:4. 2026 House Renovation Cost Guide (Selangor) | H2:5. Essential Tips for Selangor Homeowners | H2:6. Why Choose RK Reno Solution? | H3:Leave A Comment Cancel Comment","H1:House Renovation in Selangor: The Ultimate 2026 Guide to Extending Your Home | H2:House Renovation in Selangor: The Ultimate 2026 Guide to Extending Your Home | H2:1. Navigating Selangor's Local Councils | H2:2. Our Core Renovation Services | H3:A. Wet Works & Extensions | H3:B. M&E (Mechanical & Electrical) | H3:C. Finishing Works | H2:3. The Renovation Process: Concept to Keys | H3:Step 1: Consultation & Site Measurement | H3:Step 2: Quotation & Material Selection | H3:Step 3: Execution | H3:Step 4: Handover | H3:Planning a Major Extension? | H2:4. 2026 House Renovation Cost Guide (Selangor) | H2:5. Essential Tips for Selangor Homeowners | H2:6. Why Choose RK Reno Solution? | H2:Request a clear scope and quotation | H2:Related service | H2:Recent guides | H2:Search","INTENTIONAL_CORRECTION","BROKEN_SOURCE_IMAGE_REPLACED","PRESERVE_APPROVED_ASTRO","Current source photograph is unavailable and unsupported warranty wording remains excluded"
"/house-renovation-in-selangor-the-ultimate-2026-guide-to-extending-your-home/","Open Graph description","Services › Renovation › Selangor Guide House Renovation in Selangor: The Ultimate 2026 Guide to Extending Your Home By RK Reno Expert 10 Minute Read Selangor, MY Selangor is home to some of the most vibrant townships in Malaysia. From the bustling streets of Subang Jaya to the spacious layouts of Shah Alam and the","Review site conditions, layout, structural questions, services and quotation factors before planning a home extension in Selangor.","INTENTIONAL_CORRECTION","BROKEN_SOURCE_IMAGE_REPLACED","PRESERVE_APPROVED_ASTRO","Current source photograph is unavailable and unsupported warranty wording remains excluded"
"/house-renovation-in-selangor-the-ultimate-2026-guide-to-extending-your-home/","Open Graph image","https://rkrenosolution.com/wp-content/uploads/2026/03/RK-Reno-Solutions-Logo.png","https://rkrenosolution.com/assets/media/RK-Reno-Solutions-Logo-942f64bb.png","INTENTIONAL_CORRECTION","BROKEN_SOURCE_IMAGE_REPLACED","PRESERVE_APPROVED_ASTRO","Current source photograph is unavailable and unsupported warranty wording remains excluded"
"/house-renovation-in-selangor-the-ultimate-2026-guide-to-extending-your-home/","Schema types","BlogPosting | BreadcrumbList | Organization | Person | WebPage | WebSite | FAQPage","BlogPosting","EQUIVALENT_SAFE","TECHNICAL_IMPLEMENTATION_DIFFERENCE","PRESERVE_APPROVED_ASTRO","The Astro control is explicit and matches the approved production indexing strategy."
"/house-renovation-in-selangor-the-ultimate-2026-guide-to-extending-your-home/","Published date","2026-03-28T11:12:36+00:00","2026-03-28T11:12:36","INTENTIONAL_CORRECTION","BROKEN_SOURCE_IMAGE_REPLACED","PRESERVE_APPROVED_ASTRO","Current source photograph is unavailable and unsupported warranty wording remains excluded"
"/house-renovation-in-selangor-the-ultimate-2026-guide-to-extending-your-home/","Modified date","2026-03-28T11:13:12+00:00","2026-03-28T11:13:12","INTENTIONAL_CORRECTION","BROKEN_SOURCE_IMAGE_REPLACED","PRESERVE_APPROVED_ASTRO","Current source photograph is unavailable and unsupported warranty wording remains excluded"
"/house-renovation-in-selangor-the-ultimate-2026-guide-to-extending-your-home/","Sitemap presence","FALSE","TRUE","EQUIVALENT_SAFE","TECHNICAL_IMPLEMENTATION_DIFFERENCE","PRESERVE_APPROVED_ASTRO","The Astro control is explicit and matches the approved production indexing strategy."
"/house-renovation-in-selangor-the-ultimate-2026-guide-to-extending-your-home/","Important internal links","/house-renovation-in-selangor-the-ultimate-2026-guide-to-extending-your-home/ | / | /electrical-services-selangor/ | /plaster-ceiling-contractor-kl/ | /house-renovation-in-kuala-lumpur-the-ultimate-planning-cost-guide-2026/ | /blog/ | /office-renovation-in-kuala-lumpur-the-2026-corporate-guide-to-productivity/","/ | /electrical-services-selangor/ | /plaster-ceiling-contractor-kl/ | /house-renovation-in-selangor/ | /service/building-renovation/ | /contact-us/ | /aircond-installation-kl-the-ultimate-2026-guide-rk-reno-solution/ | /commercial-retail-shop-renovation-in-kuala-lumpur/ | /electrical-services-selangor-the-complete-safety-pricing-guide-2026-edition/ | /house-renovation-in-kuala-lumpur-the-ultimate-planning-cost-guide-2026/ | /house-renovation-in-selangor-the-ultimate-2026-guide-to-extending-your-home/","INTENTIONAL_CORRECTION","BROKEN_SOURCE_IMAGE_REPLACED","PRESERVE_APPROVED_ASTRO","Current source photograph is unavailable and unsupported warranty wording remains excluded"
"/house-renovation-in-selangor-the-ultimate-2026-guide-to-extending-your-home/","Main visible content","7c431bc7f1f6812bb143af427ca0904266f836fd3ed546248281b0941008c31c","d92ffc96c2bd6926d50c53e2f365d6efd62d9299bf8ee0620bc16c977f9cdf7e","INTENTIONAL_CORRECTION","BROKEN_SOURCE_IMAGE_REPLACED","PRESERVE_APPROVED_ASTRO","Current source photograph is unavailable and unsupported warranty wording remains excluded"
"/house-renovation-in-selangor-the-ultimate-2026-guide-to-extending-your-home/","Image references","https://secure.gravatar.com/avatar/4c7a7e136a0e22539059a09b5784869ac34f14870c8711497f9feb22be355403?s=96&d=mm&r=g | https://rkrenosolution.com/wp-content/uploads/2026/01/House-Renovation-in-Selangor-modern-terrace-extension-and-interior-remodeling-project.jpeg?q=80&w=1000&auto=format&fit=crop | https://rkrenosolution.com/wp-content/uploads/2026/01/Quality-House-Renovation-in-Selangor-featuring-wet-works-and-tiling-installation.jpeg?q=80&w=1000&auto=format&fit=crop","/assets/media/Home-renovation-service-in-KL-422b205c.jpg | /assets/media/Home-renovation-service-in-KL-422b205c.jpg","INTENTIONAL_CORRECTION","BROKEN_SOURCE_IMAGE_REPLACED","PRESERVE_APPROVED_ASTRO","Current source photograph is unavailable and unsupported warranty wording remains excluded"
"/office-renovation-in-kuala-lumpur-the-2026-corporate-guide-to-productivity/","Meta description","Services › Commercial › Office Fit-Out Office Renovation in Kuala Lumpur: The 2026 Corporate Guide to Productivity By RK Project Director 9 Minute Read Kuala Lumpur, MY Your office is more than just a place to work; it is the physical embodiment of your brand. In Kuala Lumpur's competitive market, a modern, functional workspace is","Plan an office fit-out around space requirements, building rules, coordinated services, work sequencing and handover.","INTENTIONAL_CORRECTION","TECHNICAL_IMPLEMENTATION_DIFFERENCE","PRESERVE_APPROVED_ASTRO","Static Astro sidebar search is intentionally disabled on staging"
"/office-renovation-in-kuala-lumpur-the-2026-corporate-guide-to-productivity/","Robots","max-image-preview:large","index, follow","EQUIVALENT_SAFE","TECHNICAL_IMPLEMENTATION_DIFFERENCE","PRESERVE_APPROVED_ASTRO","The Astro control is explicit and matches the approved production indexing strategy."
"/office-renovation-in-kuala-lumpur-the-2026-corporate-guide-to-productivity/","Main headings","H1:Office Renovation in Kuala Lumpur: The 2026 Corporate Guide to Productivity | H2:1. The Rules: Permits & Building Management | H2:2. Partitioning: Gypsum vs. Glass | H3:Gypsum Board Partition (Drywall) | H3:Tempered Glass Partition | H2:3. Commercial Flooring Options | H2:4. The Backbone: Data Cabling & Electrical | H2:5. Moving Out? Office Reinstatement | H3:Planning an Office Fit-Out? | H2:6. Office Renovation Cost Guide (KL 2026) | H2:Why RK Reno Solution? | H3:Leave A Comment Cancel Comment","H1:Office Renovation in Kuala Lumpur: The 2026 Corporate Guide to Productivity | H2:Office Renovation in Kuala Lumpur: The 2026 Corporate Guide to Productivity | H2:1. The Rules: Permits & Building Management | H2:2. Partitioning: Gypsum vs. Glass | H3:Gypsum Board Partition (Drywall) | H3:Tempered Glass Partition | H2:3. Commercial Flooring Options | H2:4. The Backbone: Data Cabling & Electrical | H2:5. Moving Out? Office Reinstatement | H3:Planning an Office Fit-Out? | H2:6. Office Renovation Cost Guide (KL 2026) | H2:Why RK Reno Solution? | H2:Request a clear scope and quotation | H2:Related service | H2:Recent guides | H2:Search","INTENTIONAL_CORRECTION","TECHNICAL_IMPLEMENTATION_DIFFERENCE","PRESERVE_APPROVED_ASTRO","Static Astro sidebar search is intentionally disabled on staging"
"/office-renovation-in-kuala-lumpur-the-2026-corporate-guide-to-productivity/","Open Graph description","Services › Commercial › Office Fit-Out Office Renovation in Kuala Lumpur: The 2026 Corporate Guide to Productivity By RK Project Director 9 Minute Read Kuala Lumpur, MY Your office is more than just a place to work; it is the physical embodiment of your brand. In Kuala Lumpur's competitive market, a modern, functional workspace is","Plan an office fit-out around space requirements, building rules, coordinated services, work sequencing and handover.","INTENTIONAL_CORRECTION","TECHNICAL_IMPLEMENTATION_DIFFERENCE","PRESERVE_APPROVED_ASTRO","Static Astro sidebar search is intentionally disabled on staging"
"/office-renovation-in-kuala-lumpur-the-2026-corporate-guide-to-productivity/","Open Graph image","https://rkrenosolution.com/wp-content/uploads/2026/03/RK-Reno-Solutions-Logo.png","https://rkrenosolution.com/assets/media/RK-Reno-Solutions-Logo-942f64bb.png","INTENTIONAL_CORRECTION","TECHNICAL_IMPLEMENTATION_DIFFERENCE","PRESERVE_APPROVED_ASTRO","Static Astro sidebar search is intentionally disabled on staging"
"/office-renovation-in-kuala-lumpur-the-2026-corporate-guide-to-productivity/","Schema types","BlogPosting | BreadcrumbList | Organization | Person | WebPage | WebSite | FAQPage","BlogPosting","EQUIVALENT_SAFE","TECHNICAL_IMPLEMENTATION_DIFFERENCE","PRESERVE_APPROVED_ASTRO","The Astro control is explicit and matches the approved production indexing strategy."
"/office-renovation-in-kuala-lumpur-the-2026-corporate-guide-to-productivity/","Published date","2026-03-28T11:15:05+00:00","2026-03-28T11:15:05","INTENTIONAL_CORRECTION","TECHNICAL_IMPLEMENTATION_DIFFERENCE","PRESERVE_APPROVED_ASTRO","Static Astro sidebar search is intentionally disabled on staging"
"/office-renovation-in-kuala-lumpur-the-2026-corporate-guide-to-productivity/","Modified date","2026-03-28T11:19:42+00:00","2026-03-28T11:19:42","INTENTIONAL_CORRECTION","TECHNICAL_IMPLEMENTATION_DIFFERENCE","PRESERVE_APPROVED_ASTRO","Static Astro sidebar search is intentionally disabled on staging"
"/office-renovation-in-kuala-lumpur-the-2026-corporate-guide-to-productivity/","Sitemap presence","FALSE","TRUE","EQUIVALENT_SAFE","TECHNICAL_IMPLEMENTATION_DIFFERENCE","PRESERVE_APPROVED_ASTRO","The Astro control is explicit and matches the approved production indexing strategy."
"/office-renovation-in-kuala-lumpur-the-2026-corporate-guide-to-productivity/","Important internal links","/office-renovation-in-kuala-lumpur-the-2026-corporate-guide-to-productivity/ | / | /tag/office-fit-out/ | /house-renovation-in-selangor-the-ultimate-2026-guide-to-extending-your-home/ | /blog/ | /plaster-ceiling-contractor-kl-the-ultimate-design-pricing-guide-2026/","/ | /office-renovation-in-kuala-lumpur/ | /service/building-renovation/ | /contact-us/ | /aircond-installation-kl-the-ultimate-2026-guide-rk-reno-solution/ | /commercial-retail-shop-renovation-in-kuala-lumpur/ | /electrical-services-selangor-the-complete-safety-pricing-guide-2026-edition/ | /house-renovation-in-kuala-lumpur-the-ultimate-planning-cost-guide-2026/ | /house-renovation-in-selangor-the-ultimate-2026-guide-to-extending-your-home/","INTENTIONAL_CORRECTION","TECHNICAL_IMPLEMENTATION_DIFFERENCE","PRESERVE_APPROVED_ASTRO","Static Astro sidebar search is intentionally disabled on staging"
"/office-renovation-in-kuala-lumpur-the-2026-corporate-guide-to-productivity/","Main visible content","a93f80c468fa2bb508303507a77eb17a2512af835466e60b25820bcafbb46cf6","f08c2aa5b4adb68c960937e7b260704e439ce9cc690880a07d8497b4ea9e4353","INTENTIONAL_CORRECTION","TECHNICAL_IMPLEMENTATION_DIFFERENCE","PRESERVE_APPROVED_ASTRO","Static Astro sidebar search is intentionally disabled on staging"
"/office-renovation-in-kuala-lumpur-the-2026-corporate-guide-to-productivity/","Image references","https://secure.gravatar.com/avatar/4c7a7e136a0e22539059a09b5784869ac34f14870c8711497f9feb22be355403?s=96&d=mm&r=g | https://rkrenosolution.com/wp-content/uploads/2026/01/Modern-Office-Renovation-in-Kuala-Lumpur-featuring-open-plan-layout-and-glass-partitions.jpeg?q=80&w=1000&auto=format&fit=crop","/assets/media/Office-renovation-service-in-Selangor-7928d19d.jpg","INTENTIONAL_CORRECTION","TECHNICAL_IMPLEMENTATION_DIFFERENCE","PRESERVE_APPROVED_ASTRO","Static Astro sidebar search is intentionally disabled on staging"
"/pakej-deep-cleaning-rumah-kl-termasuk-pre-hari-raya/","Meta description","Servis Pembersihan KL Pakej Cuci Rumah KL: Harga & Servis Deep Cleaning 2026 Sedang cari pakej cuci rumah untuk kondo, rumah teres, rumah selepas renovasi, atau persediaan sebelum Hari Raya? RK Reno Solution menyediakan servis cuci rumah di Kuala Lumpur, Selangor, Setapak, Cheras, Wangsa Maju, dan kawasan sekitar. Semak Harga Lihat Servis Sesuai untuk deep","Plan a one-off deep-cleaning enquiry for a Kuala Lumpur home, including current availability, property condition and quotation factors.","INTENTIONAL_CORRECTION","BROKEN_SOURCE_IMAGE_REPLACED","PRESERVE_APPROVED_ASTRO","Several current WordPress package images remain unavailable; closest localized cleaning imagery is retained"
"/pakej-deep-cleaning-rumah-kl-termasuk-pre-hari-raya/","Robots","max-image-preview:large","index, follow","EQUIVALENT_SAFE","TECHNICAL_IMPLEMENTATION_DIFFERENCE","PRESERVE_APPROVED_ASTRO","The Astro control is explicit and matches the approved production indexing strategy."
"/pakej-deep-cleaning-rumah-kl-termasuk-pre-hari-raya/","H1","Pakej Cuci Rumah KL: Harga & Servis Deep Cleaning 2026","Pakej Deep Cleaning Rumah KL (Termasuk Pre-Hari Raya)","INTENTIONAL_CORRECTION","BROKEN_SOURCE_IMAGE_REPLACED","PRESERVE_APPROVED_ASTRO","Several current WordPress package images remain unavailable; closest localized cleaning imagery is retained"
"/pakej-deep-cleaning-rumah-kl-termasuk-pre-hari-raya/","Main headings","H1:Pakej Cuci Rumah KL: Harga & Servis Deep Cleaning 2026 | H2:Pakej Cuci Rumah Untuk Ruang Yang Lebih Bersih | H3:Deep Cleaning | H3:Post Renovation | H3:Pre-Hari Raya | H2:Isi Kandungan | H2:Apa Yang Termasuk Dalam Pakej Cuci Rumah? | H2:Harga Pakej Cuci Rumah KL | H2:Mahukan Harga Untuk Rumah Anda? | H2:Pakej Cuci Rumah Pre-Hari Raya | H2:Cucian Selepas Renovasi Rumah | H3:Servis Ini Sesuai Selepas: | H2:Servis Tambahan Yang Boleh Digabungkan | H3:Cuci Dapur Berminyak | H3:Cuci Habuk Plaster Ceiling | H3:Servis Aircond Add-On | H2:Kenapa Pilih RK Reno Solution? | H3:Pemeriksaan Awal | H3:Rumah & Pejabat | H3:Fokus Kawasan Penting | H2:Soalan Lazim Tentang Pakej Cuci Rumah | H3:Berapa harga pakej cuci rumah di KL? | H3:Apa beza deep cleaning dan cucian biasa? | H3:Adakah pakej ini sesuai selepas renovasi? | H3:Berapa lama masa cuci rumah diambil? | H3:Bagaimana cara tempah pakej cuci rumah? | H2:Tempah Pakej Cuci Rumah Hari Ini | H3:Leave A Comment Cancel Comment","H1:Pakej Deep Cleaning Rumah KL (Termasuk Pre-Hari Raya) | H2:Pakej Cuci Rumah KL: Harga & Servis Deep Cleaning 2026 | H2:Pakej Cuci Rumah Untuk Ruang Yang Lebih Bersih | H3:Deep Cleaning | H3:Post Renovation | H3:Pre-Hari Raya | H2:Isi Kandungan | H2:Apa Yang Termasuk Dalam Pakej Cuci Rumah? | H2:Harga Pakej Cuci Rumah KL | H2:Mahukan Harga Untuk Rumah Anda? | H2:Pakej Cuci Rumah Pre-Hari Raya | H2:Cucian Selepas Renovasi Rumah | H3:Servis Ini Sesuai Selepas: | H2:Servis Tambahan Yang Boleh Digabungkan | H3:Cuci Dapur Berminyak | H3:Cuci Habuk Plaster Ceiling | H3:Servis Aircond Add-On | H2:Kenapa Pilih RK Reno Solution? | H3:Pemeriksaan Awal | H3:Rumah & Pejabat | H3:Fokus Kawasan Penting | H2:Soalan Lazim Tentang Pakej Cuci Rumah | H3:Berapa harga pakej cuci rumah di KL? | H3:Apa beza deep cleaning dan cucian biasa? | H3:Adakah pakej ini sesuai selepas renovasi? | H3:Berapa lama masa cuci rumah diambil? | H3:Bagaimana cara tempah pakej cuci rumah? | H2:Tempah Pakej Cuci Rumah Hari Ini | H2:Request a clear scope and quotation | H2:Related service | H2:Recent guides | H2:Search","INTENTIONAL_CORRECTION","BROKEN_SOURCE_IMAGE_REPLACED","PRESERVE_APPROVED_ASTRO","Several current WordPress package images remain unavailable; closest localized cleaning imagery is retained"
"/pakej-deep-cleaning-rumah-kl-termasuk-pre-hari-raya/","Open Graph description","Servis Pembersihan KL Pakej Cuci Rumah KL: Harga & Servis Deep Cleaning 2026 Sedang cari pakej cuci rumah untuk kondo, rumah teres, rumah selepas renovasi, atau persediaan sebelum Hari Raya? RK Reno Solution menyediakan servis cuci rumah di Kuala Lumpur, Selangor, Setapak, Cheras, Wangsa Maju, dan kawasan sekitar. Semak Harga Lihat Servis Sesuai untuk deep","Plan a one-off deep-cleaning enquiry for a Kuala Lumpur home, including current availability, property condition and quotation factors.","INTENTIONAL_CORRECTION","BROKEN_SOURCE_IMAGE_REPLACED","PRESERVE_APPROVED_ASTRO","Several current WordPress package images remain unavailable; closest localized cleaning imagery is retained"
"/pakej-deep-cleaning-rumah-kl-termasuk-pre-hari-raya/","Open Graph image","https://rkrenosolution.com/wp-content/uploads/2026/03/RK-Reno-Solutions-Logo.png","https://rkrenosolution.com/assets/media/RK-Reno-Solutions-Logo-942f64bb.png","INTENTIONAL_CORRECTION","BROKEN_SOURCE_IMAGE_REPLACED","PRESERVE_APPROVED_ASTRO","Several current WordPress package images remain unavailable; closest localized cleaning imagery is retained"
"/pakej-deep-cleaning-rumah-kl-termasuk-pre-hari-raya/","Schema types","BlogPosting | BreadcrumbList | Organization | Person | WebPage | WebSite | FAQPage","BlogPosting | FAQPage","EQUIVALENT_SAFE","TECHNICAL_IMPLEMENTATION_DIFFERENCE","PRESERVE_APPROVED_ASTRO","The Astro control is explicit and matches the approved production indexing strategy."
"/pakej-deep-cleaning-rumah-kl-termasuk-pre-hari-raya/","Published date","2026-04-04T14:15:32+00:00","2026-04-04T14:15:32","INTENTIONAL_CORRECTION","BROKEN_SOURCE_IMAGE_REPLACED","PRESERVE_APPROVED_ASTRO","Several current WordPress package images remain unavailable; closest localized cleaning imagery is retained"
"/pakej-deep-cleaning-rumah-kl-termasuk-pre-hari-raya/","Modified date","2026-05-21T16:00:37+00:00","2026-05-21T16:00:37","INTENTIONAL_CORRECTION","BROKEN_SOURCE_IMAGE_REPLACED","PRESERVE_APPROVED_ASTRO","Several current WordPress package images remain unavailable; closest localized cleaning imagery is retained"
"/pakej-deep-cleaning-rumah-kl-termasuk-pre-hari-raya/","Sitemap presence","FALSE","TRUE","EQUIVALENT_SAFE","TECHNICAL_IMPLEMENTATION_DIFFERENCE","PRESERVE_APPROVED_ASTRO","The Astro control is explicit and matches the approved production indexing strategy."
"/pakej-deep-cleaning-rumah-kl-termasuk-pre-hari-raya/","Important internal links","/pakej-deep-cleaning-rumah-kl-termasuk-pre-hari-raya/ | /servis-cuci-rumah-kl/ | / | /house-renovation-in-kuala-lumpur/ | /plaster-ceiling-contractor-kl/ | /waterproofing-contractor-kuala-lumpur/ | /upah-pasang-aircond-selangor/ | /contact-us/ | /tag/kuala-lumpur/ | /commercial-retail-shop-renovation-in-kuala-lumpur/ | /blog/","/ | /servis-cuci-rumah-kl/ | /house-renovation-in-kuala-lumpur/ | /plaster-ceiling-contractor-kl/ | /waterproofing-contractor-kuala-lumpur/ | /upah-pasang-aircond-selangor/ | /contact-us/ | /servis-cuci-rumah-kl-the-ultimate-2026-guide-to-a-spotless-home/ | /aircond-installation-kl-the-ultimate-2026-guide-rk-reno-solution/ | /commercial-retail-shop-renovation-in-kuala-lumpur/ | /electrical-services-selangor-the-complete-safety-pricing-guide-2026-edition/ | /house-renovation-in-kuala-lumpur-the-ultimate-planning-cost-guide-2026/ | /house-renovation-in-selangor-the-ultimate-2026-guide-to-extending-your-home/","INTENTIONAL_CORRECTION","BROKEN_SOURCE_IMAGE_REPLACED","PRESERVE_APPROVED_ASTRO","Several current WordPress package images remain unavailable; closest localized cleaning imagery is retained"
"/pakej-deep-cleaning-rumah-kl-termasuk-pre-hari-raya/","Main visible content","e7b28aad95c8a8b44daf6c961bf1c546134f8ef8db377a03a27b3fe77751695a","bad1e493fdaafd9f111e4225b7b6adf284c552e8a8b16f2b2962168e437d10ae","INTENTIONAL_CORRECTION","BROKEN_SOURCE_IMAGE_REPLACED","PRESERVE_APPROVED_ASTRO","Several current WordPress package images remain unavailable; closest localized cleaning imagery is retained"
"/pakej-deep-cleaning-rumah-kl-termasuk-pre-hari-raya/","Image references","https://secure.gravatar.com/avatar/4c7a7e136a0e22539059a09b5784869ac34f14870c8711497f9feb22be355403?s=96&d=mm&r=g | /wp-content/uploads/2026/04/deep-cleaning-rumah-kuala-lumpur.webp | /wp-content/uploads/2026/04/cuci-bilik-air-rumah-kl.webp | /wp-content/uploads/2026/04/pakej-cuci-rumah-hari-raya.webp | /wp-content/uploads/2026/04/cucian-selepas-renovasi-rumah.webp | /wp-content/uploads/2026/04/cuci-dapur-rumah-berminyak.webp | /wp-content/uploads/2026/04/cuci-habuk-plaster-ceiling.webp | /wp-content/uploads/2026/04/servis-aircond-dan-cuci-rumah.webp","/assets/media/servis-cuci-rumah-kl-2e2d046e.jpg | /assets/media/servis-cuci-rumah-kl-2e2d046e.jpg | /assets/media/servis-cuci-rumah-kl-2e2d046e.jpg | /assets/media/servis-cuci-rumah-kl-2e2d046e.jpg | /assets/media/servis-cuci-rumah-kl-2e2d046e.jpg | /assets/media/servis-cuci-rumah-kl-2e2d046e.jpg | /assets/media/servis-cuci-rumah-kl-2e2d046e.jpg","INTENTIONAL_CORRECTION","BROKEN_SOURCE_IMAGE_REPLACED","PRESERVE_APPROVED_ASTRO","Several current WordPress package images remain unavailable; closest localized cleaning imagery is retained"
"/pu-injection-waterproofing-kl-how-to-fix-wall-cracks-permanently/","Meta description","Guides › Waterproofing › Maintenance PU Injection Waterproofing KL: How to Fix Wall Cracks Permanently By RK Reno Waterproofing Experts 6 Minute Read Kuala Lumpur, MY Are you noticing yellow water stains spreading across your ceiling? Or perhaps a distinct, jagged crack on your concrete wall that starts weeping every time there is a heavy","Understand when PU injection may be considered and why the crack, water source, structure and site condition must be inspected first.","INTENTIONAL_CORRECTION","UNSUPPORTED_CLAIM_REMOVED","PRESERVE_APPROVED_ASTRO","Written warranty and free lifetime-style repair promise remain excluded"
"/pu-injection-waterproofing-kl-how-to-fix-wall-cracks-permanently/","Robots","max-image-preview:large","index, follow","EQUIVALENT_SAFE","TECHNICAL_IMPLEMENTATION_DIFFERENCE","PRESERVE_APPROVED_ASTRO","The Astro control is explicit and matches the approved production indexing strategy."
"/pu-injection-waterproofing-kl-how-to-fix-wall-cracks-permanently/","Main headings","H1:PU Injection Waterproofing KL: How to Fix Wall Cracks Permanently | H2:1. What is PU Injection Waterproofing? | H2:2. Why Do Concrete Walls & Ceilings Crack? | H2:3. How the PU Grouting Process Works (No Hacking) | H3:Stop the Leak Before It Ruins Your Home | H2:4. 2026 Cost Guide for PU Injection in KL | H2:5. Why Choose RK Reno for Wall Crack Repair? | H3:Leave A Comment Cancel Comment","H1:PU Injection Waterproofing KL: How to Fix Wall Cracks Permanently | H2:PU Injection Waterproofing KL: How to Fix Wall Cracks Permanently | H2:1. What is PU Injection Waterproofing? | H2:2. Why Do Concrete Walls & Ceilings Crack? | H2:3. How the PU Grouting Process Works (No Hacking) | H3:Stop the Leak Before It Ruins Your Home | H2:4. 2026 Cost Guide for PU Injection in KL | H2:5. Why Choose RK Reno for Wall Crack Repair? | H2:Request a clear scope and quotation | H2:Related service | H2:Recent guides | H2:Search","INTENTIONAL_CORRECTION","UNSUPPORTED_CLAIM_REMOVED","PRESERVE_APPROVED_ASTRO","Written warranty and free lifetime-style repair promise remain excluded"
"/pu-injection-waterproofing-kl-how-to-fix-wall-cracks-permanently/","Open Graph description","Guides › Waterproofing › Maintenance PU Injection Waterproofing KL: How to Fix Wall Cracks Permanently By RK Reno Waterproofing Experts 6 Minute Read Kuala Lumpur, MY Are you noticing yellow water stains spreading across your ceiling? Or perhaps a distinct, jagged crack on your concrete wall that starts weeping every time there is a heavy","Understand when PU injection may be considered and why the crack, water source, structure and site condition must be inspected first.","INTENTIONAL_CORRECTION","UNSUPPORTED_CLAIM_REMOVED","PRESERVE_APPROVED_ASTRO","Written warranty and free lifetime-style repair promise remain excluded"
"/pu-injection-waterproofing-kl-how-to-fix-wall-cracks-permanently/","Open Graph image","https://rkrenosolution.com/wp-content/uploads/2026/03/RK-Reno-Solutions-Logo.png","https://rkrenosolution.com/assets/media/RK-Reno-Solutions-Logo-942f64bb.png","INTENTIONAL_CORRECTION","UNSUPPORTED_CLAIM_REMOVED","PRESERVE_APPROVED_ASTRO","Written warranty and free lifetime-style repair promise remain excluded"
"/pu-injection-waterproofing-kl-how-to-fix-wall-cracks-permanently/","Schema types","BlogPosting | BreadcrumbList | Organization | Person | WebPage | WebSite | FAQPage","BlogPosting","EQUIVALENT_SAFE","TECHNICAL_IMPLEMENTATION_DIFFERENCE","PRESERVE_APPROVED_ASTRO","The Astro control is explicit and matches the approved production indexing strategy."
"/pu-injection-waterproofing-kl-how-to-fix-wall-cracks-permanently/","Published date","2026-04-04T14:08:09+00:00","2026-04-04T14:08:09","INTENTIONAL_CORRECTION","UNSUPPORTED_CLAIM_REMOVED","PRESERVE_APPROVED_ASTRO","Written warranty and free lifetime-style repair promise remain excluded"
"/pu-injection-waterproofing-kl-how-to-fix-wall-cracks-permanently/","Modified date","2026-04-04T14:08:49+00:00","2026-04-04T14:08:49","INTENTIONAL_CORRECTION","UNSUPPORTED_CLAIM_REMOVED","PRESERVE_APPROVED_ASTRO","Written warranty and free lifetime-style repair promise remain excluded"
"/pu-injection-waterproofing-kl-how-to-fix-wall-cracks-permanently/","Sitemap presence","FALSE","TRUE","EQUIVALENT_SAFE","TECHNICAL_IMPLEMENTATION_DIFFERENCE","PRESERVE_APPROVED_ASTRO","The Astro control is explicit and matches the approved production indexing strategy."
"/pu-injection-waterproofing-kl-how-to-fix-wall-cracks-permanently/","Important internal links","/pu-injection-waterproofing-kl-how-to-fix-wall-cracks-permanently/ | /waterproofing-contractor-kuala-lumpur/ | / | /plaster-ceiling-contractor-kl/ | /house-renovation-in-kuala-lumpur/ | /tag/waterproofing/ | /office-renovation-petaling-jaya-corporate-fit-out-experts/ | /blog/ | /commercial-retail-shop-renovation-in-kuala-lumpur/","/ | /waterproofing-contractor-kuala-lumpur/ | /plaster-ceiling-contractor-kl/ | /house-renovation-in-kuala-lumpur/ | /service/building-renovation/ | /contact-us/ | /aircond-installation-kl-the-ultimate-2026-guide-rk-reno-solution/ | /commercial-retail-shop-renovation-in-kuala-lumpur/ | /electrical-services-selangor-the-complete-safety-pricing-guide-2026-edition/ | /house-renovation-in-kuala-lumpur-the-ultimate-planning-cost-guide-2026/ | /house-renovation-in-selangor-the-ultimate-2026-guide-to-extending-your-home/","INTENTIONAL_CORRECTION","UNSUPPORTED_CLAIM_REMOVED","PRESERVE_APPROVED_ASTRO","Written warranty and free lifetime-style repair promise remain excluded"
"/pu-injection-waterproofing-kl-how-to-fix-wall-cracks-permanently/","Main visible content","b9229f937da4b02c7b0114a7697b37bf9015c72e0488b113cbaefe9a3b3318a7","f57ac7b5689a5b290679199e1e06658c2cd54c9d0d9c70fe57d404fe53cc448e","INTENTIONAL_CORRECTION","UNSUPPORTED_CLAIM_REMOVED","PRESERVE_APPROVED_ASTRO","Written warranty and free lifetime-style repair promise remain excluded"
"/pu-injection-waterproofing-kl-how-to-fix-wall-cracks-permanently/","Image references","https://secure.gravatar.com/avatar/4c7a7e136a0e22539059a09b5784869ac34f14870c8711497f9feb22be355403?s=96&d=mm&r=g | https://rkrenosolution.com/wp-content/uploads/2026/01/PU-injection-waterproofing-KL-technician-sealing-wall-cracks.jpeg?q=80&w=1000&auto=format&fit=crop","/assets/media/Bathroom-waterproofing-service-in-KL-3293ca94.jpg","INTENTIONAL_CORRECTION","UNSUPPORTED_CLAIM_REMOVED","PRESERVE_APPROVED_ASTRO","Written warranty and free lifetime-style repair promise remain excluded"
"/servis-aircond-murah-kl-the-ultimate-2026-guide-to-a-colder-home/","Meta description","Services › HVAC › Aircond Maintenance Servis Aircond Murah KL: The Ultimate 2026 Guide to a Colder Home By RK HVAC Expert 8 Minute Read Kuala Lumpur, MY In the blazing heat of Kuala Lumpur, a broken air conditioner is a certified emergency. Whether your unit is dripping water on your floor, blowing warm air,","Understand routine aircond cleaning, common warning signs and when uncertain cooling or leakage problems need inspection.","INTENTIONAL_CORRECTION","UNSUPPORTED_CLAIM_REMOVED","PRESERVE_APPROVED_ASTRO","90-day warranty and satisfaction language remain excluded"
"/servis-aircond-murah-kl-the-ultimate-2026-guide-to-a-colder-home/","Robots","max-image-preview:large","index, follow","EQUIVALENT_SAFE","TECHNICAL_IMPLEMENTATION_DIFFERENCE","PRESERVE_APPROVED_ASTRO","The Astro control is explicit and matches the approved production indexing strategy."
"/servis-aircond-murah-kl-the-ultimate-2026-guide-to-a-colder-home/","Main headings","H1:Servis Aircond Murah KL: The Ultimate 2026 Guide to a Colder Home | H2:1. Tanda-Tanda (Signs) Your Aircond Needs Servicing | H2:2. General Service vs. Chemical Wash: Which One? | H3:General Service (Cuci Biasa) | H3:Chemical Wash (Cuci Chemical) | H2:3. The Gas Refill Scam: Do You Really Need It? | H3:Aircond Tak Sejuk atau Leaking? | H2:4. Harga Servis Aircond Murah KL (2026 Guide) | H2:5. Troubleshooting Common Problems | H2:6. Kenapa Pilih RK Reno Solution? | H3:Leave A Comment Cancel Comment","H1:Servis Aircond Murah KL: The Ultimate 2026 Guide to a Colder Home | H2:Servis Aircond Murah KL: The Ultimate 2026 Guide to a Colder Home | H2:1. Tanda-Tanda (Signs) Your Aircond Needs Servicing | H2:2. General Service vs. Chemical Wash: Which One? | H3:General Service (Cuci Biasa) | H3:Chemical Wash (Cuci Chemical) | H2:3. The Gas Refill Scam: Do You Really Need It? | H3:Aircond Tak Sejuk atau Leaking? | H2:4. Harga Servis Aircond Murah KL (2026 Guide) | H2:5. Troubleshooting Common Problems | H2:6. Kenapa Pilih RK Reno Solution? | H2:Request a clear scope and quotation | H2:Related service | H2:Recent guides | H2:Search","INTENTIONAL_CORRECTION","UNSUPPORTED_CLAIM_REMOVED","PRESERVE_APPROVED_ASTRO","90-day warranty and satisfaction language remain excluded"
"/servis-aircond-murah-kl-the-ultimate-2026-guide-to-a-colder-home/","Open Graph description","Services › HVAC › Aircond Maintenance Servis Aircond Murah KL: The Ultimate 2026 Guide to a Colder Home By RK HVAC Expert 8 Minute Read Kuala Lumpur, MY In the blazing heat of Kuala Lumpur, a broken air conditioner is a certified emergency. Whether your unit is dripping water on your floor, blowing warm air,","Understand routine aircond cleaning, common warning signs and when uncertain cooling or leakage problems need inspection.","INTENTIONAL_CORRECTION","UNSUPPORTED_CLAIM_REMOVED","PRESERVE_APPROVED_ASTRO","90-day warranty and satisfaction language remain excluded"
"/servis-aircond-murah-kl-the-ultimate-2026-guide-to-a-colder-home/","Open Graph image","https://rkrenosolution.com/wp-content/uploads/2026/03/RK-Reno-Solutions-Logo.png","https://rkrenosolution.com/assets/media/RK-Reno-Solutions-Logo-942f64bb.png","INTENTIONAL_CORRECTION","UNSUPPORTED_CLAIM_REMOVED","PRESERVE_APPROVED_ASTRO","90-day warranty and satisfaction language remain excluded"
"/servis-aircond-murah-kl-the-ultimate-2026-guide-to-a-colder-home/","Schema types","BlogPosting | BreadcrumbList | Organization | Person | WebPage | WebSite | FAQPage","BlogPosting","EQUIVALENT_SAFE","TECHNICAL_IMPLEMENTATION_DIFFERENCE","PRESERVE_APPROVED_ASTRO","The Astro control is explicit and matches the approved production indexing strategy."
"/servis-aircond-murah-kl-the-ultimate-2026-guide-to-a-colder-home/","Published date","2026-03-28T11:25:47+00:00","2026-03-28T11:25:47","INTENTIONAL_CORRECTION","UNSUPPORTED_CLAIM_REMOVED","PRESERVE_APPROVED_ASTRO","90-day warranty and satisfaction language remain excluded"
"/servis-aircond-murah-kl-the-ultimate-2026-guide-to-a-colder-home/","Modified date","2026-03-28T11:26:25+00:00","2026-03-28T11:26:25","INTENTIONAL_CORRECTION","UNSUPPORTED_CLAIM_REMOVED","PRESERVE_APPROVED_ASTRO","90-day warranty and satisfaction language remain excluded"
"/servis-aircond-murah-kl-the-ultimate-2026-guide-to-a-colder-home/","Sitemap presence","FALSE","TRUE","EQUIVALENT_SAFE","TECHNICAL_IMPLEMENTATION_DIFFERENCE","PRESERVE_APPROVED_ASTRO","The Astro control is explicit and matches the approved production indexing strategy."
"/servis-aircond-murah-kl-the-ultimate-2026-guide-to-a-colder-home/","Important internal links","/servis-aircond-murah-kl-the-ultimate-2026-guide-to-a-colder-home/ | / | /tag/aircond-maintenance/ | /plaster-ceiling-contractor-kl-the-ultimate-design-pricing-guide-2026/ | /blog/ | /servis-cuci-rumah-kl-the-ultimate-2026-guide-to-a-spotless-home/","/ | /servis-aircond-murah-kl/ | /aircond-installation-kl/ | /aircond-installation-kl-the-ultimate-2026-guide-rk-reno-solution/ | /contact-us/ | /commercial-retail-shop-renovation-in-kuala-lumpur/ | /electrical-services-selangor-the-complete-safety-pricing-guide-2026-edition/ | /house-renovation-in-kuala-lumpur-the-ultimate-planning-cost-guide-2026/ | /house-renovation-in-selangor-the-ultimate-2026-guide-to-extending-your-home/","INTENTIONAL_CORRECTION","UNSUPPORTED_CLAIM_REMOVED","PRESERVE_APPROVED_ASTRO","90-day warranty and satisfaction language remain excluded"
"/servis-aircond-murah-kl-the-ultimate-2026-guide-to-a-colder-home/","Main visible content","342993403d766c2ac04c59648bf84d4a8b51e977b3e1ab159da63060ec7792b6","adc9c7f5eb6f4ccbf828244f6591a27f3b1163e8237413291997eac4c3f027f7","INTENTIONAL_CORRECTION","UNSUPPORTED_CLAIM_REMOVED","PRESERVE_APPROVED_ASTRO","90-day warranty and satisfaction language remain excluded"
"/servis-aircond-murah-kl-the-ultimate-2026-guide-to-a-colder-home/","Image references","https://secure.gravatar.com/avatar/4c7a7e136a0e22539059a09b5784869ac34f14870c8711497f9feb22be355403?s=96&d=mm&r=g | https://rkrenosolution.com/wp-content/uploads/2026/01/Servis-Aircond-Murah-KL-technician-cleaning-wall-mounted-unit-filter.jpeg?q=80&w=1000&auto=format&fit=crop","/assets/media/owner/rk-reno-aircond-indoor-unit-service-access-960.webp","INTENTIONAL_CORRECTION","UNSUPPORTED_CLAIM_REMOVED","PRESERVE_APPROVED_ASTRO","90-day warranty and satisfaction language remain excluded"
"/servis-cuci-rumah-kl-the-ultimate-2026-guide-to-a-spotless-home/","Meta description","Services › Maintenance › Cleaning Servis Cuci Rumah KL: The Ultimate 2026 Guide to a Spotless Home By RK Cleaning Expert 7 Minute Read Kuala Lumpur, MY Moving into a new house or finishing a renovation is exciting, but the thick layers of dust and cement stains left behind are a nightmare. In a busy","Prepare a clear home-cleaning scope around rooms, surfaces, access, property condition and the level of cleaning required.","INTENTIONAL_CORRECTION","UNSUPPORTED_CLAIM_REMOVED","PRESERVE_APPROVED_ASTRO","Unsupported satisfaction guarantee remains excluded"
"/servis-cuci-rumah-kl-the-ultimate-2026-guide-to-a-spotless-home/","Robots","max-image-preview:large","index, follow","EQUIVALENT_SAFE","TECHNICAL_IMPLEMENTATION_DIFFERENCE","PRESERVE_APPROVED_ASTRO","The Astro control is explicit and matches the approved production indexing strategy."
"/servis-cuci-rumah-kl-the-ultimate-2026-guide-to-a-spotless-home/","Main headings","H1:Servis Cuci Rumah KL: The Ultimate 2026 Guide to a Spotless Home | H2:1. Types of Cleaning (Jenis Cucian Rumah) | H3:Move-In / Move-Out Cleaning | H3:Post-Renovation Cleaning (Cuci Lepas Reno) | H3:Spring Cleaning (Cuci Raya / Deep Clean) | H2:2. The Danger of Post-Renovation Dust | H2:3. Our Step-by-Step Cleaning Process | H3:Rumah Berhabuk Selepas Renovation? | H2:4. Do You Need to Provide Equipment? | H2:5. Harga Servis Cuci Rumah KL (2026 Guide) | H2:6. Kenapa Pilih RK Reno Solution? | H3:Leave A Comment Cancel Comment","H1:Servis Cuci Rumah KL: The Ultimate 2026 Guide to a Spotless Home | H2:Servis Cuci Rumah KL: The Ultimate 2026 Guide to a Spotless Home | H2:1. Types of Cleaning (Jenis Cucian Rumah) | H3:Move-In / Move-Out Cleaning | H3:Post-Renovation Cleaning (Cuci Lepas Reno) | H3:Spring Cleaning (Cuci Raya / Deep Clean) | H2:2. The Danger of Post-Renovation Dust | H2:3. Our Step-by-Step Cleaning Process | H3:Rumah Berhabuk Selepas Renovation? | H2:4. Do You Need to Provide Equipment? | H2:5. Harga Servis Cuci Rumah KL (2026 Guide) | H2:6. Kenapa Pilih RK Reno Solution? | H2:Request a clear scope and quotation | H2:Related service | H2:Recent guides | H2:Search","INTENTIONAL_CORRECTION","UNSUPPORTED_CLAIM_REMOVED","PRESERVE_APPROVED_ASTRO","Unsupported satisfaction guarantee remains excluded"
"/servis-cuci-rumah-kl-the-ultimate-2026-guide-to-a-spotless-home/","Open Graph description","Services › Maintenance › Cleaning Servis Cuci Rumah KL: The Ultimate 2026 Guide to a Spotless Home By RK Cleaning Expert 7 Minute Read Kuala Lumpur, MY Moving into a new house or finishing a renovation is exciting, but the thick layers of dust and cement stains left behind are a nightmare. In a busy","Prepare a clear home-cleaning scope around rooms, surfaces, access, property condition and the level of cleaning required.","INTENTIONAL_CORRECTION","UNSUPPORTED_CLAIM_REMOVED","PRESERVE_APPROVED_ASTRO","Unsupported satisfaction guarantee remains excluded"
"/servis-cuci-rumah-kl-the-ultimate-2026-guide-to-a-spotless-home/","Open Graph image","https://rkrenosolution.com/wp-content/uploads/2026/03/RK-Reno-Solutions-Logo.png","https://rkrenosolution.com/assets/media/RK-Reno-Solutions-Logo-942f64bb.png","INTENTIONAL_CORRECTION","UNSUPPORTED_CLAIM_REMOVED","PRESERVE_APPROVED_ASTRO","Unsupported satisfaction guarantee remains excluded"
"/servis-cuci-rumah-kl-the-ultimate-2026-guide-to-a-spotless-home/","Schema types","BlogPosting | BreadcrumbList | Organization | Person | WebPage | WebSite | FAQPage","BlogPosting","EQUIVALENT_SAFE","TECHNICAL_IMPLEMENTATION_DIFFERENCE","PRESERVE_APPROVED_ASTRO","The Astro control is explicit and matches the approved production indexing strategy."
"/servis-cuci-rumah-kl-the-ultimate-2026-guide-to-a-spotless-home/","Published date","2026-03-28T11:39:14+00:00","2026-03-28T11:39:14","INTENTIONAL_CORRECTION","UNSUPPORTED_CLAIM_REMOVED","PRESERVE_APPROVED_ASTRO","Unsupported satisfaction guarantee remains excluded"
"/servis-cuci-rumah-kl-the-ultimate-2026-guide-to-a-spotless-home/","Modified date","2026-03-28T11:40:14+00:00","2026-03-28T11:40:14","INTENTIONAL_CORRECTION","UNSUPPORTED_CLAIM_REMOVED","PRESERVE_APPROVED_ASTRO","Unsupported satisfaction guarantee remains excluded"
"/servis-cuci-rumah-kl-the-ultimate-2026-guide-to-a-spotless-home/","Sitemap presence","FALSE","TRUE","EQUIVALENT_SAFE","TECHNICAL_IMPLEMENTATION_DIFFERENCE","PRESERVE_APPROVED_ASTRO","The Astro control is explicit and matches the approved production indexing strategy."
"/servis-cuci-rumah-kl-the-ultimate-2026-guide-to-a-spotless-home/","Important internal links","/servis-cuci-rumah-kl-the-ultimate-2026-guide-to-a-spotless-home/ | / | /house-renovation-in-kuala-lumpur/ | /plaster-ceiling-contractor-kl/ | /tag/cleaning/ | /servis-aircond-murah-kl-the-ultimate-2026-guide-to-a-colder-home/ | /blog/ | /upah-pasang-aircond-selangor-panduan-harga-pemasangan-2026/","/ | /house-renovation-in-kuala-lumpur/ | /plaster-ceiling-contractor-kl/ | /servis-cuci-rumah-kl/ | /pakej-deep-cleaning-rumah-kl-termasuk-pre-hari-raya/ | /services/ | /contact-us/ | /aircond-installation-kl-the-ultimate-2026-guide-rk-reno-solution/ | /commercial-retail-shop-renovation-in-kuala-lumpur/ | /electrical-services-selangor-the-complete-safety-pricing-guide-2026-edition/ | /house-renovation-in-kuala-lumpur-the-ultimate-planning-cost-guide-2026/ | /house-renovation-in-selangor-the-ultimate-2026-guide-to-extending-your-home/","INTENTIONAL_CORRECTION","UNSUPPORTED_CLAIM_REMOVED","PRESERVE_APPROVED_ASTRO","Unsupported satisfaction guarantee remains excluded"
"/servis-cuci-rumah-kl-the-ultimate-2026-guide-to-a-spotless-home/","Main visible content","dcd7dfc0e7a53c1124e63fc4db15a275097239d4a85a82cc8deadb63f08bfc11","6f88f2a78cd1305ad9e95b17e6dee108af4eeeb7bfbc58cda91d38d36131e670","INTENTIONAL_CORRECTION","UNSUPPORTED_CLAIM_REMOVED","PRESERVE_APPROVED_ASTRO","Unsupported satisfaction guarantee remains excluded"
"/servis-cuci-rumah-kl-the-ultimate-2026-guide-to-a-spotless-home/","Image references","https://secure.gravatar.com/avatar/4c7a7e136a0e22539059a09b5784869ac34f14870c8711497f9feb22be355403?s=96&d=mm&r=g | https://rkrenosolution.com/wp-content/uploads/2026/01/Professional-Servis-Cuci-Rumah-KL-team-performing-deep-cleaning-in-living-room.jpeg?q=80&w=1000&auto=format&fit=crop","/assets/media/servis-cuci-rumah-kl-2e2d046e.jpg","INTENTIONAL_CORRECTION","UNSUPPORTED_CLAIM_REMOVED","PRESERVE_APPROVED_ASTRO","Unsupported satisfaction guarantee remains excluded"
"/servis-cuci-rumah-kl/","Meta description","Bersih Pantas Trusted Pakar Servis Cuci Rumah KL Keep your home spotless with RK Reno Solution. We provide professional Servis Cuci Rumah KL, including move-in cleaning, post-renovation cleaning, and spring cleaning. WhatsApp Sekarang Email Quote 2000+ Rumah Dicuci 100% Puas Hati 4 Jam Sesi Minima 4.9/5 Google Rating Kenapa Pilih Kami untuk Servis Cuci Rumah","Enquire about general, deep, move-in or move-out, and post-renovation home cleaning in Kuala Lumpur, subject to the current supported scope.","INTENTIONAL_CORRECTION","UNSUPPORTED_CLAIM_REMOVED","PRESERVE_APPROVED_ASTRO","Unsupported sanitisation, satisfaction, review and counter claims remain excluded"
"/servis-cuci-rumah-kl/","Robots","max-image-preview:large","index, follow","EQUIVALENT_SAFE","TECHNICAL_IMPLEMENTATION_DIFFERENCE","PRESERVE_APPROVED_ASTRO","The Astro control is explicit and matches the approved production indexing strategy."
"/servis-cuci-rumah-kl/","H1","","Servis Cuci Rumah KL","INTENTIONAL_CORRECTION","UNSUPPORTED_CLAIM_REMOVED","PRESERVE_APPROVED_ASTRO","Unsupported sanitisation, satisfaction, review and counter claims remain excluded"
"/servis-cuci-rumah-kl/","Main headings","","H1:Servis Cuci Rumah KL | H2:Pakar Servis Cuci Rumah KL | H2:Kenapa Pilih Kami untuk Servis Cuci Rumah KL? | H3:Pakar Servis Cuci Rumah KL (Deep Cleaning) | H3:Senarai Servis Cuci Rumah KL Kami | H3:1. Booking & Assessment | H3:2. Team Arrival | H3:3. Top-to-Bottom Cleaning | H3:4. Final Inspection | H3:Quote Servis Cuci Rumah KL | H2:Pakej Servis Cuci Rumah KL | H3:Post-Renovation | H3:Move-In / Move-Out | H3:Spring Cleaning | H3:Fabric Cleaning | H3:Office Cleaning | H3:Part-Time Maid | H2:FAQ Mengenai Servis Cuci Rumah KL | H2:Panduan Berkaitan | H2:Ready to Work Together?","INTENTIONAL_CORRECTION","UNSUPPORTED_CLAIM_REMOVED","PRESERVE_APPROVED_ASTRO","Unsupported sanitisation, satisfaction, review and counter claims remain excluded"
"/servis-cuci-rumah-kl/","Open Graph description","Bersih Pantas Trusted Pakar Servis Cuci Rumah KL Keep your home spotless with RK Reno Solution. We provide professional Servis Cuci Rumah KL, including move-in cleaning, post-renovation cleaning, and spring cleaning. WhatsApp Sekarang Email Quote 2000+ Rumah Dicuci 100% Puas Hati 4 Jam Sesi Minima 4.9/5 Google Rating Kenapa Pilih Kami untuk Servis Cuci Rumah","Enquire about general, deep, move-in or move-out, and post-renovation home cleaning in Kuala Lumpur, subject to the current supported scope.","INTENTIONAL_CORRECTION","UNSUPPORTED_CLAIM_REMOVED","PRESERVE_APPROVED_ASTRO","Unsupported sanitisation, satisfaction, review and counter claims remain excluded"
"/servis-cuci-rumah-kl/","Open Graph image","https://rkrenosolution.com/wp-content/uploads/2026/03/RK-Reno-Solutions-Logo.png","https://rkrenosolution.com/assets/media/RK-Reno-Solutions-Logo-942f64bb.png","INTENTIONAL_CORRECTION","UNSUPPORTED_CLAIM_REMOVED","PRESERVE_APPROVED_ASTRO","Unsupported sanitisation, satisfaction, review and counter claims remain excluded"
"/servis-cuci-rumah-kl/","Schema types","BreadcrumbList | Organization | WebPage | WebSite | HouseCleaning","Service | FAQPage","EQUIVALENT_SAFE","TECHNICAL_IMPLEMENTATION_DIFFERENCE","PRESERVE_APPROVED_ASTRO","The Astro control is explicit and matches the approved production indexing strategy."
"/servis-cuci-rumah-kl/","Published date","2026-03-28T10:24:31+00:00","","INTENTIONAL_CORRECTION","UNSUPPORTED_CLAIM_REMOVED","PRESERVE_APPROVED_ASTRO","Unsupported sanitisation, satisfaction, review and counter claims remain excluded"
"/servis-cuci-rumah-kl/","Modified date","2026-06-07T09:21:14+00:00","","INTENTIONAL_CORRECTION","UNSUPPORTED_CLAIM_REMOVED","PRESERVE_APPROVED_ASTRO","Unsupported sanitisation, satisfaction, review and counter claims remain excluded"
"/servis-cuci-rumah-kl/","Sitemap presence","FALSE","TRUE","EQUIVALENT_SAFE","TECHNICAL_IMPLEMENTATION_DIFFERENCE","PRESERVE_APPROVED_ASTRO","The Astro control is explicit and matches the approved production indexing strategy."
"/servis-cuci-rumah-kl/","Important internal links","","/ | /services/ | /servis-cuci-rumah-kl-the-ultimate-2026-guide-to-a-spotless-home/ | /pakej-deep-cleaning-rumah-kl-termasuk-pre-hari-raya/ | /contact-us/","INTENTIONAL_CORRECTION","UNSUPPORTED_CLAIM_REMOVED","PRESERVE_APPROVED_ASTRO","Unsupported sanitisation, satisfaction, review and counter claims remain excluded"
"/servis-cuci-rumah-kl/","Main visible content","e3b0c44298fc1c149afbf4c8996fb92427ae41e4649b934ca495991b7852b855","b793b11f2c2da8277af026a919414cea00579ceaa2a564f68c5efa1de53c527e","INTENTIONAL_CORRECTION","UNSUPPORTED_CLAIM_REMOVED","PRESERVE_APPROVED_ASTRO","Unsupported sanitisation, satisfaction, review and counter claims remain excluded"
"/servis-cuci-rumah-kl/","Image references","","/assets/media/detailed-kitchen-cleaning-kl-67669628.jpg | /assets/media/servis-cuci-rumah-kl-2e2d046e.jpg | /assets/media/detailed-kitchen-cleaning-kl-67669628.jpg | /assets/media/home7-img7-f8f5cbc2.webp","INTENTIONAL_CORRECTION","UNSUPPORTED_CLAIM_REMOVED","PRESERVE_APPROVED_ASTRO","Unsupported sanitisation, satisfaction, review and counter claims remain excluded"
"/thank-you/","Robots","max-image-preview:large","noindex, nofollow","EQUIVALENT_SAFE","TECHNICAL_IMPLEMENTATION_DIFFERENCE","PRESERVE_APPROVED_ASTRO","The Astro control is explicit and matches the approved production indexing strategy."
"/thank-you/","H1","","Thank You","INTENTIONAL_CORRECTION","DEMO_CONTENT_REMOVED","PRESERVE_APPROVED_ASTRO","The live fake direct-visit success confirmation is intentionally not reproduced"
"/thank-you/","Main headings","H2:Thank You!","H1:Thank You | H2:A direct visit does not confirm an enquiry was submitted","INTENTIONAL_CORRECTION","DEMO_CONTENT_REMOVED","PRESERVE_APPROVED_ASTRO","The live fake direct-visit success confirmation is intentionally not reproduced"
"/thank-you/","Open Graph image","https://rkrenosolution.com/wp-content/uploads/2026/03/RK-Reno-Solutions-Logo.png","https://rkrenosolution.com/assets/media/RK-Reno-Solutions-Logo-942f64bb.png","INTENTIONAL_CORRECTION","DEMO_CONTENT_REMOVED","PRESERVE_APPROVED_ASTRO","The live fake direct-visit success confirmation is intentionally not reproduced"
"/thank-you/","Schema types","BreadcrumbList | Organization | WebPage | WebSite","WebPage","EQUIVALENT_SAFE","TECHNICAL_IMPLEMENTATION_DIFFERENCE","PRESERVE_APPROVED_ASTRO","The Astro control is explicit and matches the approved production indexing strategy."
"/thank-you/","Published date","2025-01-22T07:23:02+00:00","","INTENTIONAL_CORRECTION","DEMO_CONTENT_REMOVED","PRESERVE_APPROVED_ASTRO","The live fake direct-visit success confirmation is intentionally not reproduced"
"/thank-you/","Modified date","2025-01-22T07:23:02+00:00","","INTENTIONAL_CORRECTION","DEMO_CONTENT_REMOVED","PRESERVE_APPROVED_ASTRO","The live fake direct-visit success confirmation is intentionally not reproduced"
"/thank-you/","Important internal links","","/ | /contact-us/ | /services/","INTENTIONAL_CORRECTION","DEMO_CONTENT_REMOVED","PRESERVE_APPROVED_ASTRO","The live fake direct-visit success confirmation is intentionally not reproduced"
"/thank-you/","Main visible content","3293b7b3da04ead1028f0dbe27f77684549cdfd62dea43bec75bdec86b2429b7","fe1976de1e5ac8f3ca0f530d8a516f2312c8b330df880925428e266f6948ea77","INTENTIONAL_CORRECTION","DEMO_CONTENT_REMOVED","PRESERVE_APPROVED_ASTRO","The live fake direct-visit success confirmation is intentionally not reproduced"
"/category/commercial/","Meta description","","Planning guides for retail and office renovation, including layout, services, access and handover considerations.","INTENTIONAL_CORRECTION","DEMO_CONTENT_REMOVED","PRESERVE_APPROVED_ASTRO","Tag clouds, plugin clutter, newsletter/career material and imported demo footer content remain excluded"
"/category/commercial/","Robots","max-image-preview:large","noindex, follow","EQUIVALENT_SAFE","TECHNICAL_IMPLEMENTATION_DIFFERENCE","PRESERVE_APPROVED_ASTRO","The Astro control is explicit and matches the approved production indexing strategy."
"/category/commercial/","H1","","Commercial","INTENTIONAL_CORRECTION","DEMO_CONTENT_REMOVED","PRESERVE_APPROVED_ASTRO","Tag clouds, plugin clutter, newsletter/career material and imported demo footer content remain excluded"
"/category/commercial/","Main headings","H2:Office Renovation Petaling Jaya: Corporate Fit-Out Experts | H2:Office Renovation in Kuala Lumpur: The 2026 Corporate Guide to Productivity","H1:Commercial | H2:Latest articles | H2:Commercial Retail Shop Renovation in Kuala Lumpur | H2:Office Renovation in Kuala Lumpur: Fit-Out Planning Guide | H2:Office Renovation Petaling Jaya: Corporate Fit-Out Planning | H2:Categories & topics | H2:Discuss the property and work scope | H2:Connect the guide to the actual property","INTENTIONAL_CORRECTION","DEMO_CONTENT_REMOVED","PRESERVE_APPROVED_ASTRO","Tag clouds, plugin clutter, newsletter/career material and imported demo footer content remain excluded"
"/category/commercial/","Open Graph title","","Commercial - RK Reno Solution","INTENTIONAL_CORRECTION","DEMO_CONTENT_REMOVED","PRESERVE_APPROVED_ASTRO","Tag clouds, plugin clutter, newsletter/career material and imported demo footer content remain excluded"
"/category/commercial/","Open Graph description","","Planning guides for retail and office renovation, including layout, services, access and handover considerations.","INTENTIONAL_CORRECTION","DEMO_CONTENT_REMOVED","PRESERVE_APPROVED_ASTRO","Tag clouds, plugin clutter, newsletter/career material and imported demo footer content remain excluded"
"/category/commercial/","Open Graph URL","","https://rkrenosolution.com/category/commercial/","INTENTIONAL_CORRECTION","DEMO_CONTENT_REMOVED","PRESERVE_APPROVED_ASTRO","Tag clouds, plugin clutter, newsletter/career material and imported demo footer content remain excluded"
"/category/commercial/","Open Graph image","","https://rkrenosolution.com/assets/media/RK-Reno-Solutions-Logo-942f64bb.png","INTENTIONAL_CORRECTION","DEMO_CONTENT_REMOVED","PRESERVE_APPROVED_ASTRO","Tag clouds, plugin clutter, newsletter/career material and imported demo footer content remain excluded"
"/category/commercial/","Schema types","BreadcrumbList | CollectionPage | Organization | WebSite","CollectionPage","EQUIVALENT_SAFE","TECHNICAL_IMPLEMENTATION_DIFFERENCE","PRESERVE_APPROVED_ASTRO","The Astro control is explicit and matches the approved production indexing strategy."
"/category/commercial/","Important internal links","/category/commercial/ | /office-renovation-petaling-jaya-corporate-fit-out-experts/ | /office-renovation-in-kuala-lumpur-the-2026-corporate-guide-to-productivity/","/ | /commercial-retail-shop-renovation-in-kuala-lumpur/ | /office-renovation-in-kuala-lumpur-the-2026-corporate-guide-to-productivity/ | /office-renovation-petaling-jaya-corporate-fit-out-experts/ | /category/commercial/ | /category/hvac-guides/ | /category/maintenance/ | /category/renovation/ | /category/servis-pembersihan/ | /category/technical-guides/ | /tag/interior-finishing/ | /tag/office-fit-out/ | /tag/waterproofing/ | /office-renovation-in-kuala-lumpur/ | /contact-us/ | /blog/","INTENTIONAL_CORRECTION","DEMO_CONTENT_REMOVED","PRESERVE_APPROVED_ASTRO","Tag clouds, plugin clutter, newsletter/career material and imported demo footer content remain excluded"
"/category/commercial/","Main visible content","5a4590dddb080b89362c5d7242c0a283e80fa3b6d6211e425e77dd77ac88d2ab","85deff0ff19862477b7099f741bf21df4f613675def30ecf460a87cd386657b6","INTENTIONAL_CORRECTION","DEMO_CONTENT_REMOVED","PRESERVE_APPROVED_ASTRO","Tag clouds, plugin clutter, newsletter/career material and imported demo footer content remain excluded"
"/category/commercial/","Image references","https://secure.gravatar.com/avatar/4c7a7e136a0e22539059a09b5784869ac34f14870c8711497f9feb22be355403?s=96&d=mm&r=g | https://secure.gravatar.com/avatar/4c7a7e136a0e22539059a09b5784869ac34f14870c8711497f9feb22be355403?s=96&d=mm&r=g","","INTENTIONAL_CORRECTION","DEMO_CONTENT_REMOVED","PRESERVE_APPROVED_ASTRO","Tag clouds, plugin clutter, newsletter/career material and imported demo footer content remain excluded"
"/category/hvac-guides/","Meta description","","Aircond guides covering installation planning, maintenance and quotation factors for Kuala Lumpur and Selangor properties.","INTENTIONAL_CORRECTION","DEMO_CONTENT_REMOVED","PRESERVE_APPROVED_ASTRO","Tag clouds, plugin clutter, newsletter/career material and imported demo footer content remain excluded"
"/category/hvac-guides/","Robots","max-image-preview:large","noindex, follow","EQUIVALENT_SAFE","TECHNICAL_IMPLEMENTATION_DIFFERENCE","PRESERVE_APPROVED_ASTRO","The Astro control is explicit and matches the approved production indexing strategy."
"/category/hvac-guides/","H1","","HVAC Guides","INTENTIONAL_CORRECTION","DEMO_CONTENT_REMOVED","PRESERVE_APPROVED_ASTRO","Tag clouds, plugin clutter, newsletter/career material and imported demo footer content remain excluded"
"/category/hvac-guides/","Main headings","H2:Upah Pasang Aircond Selangor: Panduan Harga & Pemasangan (2026) | H2:Servis Aircond Murah KL: The Ultimate 2026 Guide to a Colder Home | H2:Aircond Installation KL The Ultimate 2026 Guide – RK Reno Solution","H1:HVAC Guides | H2:Latest articles | H2:Aircond Installation KL: Planning Guide for 2026 | H2:Servis Aircond KL: Maintenance and Troubleshooting Guide | H2:Upah Pasang Aircond Selangor: Panduan Harga & Pemasangan | H2:Categories & topics | H2:Discuss the property and work scope | H2:Connect the guide to the actual property","INTENTIONAL_CORRECTION","DEMO_CONTENT_REMOVED","PRESERVE_APPROVED_ASTRO","Tag clouds, plugin clutter, newsletter/career material and imported demo footer content remain excluded"
"/category/hvac-guides/","Open Graph title","","HVAC Guides - RK Reno Solution","INTENTIONAL_CORRECTION","DEMO_CONTENT_REMOVED","PRESERVE_APPROVED_ASTRO","Tag clouds, plugin clutter, newsletter/career material and imported demo footer content remain excluded"
"/category/hvac-guides/","Open Graph description","","Aircond guides covering installation planning, maintenance and quotation factors for Kuala Lumpur and Selangor properties.","INTENTIONAL_CORRECTION","DEMO_CONTENT_REMOVED","PRESERVE_APPROVED_ASTRO","Tag clouds, plugin clutter, newsletter/career material and imported demo footer content remain excluded"
"/category/hvac-guides/","Open Graph URL","","https://rkrenosolution.com/category/hvac-guides/","INTENTIONAL_CORRECTION","DEMO_CONTENT_REMOVED","PRESERVE_APPROVED_ASTRO","Tag clouds, plugin clutter, newsletter/career material and imported demo footer content remain excluded"
"/category/hvac-guides/","Open Graph image","","https://rkrenosolution.com/assets/media/RK-Reno-Solutions-Logo-942f64bb.png","INTENTIONAL_CORRECTION","DEMO_CONTENT_REMOVED","PRESERVE_APPROVED_ASTRO","Tag clouds, plugin clutter, newsletter/career material and imported demo footer content remain excluded"
"/category/hvac-guides/","Schema types","BreadcrumbList | CollectionPage | Organization | WebSite","CollectionPage","EQUIVALENT_SAFE","TECHNICAL_IMPLEMENTATION_DIFFERENCE","PRESERVE_APPROVED_ASTRO","The Astro control is explicit and matches the approved production indexing strategy."
"/category/hvac-guides/","Important internal links","/category/hvac-guides/ | /upah-pasang-aircond-selangor-panduan-harga-pemasangan-2026/ | /servis-aircond-murah-kl-the-ultimate-2026-guide-to-a-colder-home/ | /aircond-installation-kl-the-ultimate-2026-guide-rk-reno-solution/","/ | /aircond-installation-kl-the-ultimate-2026-guide-rk-reno-solution/ | /servis-aircond-murah-kl-the-ultimate-2026-guide-to-a-colder-home/ | /upah-pasang-aircond-selangor-panduan-harga-pemasangan-2026/ | /category/commercial/ | /category/hvac-guides/ | /category/maintenance/ | /category/renovation/ | /category/servis-pembersihan/ | /category/technical-guides/ | /tag/interior-finishing/ | /tag/office-fit-out/ | /tag/waterproofing/ | /aircond-installation-kl/ | /contact-us/ | /blog/","INTENTIONAL_CORRECTION","DEMO_CONTENT_REMOVED","PRESERVE_APPROVED_ASTRO","Tag clouds, plugin clutter, newsletter/career material and imported demo footer content remain excluded"
"/category/hvac-guides/","Main visible content","5c18dc71c4c3ac8fd457a807e875f76992b4afef924912d7c5a1054a83565d87","294855087f270981d17754aa8b3aedb007fe603888753ca3cb82f349799813ec","INTENTIONAL_CORRECTION","DEMO_CONTENT_REMOVED","PRESERVE_APPROVED_ASTRO","Tag clouds, plugin clutter, newsletter/career material and imported demo footer content remain excluded"
"/category/hvac-guides/","Image references","https://secure.gravatar.com/avatar/4c7a7e136a0e22539059a09b5784869ac34f14870c8711497f9feb22be355403?s=96&d=mm&r=g | https://secure.gravatar.com/avatar/4c7a7e136a0e22539059a09b5784869ac34f14870c8711497f9feb22be355403?s=96&d=mm&r=g | https://secure.gravatar.com/avatar/4c7a7e136a0e22539059a09b5784869ac34f14870c8711497f9feb22be355403?s=96&d=mm&r=g","","INTENTIONAL_CORRECTION","DEMO_CONTENT_REMOVED","PRESERVE_APPROVED_ASTRO","Tag clouds, plugin clutter, newsletter/career material and imported demo footer content remain excluded"
"/category/maintenance/","Meta description","","Maintenance planning for aircond servicing, cleaning, leakage inspection and site-dependent repair work.","INTENTIONAL_CORRECTION","DEMO_CONTENT_REMOVED","PRESERVE_APPROVED_ASTRO","Tag clouds, plugin clutter, newsletter/career material and imported demo footer content remain excluded"
"/category/maintenance/","Robots","max-image-preview:large","noindex, follow","EQUIVALENT_SAFE","TECHNICAL_IMPLEMENTATION_DIFFERENCE","PRESERVE_APPROVED_ASTRO","The Astro control is explicit and matches the approved production indexing strategy."
"/category/maintenance/","H1","","Maintenance","INTENTIONAL_CORRECTION","DEMO_CONTENT_REMOVED","PRESERVE_APPROVED_ASTRO","Tag clouds, plugin clutter, newsletter/career material and imported demo footer content remain excluded"
"/category/maintenance/","Main headings","H2:Pakej Deep Cleaning Rumah KL (Termasuk Pre-Hari Raya) | H2:PU Injection Waterproofing KL: How to Fix Wall Cracks Permanently | H2:Waterproofing Contractor Kuala Lumpur: The Complete Guide to Stopping Leaks (2026) | H2:Servis Cuci Rumah KL: The Ultimate 2026 Guide to a Spotless Home","H1:Maintenance | H2:Latest articles | H2:Pakej Deep Cleaning Rumah KL: Scope and Enquiry Guide | H2:PU Injection Waterproofing KL: Crack and Leak Repair Guide | H2:Servis Aircond KL: Maintenance and Troubleshooting Guide | H2:Servis Cuci Rumah KL: Home Cleaning Planning Guide | H2:Waterproofing Contractor Kuala Lumpur: Leak Inspection Guide (2026) | H2:Categories & topics | H2:Discuss the property and work scope | H2:Connect the guide to the actual property","INTENTIONAL_CORRECTION","DEMO_CONTENT_REMOVED","PRESERVE_APPROVED_ASTRO","Tag clouds, plugin clutter, newsletter/career material and imported demo footer content remain excluded"
"/category/maintenance/","Open Graph title","","Maintenance - RK Reno Solution","INTENTIONAL_CORRECTION","DEMO_CONTENT_REMOVED","PRESERVE_APPROVED_ASTRO","Tag clouds, plugin clutter, newsletter/career material and imported demo footer content remain excluded"
"/category/maintenance/","Open Graph description","","Maintenance planning for aircond servicing, cleaning, leakage inspection and site-dependent repair work.","INTENTIONAL_CORRECTION","DEMO_CONTENT_REMOVED","PRESERVE_APPROVED_ASTRO","Tag clouds, plugin clutter, newsletter/career material and imported demo footer content remain excluded"
"/category/maintenance/","Open Graph URL","","https://rkrenosolution.com/category/maintenance/","INTENTIONAL_CORRECTION","DEMO_CONTENT_REMOVED","PRESERVE_APPROVED_ASTRO","Tag clouds, plugin clutter, newsletter/career material and imported demo footer content remain excluded"
"/category/maintenance/","Open Graph image","","https://rkrenosolution.com/assets/media/RK-Reno-Solutions-Logo-942f64bb.png","INTENTIONAL_CORRECTION","DEMO_CONTENT_REMOVED","PRESERVE_APPROVED_ASTRO","Tag clouds, plugin clutter, newsletter/career material and imported demo footer content remain excluded"
"/category/maintenance/","Schema types","BreadcrumbList | CollectionPage | Organization | WebSite","CollectionPage","EQUIVALENT_SAFE","TECHNICAL_IMPLEMENTATION_DIFFERENCE","PRESERVE_APPROVED_ASTRO","The Astro control is explicit and matches the approved production indexing strategy."
"/category/maintenance/","Important internal links","/category/maintenance/ | /category/servis-pembersihan/ | /pakej-deep-cleaning-rumah-kl-termasuk-pre-hari-raya/ | /pu-injection-waterproofing-kl-how-to-fix-wall-cracks-permanently/ | /waterproofing-contractor-kuala-lumpur-the-complete-guide-to-stopping-leaks-2026/ | /servis-cuci-rumah-kl-the-ultimate-2026-guide-to-a-spotless-home/","/ | /pakej-deep-cleaning-rumah-kl-termasuk-pre-hari-raya/ | /pu-injection-waterproofing-kl-how-to-fix-wall-cracks-permanently/ | /servis-aircond-murah-kl-the-ultimate-2026-guide-to-a-colder-home/ | /servis-cuci-rumah-kl-the-ultimate-2026-guide-to-a-spotless-home/ | /waterproofing-contractor-kuala-lumpur-the-complete-guide-to-stopping-leaks-2026/ | /category/commercial/ | /category/hvac-guides/ | /category/maintenance/ | /category/renovation/ | /category/servis-pembersihan/ | /category/technical-guides/ | /tag/interior-finishing/ | /tag/office-fit-out/ | /tag/waterproofing/ | /services/ | /contact-us/ | /blog/","INTENTIONAL_CORRECTION","DEMO_CONTENT_REMOVED","PRESERVE_APPROVED_ASTRO","Tag clouds, plugin clutter, newsletter/career material and imported demo footer content remain excluded"
"/category/maintenance/","Main visible content","1398f016959fe64bf97b5fcd3536b4143487f61b00a5c973378eb3ccfe6e18ad","2543fd3699fdc8d07e029a0493964cd8ef4a433a044398338594f3fdcc49169c","INTENTIONAL_CORRECTION","DEMO_CONTENT_REMOVED","PRESERVE_APPROVED_ASTRO","Tag clouds, plugin clutter, newsletter/career material and imported demo footer content remain excluded"
"/category/maintenance/","Image references","https://secure.gravatar.com/avatar/4c7a7e136a0e22539059a09b5784869ac34f14870c8711497f9feb22be355403?s=96&d=mm&r=g | https://secure.gravatar.com/avatar/4c7a7e136a0e22539059a09b5784869ac34f14870c8711497f9feb22be355403?s=96&d=mm&r=g | https://secure.gravatar.com/avatar/4c7a7e136a0e22539059a09b5784869ac34f14870c8711497f9feb22be355403?s=96&d=mm&r=g | https://secure.gravatar.com/avatar/4c7a7e136a0e22539059a09b5784869ac34f14870c8711497f9feb22be355403?s=96&d=mm&r=g","","INTENTIONAL_CORRECTION","DEMO_CONTENT_REMOVED","PRESERVE_APPROVED_ASTRO","Tag clouds, plugin clutter, newsletter/career material and imported demo footer content remain excluded"
"/category/renovation/","Meta description","","Residential and retail renovation guides covering scope, materials, coordination, sequencing, quotation and handover.","INTENTIONAL_CORRECTION","DEMO_CONTENT_REMOVED","PRESERVE_APPROVED_ASTRO","Tag clouds, plugin clutter, newsletter/career material and imported demo footer content remain excluded"
"/category/renovation/","Robots","max-image-preview:large","noindex, follow","EQUIVALENT_SAFE","TECHNICAL_IMPLEMENTATION_DIFFERENCE","PRESERVE_APPROVED_ASTRO","The Astro control is explicit and matches the approved production indexing strategy."
"/category/renovation/","H1","","Renovation","INTENTIONAL_CORRECTION","DEMO_CONTENT_REMOVED","PRESERVE_APPROVED_ASTRO","Tag clouds, plugin clutter, newsletter/career material and imported demo footer content remain excluded"
"/category/renovation/","Main headings","H2:Commercial Retail Shop Renovation in Kuala Lumpur | H2:House Renovation in Selangor: The Ultimate 2026 Guide to Extending Your Home | H2:House Renovation in Kuala Lumpur: The Ultimate Planning & Cost Guide (2026)","H1:Renovation | H2:Latest articles | H2:Commercial Retail Shop Renovation in Kuala Lumpur | H2:House Renovation in Kuala Lumpur: Planning and Quotation Guide | H2:House Renovation in Selangor: Home Extension Planning Guide | H2:Categories & topics | H2:Discuss the property and work scope | H2:Connect the guide to the actual property","INTENTIONAL_CORRECTION","DEMO_CONTENT_REMOVED","PRESERVE_APPROVED_ASTRO","Tag clouds, plugin clutter, newsletter/career material and imported demo footer content remain excluded"
"/category/renovation/","Open Graph title","","Renovation - RK Reno Solution","INTENTIONAL_CORRECTION","DEMO_CONTENT_REMOVED","PRESERVE_APPROVED_ASTRO","Tag clouds, plugin clutter, newsletter/career material and imported demo footer content remain excluded"
"/category/renovation/","Open Graph description","","Residential and retail renovation guides covering scope, materials, coordination, sequencing, quotation and handover.","INTENTIONAL_CORRECTION","DEMO_CONTENT_REMOVED","PRESERVE_APPROVED_ASTRO","Tag clouds, plugin clutter, newsletter/career material and imported demo footer content remain excluded"
"/category/renovation/","Open Graph URL","","https://rkrenosolution.com/category/renovation/","INTENTIONAL_CORRECTION","DEMO_CONTENT_REMOVED","PRESERVE_APPROVED_ASTRO","Tag clouds, plugin clutter, newsletter/career material and imported demo footer content remain excluded"
"/category/renovation/","Open Graph image","","https://rkrenosolution.com/assets/media/RK-Reno-Solutions-Logo-942f64bb.png","INTENTIONAL_CORRECTION","DEMO_CONTENT_REMOVED","PRESERVE_APPROVED_ASTRO","Tag clouds, plugin clutter, newsletter/career material and imported demo footer content remain excluded"
"/category/renovation/","Schema types","BreadcrumbList | CollectionPage | Organization | WebSite","CollectionPage","EQUIVALENT_SAFE","TECHNICAL_IMPLEMENTATION_DIFFERENCE","PRESERVE_APPROVED_ASTRO","The Astro control is explicit and matches the approved production indexing strategy."
"/category/renovation/","Important internal links","/category/renovation/ | /commercial-retail-shop-renovation-in-kuala-lumpur/ | /house-renovation-in-selangor-the-ultimate-2026-guide-to-extending-your-home/ | /house-renovation-in-kuala-lumpur-the-ultimate-planning-cost-guide-2026/","/ | /commercial-retail-shop-renovation-in-kuala-lumpur/ | /house-renovation-in-kuala-lumpur-the-ultimate-planning-cost-guide-2026/ | /house-renovation-in-selangor-the-ultimate-2026-guide-to-extending-your-home/ | /category/commercial/ | /category/hvac-guides/ | /category/maintenance/ | /category/renovation/ | /category/servis-pembersihan/ | /category/technical-guides/ | /tag/interior-finishing/ | /tag/office-fit-out/ | /tag/waterproofing/ | /service/building-renovation/ | /contact-us/ | /blog/","INTENTIONAL_CORRECTION","DEMO_CONTENT_REMOVED","PRESERVE_APPROVED_ASTRO","Tag clouds, plugin clutter, newsletter/career material and imported demo footer content remain excluded"
"/category/renovation/","Main visible content","bd24286244b35aac37afef347e1bced176b94bb7aae02020324b566c66fc0539","94475914e848bc2d2223990d5a867dcec61145b2b507c0fa537e474fe7b20d6f","INTENTIONAL_CORRECTION","DEMO_CONTENT_REMOVED","PRESERVE_APPROVED_ASTRO","Tag clouds, plugin clutter, newsletter/career material and imported demo footer content remain excluded"
"/category/renovation/","Image references","https://secure.gravatar.com/avatar/4c7a7e136a0e22539059a09b5784869ac34f14870c8711497f9feb22be355403?s=96&d=mm&r=g | https://secure.gravatar.com/avatar/4c7a7e136a0e22539059a09b5784869ac34f14870c8711497f9feb22be355403?s=96&d=mm&r=g | https://secure.gravatar.com/avatar/4c7a7e136a0e22539059a09b5784869ac34f14870c8711497f9feb22be355403?s=96&d=mm&r=g","","INTENTIONAL_CORRECTION","DEMO_CONTENT_REMOVED","PRESERVE_APPROVED_ASTRO","Tag clouds, plugin clutter, newsletter/career material and imported demo footer content remain excluded"
"/category/servis-pembersihan/","Meta description","","Panduan merancang servis cuci rumah dan deep cleaning di Kuala Lumpur berdasarkan keadaan dan skop sebenar.","INTENTIONAL_CORRECTION","DEMO_CONTENT_REMOVED","PRESERVE_APPROVED_ASTRO","Tag clouds, plugin clutter, newsletter/career material and imported demo footer content remain excluded"
"/category/servis-pembersihan/","Robots","max-image-preview:large","noindex, follow","EQUIVALENT_SAFE","TECHNICAL_IMPLEMENTATION_DIFFERENCE","PRESERVE_APPROVED_ASTRO","The Astro control is explicit and matches the approved production indexing strategy."
"/category/servis-pembersihan/","H1","","Servis Pembersihan","INTENTIONAL_CORRECTION","DEMO_CONTENT_REMOVED","PRESERVE_APPROVED_ASTRO","Tag clouds, plugin clutter, newsletter/career material and imported demo footer content remain excluded"
"/category/servis-pembersihan/","Main headings","H2:Pakej Deep Cleaning Rumah KL (Termasuk Pre-Hari Raya)","H1:Servis Pembersihan | H2:Latest articles | H2:Pakej Deep Cleaning Rumah KL: Scope and Enquiry Guide | H2:Servis Cuci Rumah KL: Home Cleaning Planning Guide | H2:Categories & topics | H2:Discuss the property and work scope | H2:Connect the guide to the actual property","INTENTIONAL_CORRECTION","DEMO_CONTENT_REMOVED","PRESERVE_APPROVED_ASTRO","Tag clouds, plugin clutter, newsletter/career material and imported demo footer content remain excluded"
"/category/servis-pembersihan/","Open Graph title","","Servis Pembersihan - RK Reno Solution","INTENTIONAL_CORRECTION","DEMO_CONTENT_REMOVED","PRESERVE_APPROVED_ASTRO","Tag clouds, plugin clutter, newsletter/career material and imported demo footer content remain excluded"
"/category/servis-pembersihan/","Open Graph description","","Panduan merancang servis cuci rumah dan deep cleaning di Kuala Lumpur berdasarkan keadaan dan skop sebenar.","INTENTIONAL_CORRECTION","DEMO_CONTENT_REMOVED","PRESERVE_APPROVED_ASTRO","Tag clouds, plugin clutter, newsletter/career material and imported demo footer content remain excluded"
"/category/servis-pembersihan/","Open Graph URL","","https://rkrenosolution.com/category/servis-pembersihan/","INTENTIONAL_CORRECTION","DEMO_CONTENT_REMOVED","PRESERVE_APPROVED_ASTRO","Tag clouds, plugin clutter, newsletter/career material and imported demo footer content remain excluded"
"/category/servis-pembersihan/","Open Graph image","","https://rkrenosolution.com/assets/media/RK-Reno-Solutions-Logo-942f64bb.png","INTENTIONAL_CORRECTION","DEMO_CONTENT_REMOVED","PRESERVE_APPROVED_ASTRO","Tag clouds, plugin clutter, newsletter/career material and imported demo footer content remain excluded"
"/category/servis-pembersihan/","Schema types","BreadcrumbList | CollectionPage | Organization | WebSite","CollectionPage","EQUIVALENT_SAFE","TECHNICAL_IMPLEMENTATION_DIFFERENCE","PRESERVE_APPROVED_ASTRO","The Astro control is explicit and matches the approved production indexing strategy."
"/category/servis-pembersihan/","Important internal links","/category/maintenance/ | /category/servis-pembersihan/ | /pakej-deep-cleaning-rumah-kl-termasuk-pre-hari-raya/","/ | /pakej-deep-cleaning-rumah-kl-termasuk-pre-hari-raya/ | /servis-cuci-rumah-kl-the-ultimate-2026-guide-to-a-spotless-home/ | /category/commercial/ | /category/hvac-guides/ | /category/maintenance/ | /category/renovation/ | /category/servis-pembersihan/ | /category/technical-guides/ | /tag/interior-finishing/ | /tag/office-fit-out/ | /tag/waterproofing/ | /servis-cuci-rumah-kl/ | /contact-us/ | /blog/","INTENTIONAL_CORRECTION","DEMO_CONTENT_REMOVED","PRESERVE_APPROVED_ASTRO","Tag clouds, plugin clutter, newsletter/career material and imported demo footer content remain excluded"
"/category/servis-pembersihan/","Main visible content","de1a92ae28ce538566d557834bfdde3bb897c12f2eb19af430a4caad99dcc4c4","553522409e10ca5f29c0c05aa52ec46368cf36e1435f0e092b3620b9b24ef6ea","INTENTIONAL_CORRECTION","DEMO_CONTENT_REMOVED","PRESERVE_APPROVED_ASTRO","Tag clouds, plugin clutter, newsletter/career material and imported demo footer content remain excluded"
"/category/servis-pembersihan/","Image references","https://secure.gravatar.com/avatar/4c7a7e136a0e22539059a09b5784869ac34f14870c8711497f9feb22be355403?s=96&d=mm&r=g","","INTENTIONAL_CORRECTION","DEMO_CONTENT_REMOVED","PRESERVE_APPROVED_ASTRO","Tag clouds, plugin clutter, newsletter/career material and imported demo footer content remain excluded"
"/category/technical-guides/","Meta description","","Safety, inspection and technical planning guides for electrical, aircond, waterproofing and ceiling work.","INTENTIONAL_CORRECTION","DEMO_CONTENT_REMOVED","PRESERVE_APPROVED_ASTRO","Tag clouds, plugin clutter, newsletter/career material and imported demo footer content remain excluded"
"/category/technical-guides/","Robots","max-image-preview:large","noindex, follow","EQUIVALENT_SAFE","TECHNICAL_IMPLEMENTATION_DIFFERENCE","PRESERVE_APPROVED_ASTRO","The Astro control is explicit and matches the approved production indexing strategy."
"/category/technical-guides/","H1","","Technical Guides","INTENTIONAL_CORRECTION","DEMO_CONTENT_REMOVED","PRESERVE_APPROVED_ASTRO","Tag clouds, plugin clutter, newsletter/career material and imported demo footer content remain excluded"
"/category/technical-guides/","Main headings","H2:Electrical Services Selangor: The Complete Safety & Pricing Guide (2026 Edition)","H1:Technical Guides | H2:Latest articles | H2:Aircond Installation KL: Planning Guide for 2026 | H2:Electrical Services Selangor: Safety and Quotation Guide | H2:Plaster Ceiling Contractor KL: Design & Quotation Guide (2026) | H2:PU Injection Waterproofing KL: Crack and Leak Repair Guide | H2:Upah Pasang Aircond Selangor: Panduan Harga & Pemasangan | H2:Waterproofing Contractor Kuala Lumpur: Leak Inspection Guide (2026) | H2:Categories & topics | H2:Discuss the property and work scope | H2:Connect the guide to the actual property","INTENTIONAL_CORRECTION","DEMO_CONTENT_REMOVED","PRESERVE_APPROVED_ASTRO","Tag clouds, plugin clutter, newsletter/career material and imported demo footer content remain excluded"
"/category/technical-guides/","Open Graph title","","Technical Guides - RK Reno Solution","INTENTIONAL_CORRECTION","DEMO_CONTENT_REMOVED","PRESERVE_APPROVED_ASTRO","Tag clouds, plugin clutter, newsletter/career material and imported demo footer content remain excluded"
"/category/technical-guides/","Open Graph description","","Safety, inspection and technical planning guides for electrical, aircond, waterproofing and ceiling work.","INTENTIONAL_CORRECTION","DEMO_CONTENT_REMOVED","PRESERVE_APPROVED_ASTRO","Tag clouds, plugin clutter, newsletter/career material and imported demo footer content remain excluded"
"/category/technical-guides/","Open Graph URL","","https://rkrenosolution.com/category/technical-guides/","INTENTIONAL_CORRECTION","DEMO_CONTENT_REMOVED","PRESERVE_APPROVED_ASTRO","Tag clouds, plugin clutter, newsletter/career material and imported demo footer content remain excluded"
"/category/technical-guides/","Open Graph image","","https://rkrenosolution.com/assets/media/RK-Reno-Solutions-Logo-942f64bb.png","INTENTIONAL_CORRECTION","DEMO_CONTENT_REMOVED","PRESERVE_APPROVED_ASTRO","Tag clouds, plugin clutter, newsletter/career material and imported demo footer content remain excluded"
"/category/technical-guides/","Schema types","BreadcrumbList | CollectionPage | Organization | WebSite","CollectionPage","EQUIVALENT_SAFE","TECHNICAL_IMPLEMENTATION_DIFFERENCE","PRESERVE_APPROVED_ASTRO","The Astro control is explicit and matches the approved production indexing strategy."
"/category/technical-guides/","Important internal links","/category/technical-guides/ | /electrical-services-selangor-the-complete-safety-pricing-guide-2026-edition/","/ | /aircond-installation-kl-the-ultimate-2026-guide-rk-reno-solution/ | /electrical-services-selangor-the-complete-safety-pricing-guide-2026-edition/ | /plaster-ceiling-contractor-kl-the-ultimate-design-pricing-guide-2026/ | /pu-injection-waterproofing-kl-how-to-fix-wall-cracks-permanently/ | /upah-pasang-aircond-selangor-panduan-harga-pemasangan-2026/ | /waterproofing-contractor-kuala-lumpur-the-complete-guide-to-stopping-leaks-2026/ | /category/commercial/ | /category/hvac-guides/ | /category/maintenance/ | /category/renovation/ | /category/servis-pembersihan/ | /category/technical-guides/ | /tag/interior-finishing/ | /tag/office-fit-out/ | /tag/waterproofing/ | /services/ | /contact-us/ | /blog/","INTENTIONAL_CORRECTION","DEMO_CONTENT_REMOVED","PRESERVE_APPROVED_ASTRO","Tag clouds, plugin clutter, newsletter/career material and imported demo footer content remain excluded"
"/category/technical-guides/","Main visible content","a03688ecf6109c2a6c3ce0761fc6caf700afae725ff7c697b156230f4542daef","6c123b02bbca0e82879c7f042a9bd17c5b5b8a321dc439a41d46e24f6babafbe","INTENTIONAL_CORRECTION","DEMO_CONTENT_REMOVED","PRESERVE_APPROVED_ASTRO","Tag clouds, plugin clutter, newsletter/career material and imported demo footer content remain excluded"
"/category/technical-guides/","Image references","https://secure.gravatar.com/avatar/4c7a7e136a0e22539059a09b5784869ac34f14870c8711497f9feb22be355403?s=96&d=mm&r=g","","INTENTIONAL_CORRECTION","DEMO_CONTENT_REMOVED","PRESERVE_APPROVED_ASTRO","Tag clouds, plugin clutter, newsletter/career material and imported demo footer content remain excluded"
"/tag/interior-finishing/","Meta description","","Practical guides for plaster ceilings and coordinated finishing work in renovation projects.","INTENTIONAL_CORRECTION","DEMO_CONTENT_REMOVED","PRESERVE_APPROVED_ASTRO","Tag clouds, plugin clutter, newsletter/career material and imported demo footer content remain excluded"
"/tag/interior-finishing/","Robots","max-image-preview:large","noindex, follow","EQUIVALENT_SAFE","TECHNICAL_IMPLEMENTATION_DIFFERENCE","PRESERVE_APPROVED_ASTRO","The Astro control is explicit and matches the approved production indexing strategy."
"/tag/interior-finishing/","H1","","Interior Finishing","INTENTIONAL_CORRECTION","DEMO_CONTENT_REMOVED","PRESERVE_APPROVED_ASTRO","Tag clouds, plugin clutter, newsletter/career material and imported demo footer content remain excluded"
"/tag/interior-finishing/","Main headings","H2:Commercial Retail Shop Renovation in Kuala Lumpur | H2:Plaster Ceiling Contractor KL: The Ultimate Design & Pricing Guide (2026)","H1:Interior Finishing | H2:Latest articles | H2:Commercial Retail Shop Renovation in Kuala Lumpur | H2:Plaster Ceiling Contractor KL: Design & Quotation Guide (2026) | H2:Categories & topics | H2:Discuss the property and work scope | H2:Connect the guide to the actual property","INTENTIONAL_CORRECTION","DEMO_CONTENT_REMOVED","PRESERVE_APPROVED_ASTRO","Tag clouds, plugin clutter, newsletter/career material and imported demo footer content remain excluded"
"/tag/interior-finishing/","Open Graph title","","Interior Finishing - RK Reno Solution","INTENTIONAL_CORRECTION","DEMO_CONTENT_REMOVED","PRESERVE_APPROVED_ASTRO","Tag clouds, plugin clutter, newsletter/career material and imported demo footer content remain excluded"
"/tag/interior-finishing/","Open Graph description","","Practical guides for plaster ceilings and coordinated finishing work in renovation projects.","INTENTIONAL_CORRECTION","DEMO_CONTENT_REMOVED","PRESERVE_APPROVED_ASTRO","Tag clouds, plugin clutter, newsletter/career material and imported demo footer content remain excluded"
"/tag/interior-finishing/","Open Graph URL","","https://rkrenosolution.com/tag/interior-finishing/","INTENTIONAL_CORRECTION","DEMO_CONTENT_REMOVED","PRESERVE_APPROVED_ASTRO","Tag clouds, plugin clutter, newsletter/career material and imported demo footer content remain excluded"
"/tag/interior-finishing/","Open Graph image","","https://rkrenosolution.com/assets/media/RK-Reno-Solutions-Logo-942f64bb.png","INTENTIONAL_CORRECTION","DEMO_CONTENT_REMOVED","PRESERVE_APPROVED_ASTRO","Tag clouds, plugin clutter, newsletter/career material and imported demo footer content remain excluded"
"/tag/interior-finishing/","Schema types","BreadcrumbList | CollectionPage | Organization | WebSite","CollectionPage","EQUIVALENT_SAFE","TECHNICAL_IMPLEMENTATION_DIFFERENCE","PRESERVE_APPROVED_ASTRO","The Astro control is explicit and matches the approved production indexing strategy."
"/tag/interior-finishing/","Important internal links","/category/renovation/ | /commercial-retail-shop-renovation-in-kuala-lumpur/ | /category/interior-design/ | /plaster-ceiling-contractor-kl-the-ultimate-design-pricing-guide-2026/","/ | /commercial-retail-shop-renovation-in-kuala-lumpur/ | /plaster-ceiling-contractor-kl-the-ultimate-design-pricing-guide-2026/ | /category/commercial/ | /category/hvac-guides/ | /category/maintenance/ | /category/renovation/ | /category/servis-pembersihan/ | /category/technical-guides/ | /tag/interior-finishing/ | /tag/office-fit-out/ | /tag/waterproofing/ | /plaster-ceiling-contractor-kl/ | /contact-us/ | /blog/","INTENTIONAL_CORRECTION","DEMO_CONTENT_REMOVED","PRESERVE_APPROVED_ASTRO","Tag clouds, plugin clutter, newsletter/career material and imported demo footer content remain excluded"
"/tag/interior-finishing/","Main visible content","a31bb4d098d697b7ab221fa9bcd3bc35885a8053ad7f39d7a240334b178447e4","d8f36061b228874ac9472f460983ee283abffee11cb3fecc7a31d7cf19714794","INTENTIONAL_CORRECTION","DEMO_CONTENT_REMOVED","PRESERVE_APPROVED_ASTRO","Tag clouds, plugin clutter, newsletter/career material and imported demo footer content remain excluded"
"/tag/interior-finishing/","Image references","https://secure.gravatar.com/avatar/4c7a7e136a0e22539059a09b5784869ac34f14870c8711497f9feb22be355403?s=96&d=mm&r=g | https://secure.gravatar.com/avatar/4c7a7e136a0e22539059a09b5784869ac34f14870c8711497f9feb22be355403?s=96&d=mm&r=g","","INTENTIONAL_CORRECTION","DEMO_CONTENT_REMOVED","PRESERVE_APPROVED_ASTRO","Tag clouds, plugin clutter, newsletter/career material and imported demo footer content remain excluded"
"/tag/office-fit-out/","Meta description","","Office renovation planning for Kuala Lumpur and Petaling Jaya premises, including layout, services and building requirements.","INTENTIONAL_CORRECTION","DEMO_CONTENT_REMOVED","PRESERVE_APPROVED_ASTRO","Tag clouds, plugin clutter, newsletter/career material and imported demo footer content remain excluded"
"/tag/office-fit-out/","Robots","max-image-preview:large","noindex, follow","EQUIVALENT_SAFE","TECHNICAL_IMPLEMENTATION_DIFFERENCE","PRESERVE_APPROVED_ASTRO","The Astro control is explicit and matches the approved production indexing strategy."
"/tag/office-fit-out/","H1","","Office Fit-Out","INTENTIONAL_CORRECTION","DEMO_CONTENT_REMOVED","PRESERVE_APPROVED_ASTRO","Tag clouds, plugin clutter, newsletter/career material and imported demo footer content remain excluded"
"/tag/office-fit-out/","Main headings","H2:Office Renovation in Kuala Lumpur: The 2026 Corporate Guide to Productivity","H1:Office Fit-Out | H2:Latest articles | H2:Office Renovation in Kuala Lumpur: Fit-Out Planning Guide | H2:Office Renovation Petaling Jaya: Corporate Fit-Out Planning | H2:Categories & topics | H2:Discuss the property and work scope | H2:Connect the guide to the actual property","INTENTIONAL_CORRECTION","DEMO_CONTENT_REMOVED","PRESERVE_APPROVED_ASTRO","Tag clouds, plugin clutter, newsletter/career material and imported demo footer content remain excluded"
"/tag/office-fit-out/","Open Graph title","","Office Fit-Out - RK Reno Solution","INTENTIONAL_CORRECTION","DEMO_CONTENT_REMOVED","PRESERVE_APPROVED_ASTRO","Tag clouds, plugin clutter, newsletter/career material and imported demo footer content remain excluded"
"/tag/office-fit-out/","Open Graph description","","Office renovation planning for Kuala Lumpur and Petaling Jaya premises, including layout, services and building requirements.","INTENTIONAL_CORRECTION","DEMO_CONTENT_REMOVED","PRESERVE_APPROVED_ASTRO","Tag clouds, plugin clutter, newsletter/career material and imported demo footer content remain excluded"
"/tag/office-fit-out/","Open Graph URL","","https://rkrenosolution.com/tag/office-fit-out/","INTENTIONAL_CORRECTION","DEMO_CONTENT_REMOVED","PRESERVE_APPROVED_ASTRO","Tag clouds, plugin clutter, newsletter/career material and imported demo footer content remain excluded"
"/tag/office-fit-out/","Open Graph image","","https://rkrenosolution.com/assets/media/RK-Reno-Solutions-Logo-942f64bb.png","INTENTIONAL_CORRECTION","DEMO_CONTENT_REMOVED","PRESERVE_APPROVED_ASTRO","Tag clouds, plugin clutter, newsletter/career material and imported demo footer content remain excluded"
"/tag/office-fit-out/","Schema types","BreadcrumbList | CollectionPage | Organization | WebSite","CollectionPage","EQUIVALENT_SAFE","TECHNICAL_IMPLEMENTATION_DIFFERENCE","PRESERVE_APPROVED_ASTRO","The Astro control is explicit and matches the approved production indexing strategy."
"/tag/office-fit-out/","Important internal links","/category/commercial/ | /office-renovation-in-kuala-lumpur-the-2026-corporate-guide-to-productivity/","/ | /office-renovation-in-kuala-lumpur-the-2026-corporate-guide-to-productivity/ | /office-renovation-petaling-jaya-corporate-fit-out-experts/ | /category/commercial/ | /category/hvac-guides/ | /category/maintenance/ | /category/renovation/ | /category/servis-pembersihan/ | /category/technical-guides/ | /tag/interior-finishing/ | /tag/office-fit-out/ | /tag/waterproofing/ | /office-renovation-in-kuala-lumpur/ | /contact-us/ | /blog/","INTENTIONAL_CORRECTION","DEMO_CONTENT_REMOVED","PRESERVE_APPROVED_ASTRO","Tag clouds, plugin clutter, newsletter/career material and imported demo footer content remain excluded"
"/tag/office-fit-out/","Main visible content","98b250f876103414801c79134a85d2ebec536932d1e064fc6066955bc9e7024c","1f01e303d2a343992abe646da9ca15bb7099ed24ca515dac690ff7095acd6758","INTENTIONAL_CORRECTION","DEMO_CONTENT_REMOVED","PRESERVE_APPROVED_ASTRO","Tag clouds, plugin clutter, newsletter/career material and imported demo footer content remain excluded"
"/tag/office-fit-out/","Image references","https://secure.gravatar.com/avatar/4c7a7e136a0e22539059a09b5784869ac34f14870c8711497f9feb22be355403?s=96&d=mm&r=g","","INTENTIONAL_CORRECTION","DEMO_CONTENT_REMOVED","PRESERVE_APPROVED_ASTRO","Tag clouds, plugin clutter, newsletter/career material and imported demo footer content remain excluded"
"/tag/waterproofing/","Meta description","","Leak inspection and PU injection guidance for site-dependent waterproofing decisions in Kuala Lumpur.","INTENTIONAL_CORRECTION","DEMO_CONTENT_REMOVED","PRESERVE_APPROVED_ASTRO","Tag clouds, plugin clutter, newsletter/career material and imported demo footer content remain excluded"
"/tag/waterproofing/","Robots","max-image-preview:large","noindex, follow","EQUIVALENT_SAFE","TECHNICAL_IMPLEMENTATION_DIFFERENCE","PRESERVE_APPROVED_ASTRO","The Astro control is explicit and matches the approved production indexing strategy."
"/tag/waterproofing/","H1","","Waterproofing","INTENTIONAL_CORRECTION","DEMO_CONTENT_REMOVED","PRESERVE_APPROVED_ASTRO","Tag clouds, plugin clutter, newsletter/career material and imported demo footer content remain excluded"
"/tag/waterproofing/","Main headings","H2:PU Injection Waterproofing KL: How to Fix Wall Cracks Permanently | H2:Waterproofing Contractor Kuala Lumpur: The Complete Guide to Stopping Leaks (2026)","H1:Waterproofing | H2:Latest articles | H2:PU Injection Waterproofing KL: Crack and Leak Repair Guide | H2:Waterproofing Contractor Kuala Lumpur: Leak Inspection Guide (2026) | H2:Categories & topics | H2:Discuss the property and work scope | H2:Connect the guide to the actual property","INTENTIONAL_CORRECTION","DEMO_CONTENT_REMOVED","PRESERVE_APPROVED_ASTRO","Tag clouds, plugin clutter, newsletter/career material and imported demo footer content remain excluded"
"/tag/waterproofing/","Open Graph title","","Waterproofing - RK Reno Solution","INTENTIONAL_CORRECTION","DEMO_CONTENT_REMOVED","PRESERVE_APPROVED_ASTRO","Tag clouds, plugin clutter, newsletter/career material and imported demo footer content remain excluded"
"/tag/waterproofing/","Open Graph description","","Leak inspection and PU injection guidance for site-dependent waterproofing decisions in Kuala Lumpur.","INTENTIONAL_CORRECTION","DEMO_CONTENT_REMOVED","PRESERVE_APPROVED_ASTRO","Tag clouds, plugin clutter, newsletter/career material and imported demo footer content remain excluded"
"/tag/waterproofing/","Open Graph URL","","https://rkrenosolution.com/tag/waterproofing/","INTENTIONAL_CORRECTION","DEMO_CONTENT_REMOVED","PRESERVE_APPROVED_ASTRO","Tag clouds, plugin clutter, newsletter/career material and imported demo footer content remain excluded"
"/tag/waterproofing/","Open Graph image","","https://rkrenosolution.com/assets/media/RK-Reno-Solutions-Logo-942f64bb.png","INTENTIONAL_CORRECTION","DEMO_CONTENT_REMOVED","PRESERVE_APPROVED_ASTRO","Tag clouds, plugin clutter, newsletter/career material and imported demo footer content remain excluded"
"/tag/waterproofing/","Schema types","BreadcrumbList | CollectionPage | Organization | WebSite","CollectionPage","EQUIVALENT_SAFE","TECHNICAL_IMPLEMENTATION_DIFFERENCE","PRESERVE_APPROVED_ASTRO","The Astro control is explicit and matches the approved production indexing strategy."
"/tag/waterproofing/","Important internal links","/category/maintenance/ | /pu-injection-waterproofing-kl-how-to-fix-wall-cracks-permanently/ | /waterproofing-contractor-kuala-lumpur-the-complete-guide-to-stopping-leaks-2026/","/ | /pu-injection-waterproofing-kl-how-to-fix-wall-cracks-permanently/ | /waterproofing-contractor-kuala-lumpur-the-complete-guide-to-stopping-leaks-2026/ | /category/commercial/ | /category/hvac-guides/ | /category/maintenance/ | /category/renovation/ | /category/servis-pembersihan/ | /category/technical-guides/ | /tag/interior-finishing/ | /tag/office-fit-out/ | /tag/waterproofing/ | /waterproofing-contractor-kuala-lumpur/ | /contact-us/ | /blog/","INTENTIONAL_CORRECTION","DEMO_CONTENT_REMOVED","PRESERVE_APPROVED_ASTRO","Tag clouds, plugin clutter, newsletter/career material and imported demo footer content remain excluded"
"/tag/waterproofing/","Main visible content","4e0098a100c736887965b3098a2c6c84681f7ade3383b208b020d712bcaa48cf","0a1bd9dd07ac1179ea1536fa0244c4f96c6b755eaedd0691aac5c189737c02e3","INTENTIONAL_CORRECTION","DEMO_CONTENT_REMOVED","PRESERVE_APPROVED_ASTRO","Tag clouds, plugin clutter, newsletter/career material and imported demo footer content remain excluded"
"/tag/waterproofing/","Image references","https://secure.gravatar.com/avatar/4c7a7e136a0e22539059a09b5784869ac34f14870c8711497f9feb22be355403?s=96&d=mm&r=g | https://secure.gravatar.com/avatar/4c7a7e136a0e22539059a09b5784869ac34f14870c8711497f9feb22be355403?s=96&d=mm&r=g","","INTENTIONAL_CORRECTION","DEMO_CONTENT_REMOVED","PRESERVE_APPROVED_ASTRO","Tag clouds, plugin clutter, newsletter/career material and imported demo footer content remain excluded"
