route,viewport,state,sourcePath,stagingPath,differencePath,sourceWidth,sourceHeight,stagingWidth,stagingHeight,dimensionsEqual,changedPixels,totalPixels,changedPixelPercent,meanAbsoluteChannelDelta,channelDeltaThreshold,allowedChangedPixelPercent,evidenceComplete
"/","desktop","header-initial","C:\Users\BGF\OneDrive\Documents\rkreno\.audit-cache\prompt-1-2\source\desktop\home\header-initial.png","C:\Users\BGF\OneDrive\Documents\rkreno\.audit-cache\prompt-1-2\staging\desktop\home\header-initial.png","C:\Users\BGF\OneDrive\Documents\rkreno\.audit-cache\prompt-1-2\differences\desktop\home\header-initial.png","1440","187","1440","187","true","19822","269280","7.361111111111112","8.93766587443058","24","0.5","true"
"/","desktop","header-sticky","C:\Users\BGF\OneDrive\Documents\rkreno\.audit-cache\prompt-1-2\source\desktop\home\header-sticky.png","C:\Users\BGF\OneDrive\Documents\rkreno\.audit-cache\prompt-1-2\staging\desktop\home\header-sticky.png","C:\Users\BGF\OneDrive\Documents\rkreno\.audit-cache\prompt-1-2\differences\desktop\home\header-sticky.png","1440","100","1440","100","true","7188","144000","4.991666666666666","6.022287037037037","24","0.5","true"
"/","desktop","dropdown-open","C:\Users\BGF\OneDrive\Documents\rkreno\.audit-cache\prompt-1-2\source\desktop\home\dropdown-open.png","C:\Users\BGF\OneDrive\Documents\rkreno\.audit-cache\prompt-1-2\staging\desktop\home\dropdown-open.png","C:\Users\BGF\OneDrive\Documents\rkreno\.audit-cache\prompt-1-2\differences\desktop\home\dropdown-open.png","340","458","340","458","true","18572","155720","11.926534806062163","13.593402688586352","24","0.5","true"
"/","desktop","footer","C:\Users\BGF\OneDrive\Documents\rkreno\.audit-cache\prompt-1-2\source\desktop\home\footer.png","C:\Users\BGF\OneDrive\Documents\rkreno\.audit-cache\prompt-1-2\staging\desktop\home\footer.png","C:\Users\BGF\OneDrive\Documents\rkreno\.audit-cache\prompt-1-2\differences\desktop\home\footer.png","1440","397","1440","397","true","93964","571680","16.436467954100195","25.558268028734023","24","0.5","true"
"/","desktop","floating-actions","C:\Users\BGF\OneDrive\Documents\rkreno\.audit-cache\prompt-1-2\source\desktop\home\floating-actions.png","C:\Users\BGF\OneDrive\Documents\rkreno\.audit-cache\prompt-1-2\staging\desktop\home\floating-actions.png","C:\Users\BGF\OneDrive\Documents\rkreno\.audit-cache\prompt-1-2\differences\desktop\home\floating-actions.png","1440","1000","1440","1000","true","220658","1440000","15.323472222222223","17.83279837962963","24","0.5","true"
"/","tablet","header-initial","C:\Users\BGF\OneDrive\Documents\rkreno\.audit-cache\prompt-1-2\source\tablet\home\header-initial.png","C:\Users\BGF\OneDrive\Documents\rkreno\.audit-cache\prompt-1-2\staging\tablet\home\header-initial.png","C:\Users\BGF\OneDrive\Documents\rkreno\.audit-cache\prompt-1-2\differences\tablet\home\header-initial.png","768","90","768","90","true","168","69120","0.24305555555555555","0.05573881172839506","24","0.5","true"
"/","tablet","header-sticky","C:\Users\BGF\OneDrive\Documents\rkreno\.audit-cache\prompt-1-2\source\tablet\home\header-sticky.png","C:\Users\BGF\OneDrive\Documents\rkreno\.audit-cache\prompt-1-2\staging\tablet\home\header-sticky.png","C:\Users\BGF\OneDrive\Documents\rkreno\.audit-cache\prompt-1-2\differences\tablet\home\header-sticky.png","768","90","768","90","true","168","69120","0.24305555555555555","0.05539641203703704","24","0.5","true"
"/","tablet","menu-open","C:\Users\BGF\OneDrive\Documents\rkreno\.audit-cache\prompt-1-2\source\tablet\home\menu-open.png","C:\Users\BGF\OneDrive\Documents\rkreno\.audit-cache\prompt-1-2\staging\tablet\home\menu-open.png","C:\Users\BGF\OneDrive\Documents\rkreno\.audit-cache\prompt-1-2\differences\tablet\home\menu-open.png","768","1024","768","1024","true","206932","786432","26.312764485677082","14.121868981255425","24","0.5","true"
"/","tablet","submenu-open","C:\Users\BGF\OneDrive\Documents\rkreno\.audit-cache\prompt-1-2\source\tablet\home\submenu-open.png","C:\Users\BGF\OneDrive\Documents\rkreno\.audit-cache\prompt-1-2\staging\tablet\home\submenu-open.png","C:\Users\BGF\OneDrive\Documents\rkreno\.audit-cache\prompt-1-2\differences\tablet\home\submenu-open.png","768","1024","768","1024","true","226584","786432","28.8116455078125","17.122074127197266","24","0.5","true"
"/","tablet","footer","C:\Users\BGF\OneDrive\Documents\rkreno\.audit-cache\prompt-1-2\source\tablet\home\footer.png","C:\Users\BGF\OneDrive\Documents\rkreno\.audit-cache\prompt-1-2\staging\tablet\home\footer.png","C:\Users\BGF\OneDrive\Documents\rkreno\.audit-cache\prompt-1-2\differences\tablet\home\footer.png","768","681","768","782","false","47974","600576","7.987998188405797","9.712730778452686","24","0.5","true"
"/","tablet","floating-actions","C:\Users\BGF\OneDrive\Documents\rkreno\.audit-cache\prompt-1-2\source\tablet\home\floating-actions.png","C:\Users\BGF\OneDrive\Documents\rkreno\.audit-cache\prompt-1-2\staging\tablet\home\floating-actions.png","C:\Users\BGF\OneDrive\Documents\rkreno\.audit-cache\prompt-1-2\differences\tablet\home\floating-actions.png","768","1024","768","1024","true","227675","786432","28.95037333170573","30.98944091796875","24","0.5","true"
"/","mobile","header-initial","C:\Users\BGF\OneDrive\Documents\rkreno\.audit-cache\prompt-1-2\source\mobile\home\header-initial.png","C:\Users\BGF\OneDrive\Documents\rkreno\.audit-cache\prompt-1-2\staging\mobile\home\header-initial.png","C:\Users\BGF\OneDrive\Documents\rkreno\.audit-cache\prompt-1-2\differences\mobile\home\header-initial.png","390","90","390","90","true","168","35100","0.47863247863247865","0.10976258309591642","24","0.5","true"
"/","mobile","header-sticky","C:\Users\BGF\OneDrive\Documents\rkreno\.audit-cache\prompt-1-2\source\mobile\home\header-sticky.png","C:\Users\BGF\OneDrive\Documents\rkreno\.audit-cache\prompt-1-2\staging\mobile\home\header-sticky.png","C:\Users\BGF\OneDrive\Documents\rkreno\.audit-cache\prompt-1-2\differences\mobile\home\header-sticky.png","390","90","390","90","true","168","35100","0.47863247863247865","0.10908831908831909","24","0.5","true"
"/","mobile","menu-open","C:\Users\BGF\OneDrive\Documents\rkreno\.audit-cache\prompt-1-2\source\mobile\home\menu-open.png","C:\Users\BGF\OneDrive\Documents\rkreno\.audit-cache\prompt-1-2\staging\mobile\home\menu-open.png","C:\Users\BGF\OneDrive\Documents\rkreno\.audit-cache\prompt-1-2\differences\mobile\home\menu-open.png","390","844","390","844","true","4284","329160","1.3014947138169888","1.6892747194879896","24","0.5","true"
"/","mobile","submenu-open","C:\Users\BGF\OneDrive\Documents\rkreno\.audit-cache\prompt-1-2\source\mobile\home\submenu-open.png","C:\Users\BGF\OneDrive\Documents\rkreno\.audit-cache\prompt-1-2\staging\mobile\home\submenu-open.png","C:\Users\BGF\OneDrive\Documents\rkreno\.audit-cache\prompt-1-2\differences\mobile\home\submenu-open.png","390","844","390","844","true","19863","329160","6.034451330659862","7.112078219305707","24","0.5","true"
"/","mobile","footer","C:\Users\BGF\OneDrive\Documents\rkreno\.audit-cache\prompt-1-2\source\mobile\home\footer.png","C:\Users\BGF\OneDrive\Documents\rkreno\.audit-cache\prompt-1-2\staging\mobile\home\footer.png","C:\Users\BGF\OneDrive\Documents\rkreno\.audit-cache\prompt-1-2\differences\mobile\home\footer.png","390","1070","390","1092","false","42225","425880","9.91476472245703","11.408765379919226","24","0.5","true"
"/","mobile","floating-actions","C:\Users\BGF\OneDrive\Documents\rkreno\.audit-cache\prompt-1-2\source\mobile\home\floating-actions.png","C:\Users\BGF\OneDrive\Documents\rkreno\.audit-cache\prompt-1-2\staging\mobile\home\floating-actions.png","C:\Users\BGF\OneDrive\Documents\rkreno\.audit-cache\prompt-1-2\differences\mobile\home\floating-actions.png","390","844","390","844","true","186592","329160","56.68732531291772","91.87646230809737","24","0.5","true"
"/services/","desktop","header-initial","C:\Users\BGF\OneDrive\Documents\rkreno\.audit-cache\prompt-1-2\source\desktop\services\header-initial.png","C:\Users\BGF\OneDrive\Documents\rkreno\.audit-cache\prompt-1-2\staging\desktop\services\header-initial.png","C:\Users\BGF\OneDrive\Documents\rkreno\.audit-cache\prompt-1-2\differences\desktop\services\header-initial.png","1440","171","1440","171","true","129826","246240","52.72335932423652","107.85633257526533","24","0.5","true"
"/services/","desktop","header-sticky","C:\Users\BGF\OneDrive\Documents\rkreno\.audit-cache\prompt-1-2\source\desktop\services\header-sticky.png","C:\Users\BGF\OneDrive\Documents\rkreno\.audit-cache\prompt-1-2\staging\desktop\services\header-sticky.png","C:\Users\BGF\OneDrive\Documents\rkreno\.audit-cache\prompt-1-2\differences\desktop\services\header-sticky.png","1440","100","1440","100","true","28790","144000","19.993055555555557","24.687453703703703","24","0.5","true"
"/services/","desktop","dropdown-open","C:\Users\BGF\OneDrive\Documents\rkreno\.audit-cache\prompt-1-2\source\desktop\services\dropdown-open.png","C:\Users\BGF\OneDrive\Documents\rkreno\.audit-cache\prompt-1-2\staging\desktop\services\dropdown-open.png","C:\Users\BGF\OneDrive\Documents\rkreno\.audit-cache\prompt-1-2\differences\desktop\services\dropdown-open.png","339","459","340","458","false","19311","156060","12.374086889657825","15.736567132299543","24","0.5","true"
"/services/","desktop","footer","C:\Users\BGF\OneDrive\Documents\rkreno\.audit-cache\prompt-1-2\source\desktop\services\footer.png","C:\Users\BGF\OneDrive\Documents\rkreno\.audit-cache\prompt-1-2\staging\desktop\services\footer.png","C:\Users\BGF\OneDrive\Documents\rkreno\.audit-cache\prompt-1-2\differences\desktop\services\footer.png","1440","774","1440","733","false","267437","1114560","23.99484998564456","37.48851923629056","24","0.5","true"
"/services/","desktop","floating-actions","C:\Users\BGF\OneDrive\Documents\rkreno\.audit-cache\prompt-1-2\source\desktop\services\floating-actions.png","C:\Users\BGF\OneDrive\Documents\rkreno\.audit-cache\prompt-1-2\staging\desktop\services\floating-actions.png","C:\Users\BGF\OneDrive\Documents\rkreno\.audit-cache\prompt-1-2\differences\desktop\services\floating-actions.png","1440","1000","1440","1000","true","562443","1440000","39.05854166666667","61.729461111111114","24","0.5","true"
"/services/","tablet","header-initial","C:\Users\BGF\OneDrive\Documents\rkreno\.audit-cache\prompt-1-2\source\tablet\services\header-initial.png","C:\Users\BGF\OneDrive\Documents\rkreno\.audit-cache\prompt-1-2\staging\tablet\services\header-initial.png","C:\Users\BGF\OneDrive\Documents\rkreno\.audit-cache\prompt-1-2\differences\tablet\services\header-initial.png","768","90","768","90","true","168","69120","0.24305555555555555","0.055357831790123456","24","0.5","true"
"/services/","tablet","header-sticky","C:\Users\BGF\OneDrive\Documents\rkreno\.audit-cache\prompt-1-2\source\tablet\services\header-sticky.png","C:\Users\BGF\OneDrive\Documents\rkreno\.audit-cache\prompt-1-2\staging\tablet\services\header-sticky.png","C:\Users\BGF\OneDrive\Documents\rkreno\.audit-cache\prompt-1-2\differences\tablet\services\header-sticky.png","768","90","768","90","true","168","69120","0.24305555555555555","0.05539641203703704","24","0.5","true"
"/services/","tablet","menu-open","C:\Users\BGF\OneDrive\Documents\rkreno\.audit-cache\prompt-1-2\source\tablet\services\menu-open.png","C:\Users\BGF\OneDrive\Documents\rkreno\.audit-cache\prompt-1-2\staging\tablet\services\menu-open.png","C:\Users\BGF\OneDrive\Documents\rkreno\.audit-cache\prompt-1-2\differences\tablet\services\menu-open.png","768","1024","768","1024","true","98450","786432","12.518564860026041","8.520658704969618","24","0.5","true"
"/services/","tablet","submenu-open","C:\Users\BGF\OneDrive\Documents\rkreno\.audit-cache\prompt-1-2\source\tablet\services\submenu-open.png","C:\Users\BGF\OneDrive\Documents\rkreno\.audit-cache\prompt-1-2\staging\tablet\services\submenu-open.png","C:\Users\BGF\OneDrive\Documents\rkreno\.audit-cache\prompt-1-2\differences\tablet\services\submenu-open.png","768","1024","768","1024","true","118078","786432","15.014394124348959","11.522883945041233","24","0.5","true"
"/services/","tablet","footer","C:\Users\BGF\OneDrive\Documents\rkreno\.audit-cache\prompt-1-2\source\tablet\services\footer.png","C:\Users\BGF\OneDrive\Documents\rkreno\.audit-cache\prompt-1-2\staging\tablet\services\footer.png","C:\Users\BGF\OneDrive\Documents\rkreno\.audit-cache\prompt-1-2\differences\tablet\services\footer.png","768","759","768","1117","false","404335","857856","47.13320184273351","101.87895443213469","24","0.5","true"
"/services/","tablet","floating-actions","C:\Users\BGF\OneDrive\Documents\rkreno\.audit-cache\prompt-1-2\source\tablet\services\floating-actions.png","C:\Users\BGF\OneDrive\Documents\rkreno\.audit-cache\prompt-1-2\staging\tablet\services\floating-actions.png","C:\Users\BGF\OneDrive\Documents\rkreno\.audit-cache\prompt-1-2\differences\tablet\services\floating-actions.png","768","1024","768","1024","true","344976","786432","43.865966796875","88.96400578816731","24","0.5","true"
"/services/","mobile","header-initial","C:\Users\BGF\OneDrive\Documents\rkreno\.audit-cache\prompt-1-2\source\mobile\services\header-initial.png","C:\Users\BGF\OneDrive\Documents\rkreno\.audit-cache\prompt-1-2\staging\mobile\services\header-initial.png","C:\Users\BGF\OneDrive\Documents\rkreno\.audit-cache\prompt-1-2\differences\mobile\services\header-initial.png","390","90","390","90","true","168","35100","0.47863247863247865","0.10901234567901234","24","0.5","true"
"/services/","mobile","header-sticky","C:\Users\BGF\OneDrive\Documents\rkreno\.audit-cache\prompt-1-2\source\mobile\services\header-sticky.png","C:\Users\BGF\OneDrive\Documents\rkreno\.audit-cache\prompt-1-2\staging\mobile\services\header-sticky.png","C:\Users\BGF\OneDrive\Documents\rkreno\.audit-cache\prompt-1-2\differences\mobile\services\header-sticky.png","390","90","390","90","true","168","35100","0.47863247863247865","0.10908831908831909","24","0.5","true"
"/services/","mobile","menu-open","C:\Users\BGF\OneDrive\Documents\rkreno\.audit-cache\prompt-1-2\source\mobile\services\menu-open.png","C:\Users\BGF\OneDrive\Documents\rkreno\.audit-cache\prompt-1-2\staging\mobile\services\menu-open.png","C:\Users\BGF\OneDrive\Documents\rkreno\.audit-cache\prompt-1-2\differences\mobile\services\menu-open.png","390","844","390","844","true","4354","329160","1.3227609673107303","1.7186120225219752","24","0.5","true"
"/services/","mobile","submenu-open","C:\Users\BGF\OneDrive\Documents\rkreno\.audit-cache\prompt-1-2\source\mobile\services\submenu-open.png","C:\Users\BGF\OneDrive\Documents\rkreno\.audit-cache\prompt-1-2\staging\mobile\services\submenu-open.png","C:\Users\BGF\OneDrive\Documents\rkreno\.audit-cache\prompt-1-2\differences\mobile\services\submenu-open.png","390","844","390","844","true","19935","329160","6.056325191396281","7.143083404220845","24","0.5","true"
"/services/","mobile","footer","C:\Users\BGF\OneDrive\Documents\rkreno\.audit-cache\prompt-1-2\source\mobile\services\footer.png","C:\Users\BGF\OneDrive\Documents\rkreno\.audit-cache\prompt-1-2\staging\mobile\services\footer.png","C:\Users\BGF\OneDrive\Documents\rkreno\.audit-cache\prompt-1-2\differences\mobile\services\footer.png","390","1396","390","1427","false","168057","556530","30.19729394641798","54.38762510556484","24","0.5","true"
"/services/","mobile","floating-actions","C:\Users\BGF\OneDrive\Documents\rkreno\.audit-cache\prompt-1-2\source\mobile\services\floating-actions.png","C:\Users\BGF\OneDrive\Documents\rkreno\.audit-cache\prompt-1-2\staging\mobile\services\floating-actions.png","C:\Users\BGF\OneDrive\Documents\rkreno\.audit-cache\prompt-1-2\differences\mobile\services\floating-actions.png","390","844","390","844","true","62652","329160","19.033904484141452","32.437726333697896","24","0.5","true"
"/about-us/","desktop","header-initial","C:\Users\BGF\OneDrive\Documents\rkreno\.audit-cache\prompt-1-2\source\desktop\about-us\header-initial.png","C:\Users\BGF\OneDrive\Documents\rkreno\.audit-cache\prompt-1-2\staging\desktop\about-us\header-initial.png","C:\Users\BGF\OneDrive\Documents\rkreno\.audit-cache\prompt-1-2\differences\desktop\about-us\header-initial.png","1440","171","1440","171","true","129748","246240","52.69168291098115","107.64187513536929","24","0.5","true"
"/about-us/","desktop","header-sticky","C:\Users\BGF\OneDrive\Documents\rkreno\.audit-cache\prompt-1-2\source\desktop\about-us\header-sticky.png","C:\Users\BGF\OneDrive\Documents\rkreno\.audit-cache\prompt-1-2\staging\desktop\about-us\header-sticky.png","C:\Users\BGF\OneDrive\Documents\rkreno\.audit-cache\prompt-1-2\differences\desktop\about-us\header-sticky.png","1440","100","1440","100","true","28749","144000","19.964583333333334","24.349770833333334","24","0.5","true"
"/about-us/","desktop","dropdown-open","C:\Users\BGF\OneDrive\Documents\rkreno\.audit-cache\prompt-1-2\source\desktop\about-us\dropdown-open.png","C:\Users\BGF\OneDrive\Documents\rkreno\.audit-cache\prompt-1-2\staging\desktop\about-us\dropdown-open.png","C:\Users\BGF\OneDrive\Documents\rkreno\.audit-cache\prompt-1-2\differences\desktop\about-us\dropdown-open.png","339","459","340","458","false","19311","156060","12.374086889657825","15.736567132299543","24","0.5","true"
"/about-us/","desktop","footer","C:\Users\BGF\OneDrive\Documents\rkreno\.audit-cache\prompt-1-2\source\desktop\about-us\footer.png","C:\Users\BGF\OneDrive\Documents\rkreno\.audit-cache\prompt-1-2\staging\desktop\about-us\footer.png","C:\Users\BGF\OneDrive\Documents\rkreno\.audit-cache\prompt-1-2\differences\desktop\about-us\footer.png","1440","774","1440","733","false","266838","1114560","23.9411068044789","38.30580498133793","24","0.5","true"
"/about-us/","desktop","floating-actions","C:\Users\BGF\OneDrive\Documents\rkreno\.audit-cache\prompt-1-2\source\desktop\about-us\floating-actions.png","C:\Users\BGF\OneDrive\Documents\rkreno\.audit-cache\prompt-1-2\staging\desktop\about-us\floating-actions.png","C:\Users\BGF\OneDrive\Documents\rkreno\.audit-cache\prompt-1-2\differences\desktop\about-us\floating-actions.png","1440","1000","1440","1000","true","559876","1440000","38.88027777777778","62.10808472222222","24","0.5","true"
"/about-us/","tablet","header-initial","C:\Users\BGF\OneDrive\Documents\rkreno\.audit-cache\prompt-1-2\source\tablet\about-us\header-initial.png","C:\Users\BGF\OneDrive\Documents\rkreno\.audit-cache\prompt-1-2\staging\tablet\about-us\header-initial.png","C:\Users\BGF\OneDrive\Documents\rkreno\.audit-cache\prompt-1-2\differences\tablet\about-us\header-initial.png","768","90","768","90","true","168","69120","0.24305555555555555","0.05573881172839506","24","0.5","true"
"/about-us/","tablet","header-sticky","C:\Users\BGF\OneDrive\Documents\rkreno\.audit-cache\prompt-1-2\source\tablet\about-us\header-sticky.png","C:\Users\BGF\OneDrive\Documents\rkreno\.audit-cache\prompt-1-2\staging\tablet\about-us\header-sticky.png","C:\Users\BGF\OneDrive\Documents\rkreno\.audit-cache\prompt-1-2\differences\tablet\about-us\header-sticky.png","768","90","768","90","true","168","69120","0.24305555555555555","0.05539641203703704","24","0.5","true"
"/about-us/","tablet","menu-open","C:\Users\BGF\OneDrive\Documents\rkreno\.audit-cache\prompt-1-2\source\tablet\about-us\menu-open.png","C:\Users\BGF\OneDrive\Documents\rkreno\.audit-cache\prompt-1-2\staging\tablet\about-us\menu-open.png","C:\Users\BGF\OneDrive\Documents\rkreno\.audit-cache\prompt-1-2\differences\tablet\about-us\menu-open.png","768","1024","768","1024","true","192374","786432","24.46161905924479","15.07772488064236","24","0.5","true"
"/about-us/","tablet","submenu-open","C:\Users\BGF\OneDrive\Documents\rkreno\.audit-cache\prompt-1-2\source\tablet\about-us\submenu-open.png","C:\Users\BGF\OneDrive\Documents\rkreno\.audit-cache\prompt-1-2\staging\tablet\about-us\submenu-open.png","C:\Users\BGF\OneDrive\Documents\rkreno\.audit-cache\prompt-1-2\differences\tablet\about-us\submenu-open.png","768","1024","768","1024","true","212035","786432","26.961644490559895","18.06108856201172","24","0.5","true"
"/about-us/","tablet","footer","C:\Users\BGF\OneDrive\Documents\rkreno\.audit-cache\prompt-1-2\source\tablet\about-us\footer.png","C:\Users\BGF\OneDrive\Documents\rkreno\.audit-cache\prompt-1-2\staging\tablet\about-us\footer.png","C:\Users\BGF\OneDrive\Documents\rkreno\.audit-cache\prompt-1-2\differences\tablet\about-us\footer.png","768","760","768","1117","false","406581","857856","47.39501734556848","102.4209140772655","24","0.5","true"
"/about-us/","tablet","floating-actions","C:\Users\BGF\OneDrive\Documents\rkreno\.audit-cache\prompt-1-2\source\tablet\about-us\floating-actions.png","C:\Users\BGF\OneDrive\Documents\rkreno\.audit-cache\prompt-1-2\staging\tablet\about-us\floating-actions.png","C:\Users\BGF\OneDrive\Documents\rkreno\.audit-cache\prompt-1-2\differences\tablet\about-us\floating-actions.png","768","1024","768","1024","true","367099","786432","46.67905171712239","88.56038241916232","24","0.5","true"
"/about-us/","mobile","header-initial","C:\Users\BGF\OneDrive\Documents\rkreno\.audit-cache\prompt-1-2\source\mobile\about-us\header-initial.png","C:\Users\BGF\OneDrive\Documents\rkreno\.audit-cache\prompt-1-2\staging\mobile\about-us\header-initial.png","C:\Users\BGF\OneDrive\Documents\rkreno\.audit-cache\prompt-1-2\differences\mobile\about-us\header-initial.png","390","90","390","90","true","168","35100","0.47863247863247865","0.10976258309591642","24","0.5","true"
"/about-us/","mobile","header-sticky","C:\Users\BGF\OneDrive\Documents\rkreno\.audit-cache\prompt-1-2\source\mobile\about-us\header-sticky.png","C:\Users\BGF\OneDrive\Documents\rkreno\.audit-cache\prompt-1-2\staging\mobile\about-us\header-sticky.png","C:\Users\BGF\OneDrive\Documents\rkreno\.audit-cache\prompt-1-2\differences\mobile\about-us\header-sticky.png","390","90","390","90","true","168","35100","0.47863247863247865","0.10908831908831909","24","0.5","true"
"/about-us/","mobile","menu-open","C:\Users\BGF\OneDrive\Documents\rkreno\.audit-cache\prompt-1-2\source\mobile\about-us\menu-open.png","C:\Users\BGF\OneDrive\Documents\rkreno\.audit-cache\prompt-1-2\staging\mobile\about-us\menu-open.png","C:\Users\BGF\OneDrive\Documents\rkreno\.audit-cache\prompt-1-2\differences\mobile\about-us\menu-open.png","390","844","390","844","true","4327","329160","1.3145582695345728","1.6372129055778344","24","0.5","true"
"/about-us/","mobile","submenu-open","C:\Users\BGF\OneDrive\Documents\rkreno\.audit-cache\prompt-1-2\source\mobile\about-us\submenu-open.png","C:\Users\BGF\OneDrive\Documents\rkreno\.audit-cache\prompt-1-2\staging\mobile\about-us\submenu-open.png","C:\Users\BGF\OneDrive\Documents\rkreno\.audit-cache\prompt-1-2\differences\mobile\about-us\submenu-open.png","390","844","390","844","true","19862","329160","6.034147527038522","7.0533631060882245","24","0.5","true"
"/about-us/","mobile","footer","C:\Users\BGF\OneDrive\Documents\rkreno\.audit-cache\prompt-1-2\source\mobile\about-us\footer.png","C:\Users\BGF\OneDrive\Documents\rkreno\.audit-cache\prompt-1-2\staging\mobile\about-us\footer.png","C:\Users\BGF\OneDrive\Documents\rkreno\.audit-cache\prompt-1-2\differences\mobile\about-us\footer.png","390","1396","390","1426","false","169859","556140","30.542489301255078","54.80332650052145","24","0.5","true"
"/about-us/","mobile","floating-actions","C:\Users\BGF\OneDrive\Documents\rkreno\.audit-cache\prompt-1-2\source\mobile\about-us\floating-actions.png","C:\Users\BGF\OneDrive\Documents\rkreno\.audit-cache\prompt-1-2\staging\mobile\about-us\floating-actions.png","C:\Users\BGF\OneDrive\Documents\rkreno\.audit-cache\prompt-1-2\differences\mobile\about-us\floating-actions.png","390","844","390","844","true","62777","329160","19.07187993680885","32.462308097379186","24","0.5","true"
"/contact-us/","desktop","header-initial","C:\Users\BGF\OneDrive\Documents\rkreno\.audit-cache\prompt-1-2\source\desktop\contact-us\header-initial.png","C:\Users\BGF\OneDrive\Documents\rkreno\.audit-cache\prompt-1-2\staging\desktop\contact-us\header-initial.png","C:\Users\BGF\OneDrive\Documents\rkreno\.audit-cache\prompt-1-2\differences\desktop\contact-us\header-initial.png","1440","171","1440","171","true","129705","246240","52.674220272904485","107.60648689625297","24","0.5","true"
"/contact-us/","desktop","header-sticky","C:\Users\BGF\OneDrive\Documents\rkreno\.audit-cache\prompt-1-2\source\desktop\contact-us\header-sticky.png","C:\Users\BGF\OneDrive\Documents\rkreno\.audit-cache\prompt-1-2\staging\desktop\contact-us\header-sticky.png","C:\Users\BGF\OneDrive\Documents\rkreno\.audit-cache\prompt-1-2\differences\desktop\contact-us\header-sticky.png","1440","100","1440","100","true","28730","144000","19.95138888888889","24.25304861111111","24","0.5","true"
"/contact-us/","desktop","dropdown-open","C:\Users\BGF\OneDrive\Documents\rkreno\.audit-cache\prompt-1-2\source\desktop\contact-us\dropdown-open.png","C:\Users\BGF\OneDrive\Documents\rkreno\.audit-cache\prompt-1-2\staging\desktop\contact-us\dropdown-open.png","C:\Users\BGF\OneDrive\Documents\rkreno\.audit-cache\prompt-1-2\differences\desktop\contact-us\dropdown-open.png","339","459","340","458","false","19311","156060","12.374086889657825","15.736567132299543","24","0.5","true"
"/contact-us/","desktop","footer","C:\Users\BGF\OneDrive\Documents\rkreno\.audit-cache\prompt-1-2\source\desktop\contact-us\footer.png","C:\Users\BGF\OneDrive\Documents\rkreno\.audit-cache\prompt-1-2\staging\desktop\contact-us\footer.png","C:\Users\BGF\OneDrive\Documents\rkreno\.audit-cache\prompt-1-2\differences\desktop\contact-us\footer.png","1440","774","1440","733","false","267544","1114560","24.00445018662073","38.00515031342712","24","0.5","true"
"/contact-us/","desktop","floating-actions","C:\Users\BGF\OneDrive\Documents\rkreno\.audit-cache\prompt-1-2\source\desktop\contact-us\floating-actions.png","C:\Users\BGF\OneDrive\Documents\rkreno\.audit-cache\prompt-1-2\staging\desktop\contact-us\floating-actions.png","C:\Users\BGF\OneDrive\Documents\rkreno\.audit-cache\prompt-1-2\differences\desktop\contact-us\floating-actions.png","1440","1000","1440","1000","true","570463","1440000","39.61548611111111","52.55688194444444","24","0.5","true"
"/contact-us/","tablet","header-initial","C:\Users\BGF\OneDrive\Documents\rkreno\.audit-cache\prompt-1-2\source\tablet\contact-us\header-initial.png","C:\Users\BGF\OneDrive\Documents\rkreno\.audit-cache\prompt-1-2\staging\tablet\contact-us\header-initial.png","C:\Users\BGF\OneDrive\Documents\rkreno\.audit-cache\prompt-1-2\differences\tablet\contact-us\header-initial.png","768","90","768","90","true","168","69120","0.24305555555555555","0.055357831790123456","24","0.5","true"
"/contact-us/","tablet","header-sticky","C:\Users\BGF\OneDrive\Documents\rkreno\.audit-cache\prompt-1-2\source\tablet\contact-us\header-sticky.png","C:\Users\BGF\OneDrive\Documents\rkreno\.audit-cache\prompt-1-2\staging\tablet\contact-us\header-sticky.png","C:\Users\BGF\OneDrive\Documents\rkreno\.audit-cache\prompt-1-2\differences\tablet\contact-us\header-sticky.png","768","90","768","90","true","168","69120","0.24305555555555555","0.05539641203703704","24","0.5","true"
"/contact-us/","tablet","menu-open","C:\Users\BGF\OneDrive\Documents\rkreno\.audit-cache\prompt-1-2\source\tablet\contact-us\menu-open.png","C:\Users\BGF\OneDrive\Documents\rkreno\.audit-cache\prompt-1-2\staging\tablet\contact-us\menu-open.png","C:\Users\BGF\OneDrive\Documents\rkreno\.audit-cache\prompt-1-2\differences\tablet\contact-us\menu-open.png","768","1024","768","1024","true","239872","786432","30.501302083333332","27.115367041693794","24","0.5","true"
"/contact-us/","tablet","submenu-open","C:\Users\BGF\OneDrive\Documents\rkreno\.audit-cache\prompt-1-2\source\tablet\contact-us\submenu-open.png","C:\Users\BGF\OneDrive\Documents\rkreno\.audit-cache\prompt-1-2\staging\tablet\contact-us\submenu-open.png","C:\Users\BGF\OneDrive\Documents\rkreno\.audit-cache\prompt-1-2\differences\tablet\contact-us\submenu-open.png","768","1024","768","1024","true","259481","786432","32.99471537272136","30.099661933051216","24","0.5","true"
"/contact-us/","tablet","footer","C:\Users\BGF\OneDrive\Documents\rkreno\.audit-cache\prompt-1-2\source\tablet\contact-us\footer.png","C:\Users\BGF\OneDrive\Documents\rkreno\.audit-cache\prompt-1-2\staging\tablet\contact-us\footer.png","C:\Users\BGF\OneDrive\Documents\rkreno\.audit-cache\prompt-1-2\differences\tablet\contact-us\footer.png","768","759","768","1117","false","408024","857856","47.56322739480752","102.70391184534468","24","0.5","true"
"/contact-us/","tablet","floating-actions","C:\Users\BGF\OneDrive\Documents\rkreno\.audit-cache\prompt-1-2\source\tablet\contact-us\floating-actions.png","C:\Users\BGF\OneDrive\Documents\rkreno\.audit-cache\prompt-1-2\staging\tablet\contact-us\floating-actions.png","C:\Users\BGF\OneDrive\Documents\rkreno\.audit-cache\prompt-1-2\differences\tablet\contact-us\floating-actions.png","768","1024","768","1024","true","379660","786432","48.27626546223958","96.53871409098308","24","0.5","true"
"/contact-us/","mobile","header-initial","C:\Users\BGF\OneDrive\Documents\rkreno\.audit-cache\prompt-1-2\source\mobile\contact-us\header-initial.png","C:\Users\BGF\OneDrive\Documents\rkreno\.audit-cache\prompt-1-2\staging\mobile\contact-us\header-initial.png","C:\Users\BGF\OneDrive\Documents\rkreno\.audit-cache\prompt-1-2\differences\mobile\contact-us\header-initial.png","390","90","390","90","true","168","35100","0.47863247863247865","0.10901234567901234","24","0.5","true"
"/contact-us/","mobile","header-sticky","C:\Users\BGF\OneDrive\Documents\rkreno\.audit-cache\prompt-1-2\source\mobile\contact-us\header-sticky.png","C:\Users\BGF\OneDrive\Documents\rkreno\.audit-cache\prompt-1-2\staging\mobile\contact-us\header-sticky.png","C:\Users\BGF\OneDrive\Documents\rkreno\.audit-cache\prompt-1-2\differences\mobile\contact-us\header-sticky.png","390","90","390","90","true","168","35100","0.47863247863247865","0.10908831908831909","24","0.5","true"
"/contact-us/","mobile","menu-open","C:\Users\BGF\OneDrive\Documents\rkreno\.audit-cache\prompt-1-2\source\mobile\contact-us\menu-open.png","C:\Users\BGF\OneDrive\Documents\rkreno\.audit-cache\prompt-1-2\staging\mobile\contact-us\menu-open.png","C:\Users\BGF\OneDrive\Documents\rkreno\.audit-cache\prompt-1-2\differences\mobile\contact-us\menu-open.png","390","844","390","844","true","4348","329160","1.3209381455826954","1.6130726698262243","24","0.5","true"
"/contact-us/","mobile","submenu-open","C:\Users\BGF\OneDrive\Documents\rkreno\.audit-cache\prompt-1-2\source\mobile\contact-us\submenu-open.png","C:\Users\BGF\OneDrive\Documents\rkreno\.audit-cache\prompt-1-2\staging\mobile\contact-us\submenu-open.png","C:\Users\BGF\OneDrive\Documents\rkreno\.audit-cache\prompt-1-2\differences\mobile\contact-us\submenu-open.png","390","844","390","844","true","19935","329160","6.056325191396281","7.143083404220845","24","0.5","true"
"/contact-us/","mobile","footer","C:\Users\BGF\OneDrive\Documents\rkreno\.audit-cache\prompt-1-2\source\mobile\contact-us\footer.png","C:\Users\BGF\OneDrive\Documents\rkreno\.audit-cache\prompt-1-2\staging\mobile\contact-us\footer.png","C:\Users\BGF\OneDrive\Documents\rkreno\.audit-cache\prompt-1-2\differences\mobile\contact-us\footer.png","390","1397","390","1426","false","168269","556140","30.256590067249256","54.14985555195934","24","0.5","true"
"/contact-us/","mobile","floating-actions","C:\Users\BGF\OneDrive\Documents\rkreno\.audit-cache\prompt-1-2\source\mobile\contact-us\floating-actions.png","C:\Users\BGF\OneDrive\Documents\rkreno\.audit-cache\prompt-1-2\staging\mobile\contact-us\floating-actions.png","C:\Users\BGF\OneDrive\Documents\rkreno\.audit-cache\prompt-1-2\differences\mobile\contact-us\floating-actions.png","390","844","390","844","true","62652","329160","19.033904484141452","32.43784785514644","24","0.5","true"
"/servis-aircond-murah-kl/","desktop","header-initial","C:\Users\BGF\OneDrive\Documents\rkreno\.audit-cache\prompt-1-2\source\desktop\servis-aircond-murah-kl\header-initial.png","C:\Users\BGF\OneDrive\Documents\rkreno\.audit-cache\prompt-1-2\staging\desktop\servis-aircond-murah-kl\header-initial.png","C:\Users\BGF\OneDrive\Documents\rkreno\.audit-cache\prompt-1-2\differences\desktop\servis-aircond-murah-kl\header-initial.png","1440","171","1440","171","true","129811","246240","52.71726770630279","107.76706329867879","24","0.5","true"
"/servis-aircond-murah-kl/","desktop","header-sticky","C:\Users\BGF\OneDrive\Documents\rkreno\.audit-cache\prompt-1-2\source\desktop\servis-aircond-murah-kl\header-sticky.png","C:\Users\BGF\OneDrive\Documents\rkreno\.audit-cache\prompt-1-2\staging\desktop\servis-aircond-murah-kl\header-sticky.png","C:\Users\BGF\OneDrive\Documents\rkreno\.audit-cache\prompt-1-2\differences\desktop\servis-aircond-murah-kl\header-sticky.png","1440","100","1440","100","true","28802","144000","20.001388888888886","24.469905092592594","24","0.5","true"
"/servis-aircond-murah-kl/","desktop","dropdown-open","C:\Users\BGF\OneDrive\Documents\rkreno\.audit-cache\prompt-1-2\source\desktop\servis-aircond-murah-kl\dropdown-open.png","C:\Users\BGF\OneDrive\Documents\rkreno\.audit-cache\prompt-1-2\staging\desktop\servis-aircond-murah-kl\dropdown-open.png","C:\Users\BGF\OneDrive\Documents\rkreno\.audit-cache\prompt-1-2\differences\desktop\servis-aircond-murah-kl\dropdown-open.png","339","459","340","458","false","19228","156060","12.32090221709599","15.384826348840189","24","0.5","true"
"/servis-aircond-murah-kl/","desktop","footer","C:\Users\BGF\OneDrive\Documents\rkreno\.audit-cache\prompt-1-2\source\desktop\servis-aircond-murah-kl\footer.png","C:\Users\BGF\OneDrive\Documents\rkreno\.audit-cache\prompt-1-2\staging\desktop\servis-aircond-murah-kl\footer.png","C:\Users\BGF\OneDrive\Documents\rkreno\.audit-cache\prompt-1-2\differences\desktop\servis-aircond-murah-kl\footer.png","1440","774","1440","733","false","267432","1114560","23.99440137812231","38.34010999856446","24","0.5","true"
"/servis-aircond-murah-kl/","desktop","floating-actions","C:\Users\BGF\OneDrive\Documents\rkreno\.audit-cache\prompt-1-2\source\desktop\servis-aircond-murah-kl\floating-actions.png","C:\Users\BGF\OneDrive\Documents\rkreno\.audit-cache\prompt-1-2\staging\desktop\servis-aircond-murah-kl\floating-actions.png","C:\Users\BGF\OneDrive\Documents\rkreno\.audit-cache\prompt-1-2\differences\desktop\servis-aircond-murah-kl\floating-actions.png","1440","1000","1440","1000","true","561084","1440000","38.964166666666664","62.178440277777774","24","0.5","true"
"/servis-aircond-murah-kl/","tablet","header-initial","C:\Users\BGF\OneDrive\Documents\rkreno\.audit-cache\prompt-1-2\source\tablet\servis-aircond-murah-kl\header-initial.png","C:\Users\BGF\OneDrive\Documents\rkreno\.audit-cache\prompt-1-2\staging\tablet\servis-aircond-murah-kl\header-initial.png","C:\Users\BGF\OneDrive\Documents\rkreno\.audit-cache\prompt-1-2\differences\tablet\servis-aircond-murah-kl\header-initial.png","768","90","768","90","true","168","69120","0.24305555555555555","0.055357831790123456","24","0.5","true"
"/servis-aircond-murah-kl/","tablet","header-sticky","C:\Users\BGF\OneDrive\Documents\rkreno\.audit-cache\prompt-1-2\source\tablet\servis-aircond-murah-kl\header-sticky.png","C:\Users\BGF\OneDrive\Documents\rkreno\.audit-cache\prompt-1-2\staging\tablet\servis-aircond-murah-kl\header-sticky.png","C:\Users\BGF\OneDrive\Documents\rkreno\.audit-cache\prompt-1-2\differences\tablet\servis-aircond-murah-kl\header-sticky.png","768","90","768","90","true","168","69120","0.24305555555555555","0.05539641203703704","24","0.5","true"
"/servis-aircond-murah-kl/","tablet","menu-open","C:\Users\BGF\OneDrive\Documents\rkreno\.audit-cache\prompt-1-2\source\tablet\servis-aircond-murah-kl\menu-open.png","C:\Users\BGF\OneDrive\Documents\rkreno\.audit-cache\prompt-1-2\staging\tablet\servis-aircond-murah-kl\menu-open.png","C:\Users\BGF\OneDrive\Documents\rkreno\.audit-cache\prompt-1-2\differences\tablet\servis-aircond-murah-kl\menu-open.png","768","1024","768","1024","true","180785","786432","22.988001505533852","14.975244310167101","24","0.5","true"
"/servis-aircond-murah-kl/","tablet","submenu-open","C:\Users\BGF\OneDrive\Documents\rkreno\.audit-cache\prompt-1-2\source\tablet\servis-aircond-murah-kl\submenu-open.png","C:\Users\BGF\OneDrive\Documents\rkreno\.audit-cache\prompt-1-2\staging\tablet\servis-aircond-murah-kl\submenu-open.png","C:\Users\BGF\OneDrive\Documents\rkreno\.audit-cache\prompt-1-2\differences\tablet\servis-aircond-murah-kl\submenu-open.png","768","1024","768","1024","true","200289","786432","25.468063354492188","17.90462197197808","24","0.5","true"
"/servis-aircond-murah-kl/","tablet","footer","C:\Users\BGF\OneDrive\Documents\rkreno\.audit-cache\prompt-1-2\source\tablet\servis-aircond-murah-kl\footer.png","C:\Users\BGF\OneDrive\Documents\rkreno\.audit-cache\prompt-1-2\staging\tablet\servis-aircond-murah-kl\footer.png","C:\Users\BGF\OneDrive\Documents\rkreno\.audit-cache\prompt-1-2\differences\tablet\servis-aircond-murah-kl\footer.png","768","760","768","1117","false","406847","857856","47.426024880632646","102.51644098776485","24","0.5","true"
"/servis-aircond-murah-kl/","tablet","floating-actions","C:\Users\BGF\OneDrive\Documents\rkreno\.audit-cache\prompt-1-2\source\tablet\servis-aircond-murah-kl\floating-actions.png","C:\Users\BGF\OneDrive\Documents\rkreno\.audit-cache\prompt-1-2\staging\tablet\servis-aircond-murah-kl\floating-actions.png","C:\Users\BGF\OneDrive\Documents\rkreno\.audit-cache\prompt-1-2\differences\tablet\servis-aircond-murah-kl\floating-actions.png","768","1024","768","1024","true","340535","786432","43.301264444986984","88.26737891303168","24","0.5","true"
"/servis-aircond-murah-kl/","mobile","header-initial","C:\Users\BGF\OneDrive\Documents\rkreno\.audit-cache\prompt-1-2\source\mobile\servis-aircond-murah-kl\header-initial.png","C:\Users\BGF\OneDrive\Documents\rkreno\.audit-cache\prompt-1-2\staging\mobile\servis-aircond-murah-kl\header-initial.png","C:\Users\BGF\OneDrive\Documents\rkreno\.audit-cache\prompt-1-2\differences\mobile\servis-aircond-murah-kl\header-initial.png","390","90","390","90","true","168","35100","0.47863247863247865","0.10901234567901234","24","0.5","true"
"/servis-aircond-murah-kl/","mobile","header-sticky","C:\Users\BGF\OneDrive\Documents\rkreno\.audit-cache\prompt-1-2\source\mobile\servis-aircond-murah-kl\header-sticky.png","C:\Users\BGF\OneDrive\Documents\rkreno\.audit-cache\prompt-1-2\staging\mobile\servis-aircond-murah-kl\header-sticky.png","C:\Users\BGF\OneDrive\Documents\rkreno\.audit-cache\prompt-1-2\differences\mobile\servis-aircond-murah-kl\header-sticky.png","390","90","390","90","true","168","35100","0.47863247863247865","0.10908831908831909","24","0.5","true"
"/servis-aircond-murah-kl/","mobile","menu-open","C:\Users\BGF\OneDrive\Documents\rkreno\.audit-cache\prompt-1-2\source\mobile\servis-aircond-murah-kl\menu-open.png","C:\Users\BGF\OneDrive\Documents\rkreno\.audit-cache\prompt-1-2\staging\mobile\servis-aircond-murah-kl\menu-open.png","C:\Users\BGF\OneDrive\Documents\rkreno\.audit-cache\prompt-1-2\differences\mobile\servis-aircond-murah-kl\menu-open.png","390","844","390","844","true","4374","329160","1.3288370397375138","1.6983746506258355","24","0.5","true"
"/servis-aircond-murah-kl/","mobile","submenu-open","C:\Users\BGF\OneDrive\Documents\rkreno\.audit-cache\prompt-1-2\source\mobile\servis-aircond-murah-kl\submenu-open.png","C:\Users\BGF\OneDrive\Documents\rkreno\.audit-cache\prompt-1-2\staging\mobile\servis-aircond-murah-kl\submenu-open.png","C:\Users\BGF\OneDrive\Documents\rkreno\.audit-cache\prompt-1-2\differences\mobile\servis-aircond-murah-kl\submenu-open.png","390","844","390","844","true","19887","329160","6.041742617572001","6.9759802730181875","24","0.5","true"
"/servis-aircond-murah-kl/","mobile","footer","C:\Users\BGF\OneDrive\Documents\rkreno\.audit-cache\prompt-1-2\source\mobile\servis-aircond-murah-kl\footer.png","C:\Users\BGF\OneDrive\Documents\rkreno\.audit-cache\prompt-1-2\staging\mobile\servis-aircond-murah-kl\footer.png","C:\Users\BGF\OneDrive\Documents\rkreno\.audit-cache\prompt-1-2\differences\mobile\servis-aircond-murah-kl\footer.png","390","1397","390","1426","false","167079","556140","30.042615168842378","53.883020462473475","24","0.5","true"
"/servis-aircond-murah-kl/","mobile","floating-actions","C:\Users\BGF\OneDrive\Documents\rkreno\.audit-cache\prompt-1-2\source\mobile\servis-aircond-murah-kl\floating-actions.png","C:\Users\BGF\OneDrive\Documents\rkreno\.audit-cache\prompt-1-2\staging\mobile\servis-aircond-murah-kl\floating-actions.png","C:\Users\BGF\OneDrive\Documents\rkreno\.audit-cache\prompt-1-2\differences\mobile\servis-aircond-murah-kl\floating-actions.png","390","844","390","844","true","62505","329160","18.98924535180459","32.304549965568924","24","0.5","true"
"/aircond-installation-kl/","desktop","header-initial","C:\Users\BGF\OneDrive\Documents\rkreno\.audit-cache\prompt-1-2\source\desktop\aircond-installation-kl\header-initial.png","C:\Users\BGF\OneDrive\Documents\rkreno\.audit-cache\prompt-1-2\staging\desktop\aircond-installation-kl\header-initial.png","C:\Users\BGF\OneDrive\Documents\rkreno\.audit-cache\prompt-1-2\differences\desktop\aircond-installation-kl\header-initial.png","1440","171","1440","171","true","129811","246240","52.71726770630279","107.770159194282","24","0.5","true"
"/aircond-installation-kl/","desktop","header-sticky","C:\Users\BGF\OneDrive\Documents\rkreno\.audit-cache\prompt-1-2\source\desktop\aircond-installation-kl\header-sticky.png","C:\Users\BGF\OneDrive\Documents\rkreno\.audit-cache\prompt-1-2\staging\desktop\aircond-installation-kl\header-sticky.png","C:\Users\BGF\OneDrive\Documents\rkreno\.audit-cache\prompt-1-2\differences\desktop\aircond-installation-kl\header-sticky.png","1440","100","1440","100","true","28802","144000","20.001388888888886","24.457055555555556","24","0.5","true"
"/aircond-installation-kl/","desktop","dropdown-open","C:\Users\BGF\OneDrive\Documents\rkreno\.audit-cache\prompt-1-2\source\desktop\aircond-installation-kl\dropdown-open.png","C:\Users\BGF\OneDrive\Documents\rkreno\.audit-cache\prompt-1-2\staging\desktop\aircond-installation-kl\dropdown-open.png","C:\Users\BGF\OneDrive\Documents\rkreno\.audit-cache\prompt-1-2\differences\desktop\aircond-installation-kl\dropdown-open.png","339","459","340","458","false","19248","156060","12.333717800845829","15.403374770387458","24","0.5","true"
"/aircond-installation-kl/","desktop","footer","C:\Users\BGF\OneDrive\Documents\rkreno\.audit-cache\prompt-1-2\source\desktop\aircond-installation-kl\footer.png","C:\Users\BGF\OneDrive\Documents\rkreno\.audit-cache\prompt-1-2\staging\desktop\aircond-installation-kl\footer.png","C:\Users\BGF\OneDrive\Documents\rkreno\.audit-cache\prompt-1-2\differences\desktop\aircond-installation-kl\footer.png","1440","774","1440","733","false","267165","1114560","23.970445736434108","38.282375705809166","24","0.5","true"
"/aircond-installation-kl/","desktop","floating-actions","C:\Users\BGF\OneDrive\Documents\rkreno\.audit-cache\prompt-1-2\source\desktop\aircond-installation-kl\floating-actions.png","C:\Users\BGF\OneDrive\Documents\rkreno\.audit-cache\prompt-1-2\staging\desktop\aircond-installation-kl\floating-actions.png","C:\Users\BGF\OneDrive\Documents\rkreno\.audit-cache\prompt-1-2\differences\desktop\aircond-installation-kl\floating-actions.png","1440","1000","1440","1000","true","561409","1440000","38.98673611111111","62.25435648148148","24","0.5","true"
"/aircond-installation-kl/","tablet","header-initial","C:\Users\BGF\OneDrive\Documents\rkreno\.audit-cache\prompt-1-2\source\tablet\aircond-installation-kl\header-initial.png","C:\Users\BGF\OneDrive\Documents\rkreno\.audit-cache\prompt-1-2\staging\tablet\aircond-installation-kl\header-initial.png","C:\Users\BGF\OneDrive\Documents\rkreno\.audit-cache\prompt-1-2\differences\tablet\aircond-installation-kl\header-initial.png","768","90","768","90","true","168","69120","0.24305555555555555","0.055357831790123456","24","0.5","true"
"/aircond-installation-kl/","tablet","header-sticky","C:\Users\BGF\OneDrive\Documents\rkreno\.audit-cache\prompt-1-2\source\tablet\aircond-installation-kl\header-sticky.png","C:\Users\BGF\OneDrive\Documents\rkreno\.audit-cache\prompt-1-2\staging\tablet\aircond-installation-kl\header-sticky.png","C:\Users\BGF\OneDrive\Documents\rkreno\.audit-cache\prompt-1-2\differences\tablet\aircond-installation-kl\header-sticky.png","768","90","768","90","true","168","69120","0.24305555555555555","0.05539641203703704","24","0.5","true"
"/aircond-installation-kl/","tablet","menu-open","C:\Users\BGF\OneDrive\Documents\rkreno\.audit-cache\prompt-1-2\source\tablet\aircond-installation-kl\menu-open.png","C:\Users\BGF\OneDrive\Documents\rkreno\.audit-cache\prompt-1-2\staging\tablet\aircond-installation-kl\menu-open.png","C:\Users\BGF\OneDrive\Documents\rkreno\.audit-cache\prompt-1-2\differences\tablet\aircond-installation-kl\menu-open.png","768","1024","768","1024","true","195043","786432","24.800999959309898","17.09204567803277","24","0.5","true"
"/aircond-installation-kl/","tablet","submenu-open","C:\Users\BGF\OneDrive\Documents\rkreno\.audit-cache\prompt-1-2\source\tablet\aircond-installation-kl\submenu-open.png","C:\Users\BGF\OneDrive\Documents\rkreno\.audit-cache\prompt-1-2\staging\tablet\aircond-installation-kl\submenu-open.png","C:\Users\BGF\OneDrive\Documents\rkreno\.audit-cache\prompt-1-2\differences\tablet\aircond-installation-kl\submenu-open.png","768","1024","768","1024","true","214541","786432","27.280298868815105","20.035638597276474","24","0.5","true"
"/aircond-installation-kl/","tablet","footer","C:\Users\BGF\OneDrive\Documents\rkreno\.audit-cache\prompt-1-2\source\tablet\aircond-installation-kl\footer.png","C:\Users\BGF\OneDrive\Documents\rkreno\.audit-cache\prompt-1-2\staging\tablet\aircond-installation-kl\footer.png","C:\Users\BGF\OneDrive\Documents\rkreno\.audit-cache\prompt-1-2\differences\tablet\aircond-installation-kl\footer.png","768","759","768","1117","false","416038","857856","48.49741681587586","103.29510935790312","24","0.5","true"
"/aircond-installation-kl/","tablet","floating-actions","C:\Users\BGF\OneDrive\Documents\rkreno\.audit-cache\prompt-1-2\source\tablet\aircond-installation-kl\floating-actions.png","C:\Users\BGF\OneDrive\Documents\rkreno\.audit-cache\prompt-1-2\staging\tablet\aircond-installation-kl\floating-actions.png","C:\Users\BGF\OneDrive\Documents\rkreno\.audit-cache\prompt-1-2\differences\tablet\aircond-installation-kl\floating-actions.png","768","1024","768","1024","true","340314","786432","43.273162841796875","80.84010230170355","24","0.5","true"
"/aircond-installation-kl/","mobile","header-initial","C:\Users\BGF\OneDrive\Documents\rkreno\.audit-cache\prompt-1-2\source\mobile\aircond-installation-kl\header-initial.png","C:\Users\BGF\OneDrive\Documents\rkreno\.audit-cache\prompt-1-2\staging\mobile\aircond-installation-kl\header-initial.png","C:\Users\BGF\OneDrive\Documents\rkreno\.audit-cache\prompt-1-2\differences\mobile\aircond-installation-kl\header-initial.png","390","90","390","90","true","168","35100","0.47863247863247865","0.10901234567901234","24","0.5","true"
"/aircond-installation-kl/","mobile","header-sticky","C:\Users\BGF\OneDrive\Documents\rkreno\.audit-cache\prompt-1-2\source\mobile\aircond-installation-kl\header-sticky.png","C:\Users\BGF\OneDrive\Documents\rkreno\.audit-cache\prompt-1-2\staging\mobile\aircond-installation-kl\header-sticky.png","C:\Users\BGF\OneDrive\Documents\rkreno\.audit-cache\prompt-1-2\differences\mobile\aircond-installation-kl\header-sticky.png","390","90","390","90","true","168","35100","0.47863247863247865","0.10908831908831909","24","0.5","true"
"/aircond-installation-kl/","mobile","menu-open","C:\Users\BGF\OneDrive\Documents\rkreno\.audit-cache\prompt-1-2\source\mobile\aircond-installation-kl\menu-open.png","C:\Users\BGF\OneDrive\Documents\rkreno\.audit-cache\prompt-1-2\staging\mobile\aircond-installation-kl\menu-open.png","C:\Users\BGF\OneDrive\Documents\rkreno\.audit-cache\prompt-1-2\differences\mobile\aircond-installation-kl\menu-open.png","390","844","390","844","true","4374","329160","1.3288370397375138","1.698332118118848","24","0.5","true"
"/aircond-installation-kl/","mobile","submenu-open","C:\Users\BGF\OneDrive\Documents\rkreno\.audit-cache\prompt-1-2\source\mobile\aircond-installation-kl\submenu-open.png","C:\Users\BGF\OneDrive\Documents\rkreno\.audit-cache\prompt-1-2\staging\mobile\aircond-installation-kl\submenu-open.png","C:\Users\BGF\OneDrive\Documents\rkreno\.audit-cache\prompt-1-2\differences\mobile\aircond-installation-kl\submenu-open.png","390","844","390","844","true","19851","329160","6.030805687203792","6.986955685178434","24","0.5","true"
"/aircond-installation-kl/","mobile","footer","C:\Users\BGF\OneDrive\Documents\rkreno\.audit-cache\prompt-1-2\source\mobile\aircond-installation-kl\footer.png","C:\Users\BGF\OneDrive\Documents\rkreno\.audit-cache\prompt-1-2\staging\mobile\aircond-installation-kl\footer.png","C:\Users\BGF\OneDrive\Documents\rkreno\.audit-cache\prompt-1-2\differences\mobile\aircond-installation-kl\footer.png","390","1397","390","1426","false","145074","556140","26.085877656705147","42.49703312115654","24","0.5","true"
"/aircond-installation-kl/","mobile","floating-actions","C:\Users\BGF\OneDrive\Documents\rkreno\.audit-cache\prompt-1-2\source\mobile\aircond-installation-kl\floating-actions.png","C:\Users\BGF\OneDrive\Documents\rkreno\.audit-cache\prompt-1-2\staging\mobile\aircond-installation-kl\floating-actions.png","C:\Users\BGF\OneDrive\Documents\rkreno\.audit-cache\prompt-1-2\differences\mobile\aircond-installation-kl\floating-actions.png","390","844","390","844","true","99185","329160","30.132762182525212","42.342168955320616","24","0.5","true"
"/upah-pasang-aircond-selangor/","desktop","header-initial","C:\Users\BGF\OneDrive\Documents\rkreno\.audit-cache\prompt-1-2\source\desktop\upah-pasang-aircond-selangor\header-initial.png","C:\Users\BGF\OneDrive\Documents\rkreno\.audit-cache\prompt-1-2\staging\desktop\upah-pasang-aircond-selangor\header-initial.png","C:\Users\BGF\OneDrive\Documents\rkreno\.audit-cache\prompt-1-2\differences\desktop\upah-pasang-aircond-selangor\header-initial.png","1440","171","1440","171","true","129811","246240","52.71726770630279","107.770159194282","24","0.5","true"
"/upah-pasang-aircond-selangor/","desktop","header-sticky","C:\Users\BGF\OneDrive\Documents\rkreno\.audit-cache\prompt-1-2\source\desktop\upah-pasang-aircond-selangor\header-sticky.png","C:\Users\BGF\OneDrive\Documents\rkreno\.audit-cache\prompt-1-2\staging\desktop\upah-pasang-aircond-selangor\header-sticky.png","C:\Users\BGF\OneDrive\Documents\rkreno\.audit-cache\prompt-1-2\differences\desktop\upah-pasang-aircond-selangor\header-sticky.png","1440","100","1440","100","true","28802","144000","20.001388888888886","24.457055555555556","24","0.5","true"
"/upah-pasang-aircond-selangor/","desktop","dropdown-open","C:\Users\BGF\OneDrive\Documents\rkreno\.audit-cache\prompt-1-2\source\desktop\upah-pasang-aircond-selangor\dropdown-open.png","C:\Users\BGF\OneDrive\Documents\rkreno\.audit-cache\prompt-1-2\staging\desktop\upah-pasang-aircond-selangor\dropdown-open.png","C:\Users\BGF\OneDrive\Documents\rkreno\.audit-cache\prompt-1-2\differences\desktop\upah-pasang-aircond-selangor\dropdown-open.png","339","459","340","458","false","19145","156060","12.267717544534154","15.248468537741894","24","0.5","true"
"/upah-pasang-aircond-selangor/","desktop","footer","C:\Users\BGF\OneDrive\Documents\rkreno\.audit-cache\prompt-1-2\source\desktop\upah-pasang-aircond-selangor\footer.png","C:\Users\BGF\OneDrive\Documents\rkreno\.audit-cache\prompt-1-2\staging\desktop\upah-pasang-aircond-selangor\footer.png","C:\Users\BGF\OneDrive\Documents\rkreno\.audit-cache\prompt-1-2\differences\desktop\upah-pasang-aircond-selangor\footer.png","1440","774","1440","733","false","268802","1114560","24.117319839219064","37.96078542204996","24","0.5","true"
"/upah-pasang-aircond-selangor/","desktop","floating-actions","C:\Users\BGF\OneDrive\Documents\rkreno\.audit-cache\prompt-1-2\source\desktop\upah-pasang-aircond-selangor\floating-actions.png","C:\Users\BGF\OneDrive\Documents\rkreno\.audit-cache\prompt-1-2\staging\desktop\upah-pasang-aircond-selangor\floating-actions.png","C:\Users\BGF\OneDrive\Documents\rkreno\.audit-cache\prompt-1-2\differences\desktop\upah-pasang-aircond-selangor\floating-actions.png","1440","1000","1440","1000","true","561512","1440000","38.99388888888889","62.0770650462963","24","0.5","true"
"/upah-pasang-aircond-selangor/","tablet","header-initial","C:\Users\BGF\OneDrive\Documents\rkreno\.audit-cache\prompt-1-2\source\tablet\upah-pasang-aircond-selangor\header-initial.png","C:\Users\BGF\OneDrive\Documents\rkreno\.audit-cache\prompt-1-2\staging\tablet\upah-pasang-aircond-selangor\header-initial.png","C:\Users\BGF\OneDrive\Documents\rkreno\.audit-cache\prompt-1-2\differences\tablet\upah-pasang-aircond-selangor\header-initial.png","768","90","768","90","true","168","69120","0.24305555555555555","0.055357831790123456","24","0.5","true"
"/upah-pasang-aircond-selangor/","tablet","header-sticky","C:\Users\BGF\OneDrive\Documents\rkreno\.audit-cache\prompt-1-2\source\tablet\upah-pasang-aircond-selangor\header-sticky.png","C:\Users\BGF\OneDrive\Documents\rkreno\.audit-cache\prompt-1-2\staging\tablet\upah-pasang-aircond-selangor\header-sticky.png","C:\Users\BGF\OneDrive\Documents\rkreno\.audit-cache\prompt-1-2\differences\tablet\upah-pasang-aircond-selangor\header-sticky.png","768","90","768","90","true","168","69120","0.24305555555555555","0.05539641203703704","24","0.5","true"
"/upah-pasang-aircond-selangor/","tablet","menu-open","C:\Users\BGF\OneDrive\Documents\rkreno\.audit-cache\prompt-1-2\source\tablet\upah-pasang-aircond-selangor\menu-open.png","C:\Users\BGF\OneDrive\Documents\rkreno\.audit-cache\prompt-1-2\staging\tablet\upah-pasang-aircond-selangor\menu-open.png","C:\Users\BGF\OneDrive\Documents\rkreno\.audit-cache\prompt-1-2\differences\tablet\upah-pasang-aircond-selangor\menu-open.png","768","1024","768","1024","true","210810","786432","26.805877685546875","18.79228973388672","24","0.5","true"
"/upah-pasang-aircond-selangor/","tablet","submenu-open","C:\Users\BGF\OneDrive\Documents\rkreno\.audit-cache\prompt-1-2\source\tablet\upah-pasang-aircond-selangor\submenu-open.png","C:\Users\BGF\OneDrive\Documents\rkreno\.audit-cache\prompt-1-2\staging\tablet\upah-pasang-aircond-selangor\submenu-open.png","C:\Users\BGF\OneDrive\Documents\rkreno\.audit-cache\prompt-1-2\differences\tablet\upah-pasang-aircond-selangor\submenu-open.png","768","1024","768","1024","true","230247","786432","29.277420043945312","21.688025580512154","24","0.5","true"
"/upah-pasang-aircond-selangor/","tablet","footer","C:\Users\BGF\OneDrive\Documents\rkreno\.audit-cache\prompt-1-2\source\tablet\upah-pasang-aircond-selangor\footer.png","C:\Users\BGF\OneDrive\Documents\rkreno\.audit-cache\prompt-1-2\staging\tablet\upah-pasang-aircond-selangor\footer.png","C:\Users\BGF\OneDrive\Documents\rkreno\.audit-cache\prompt-1-2\differences\tablet\upah-pasang-aircond-selangor\footer.png","768","759","768","1117","false","417341","857856","48.64930710981796","103.516297218492","24","0.5","true"
"/upah-pasang-aircond-selangor/","tablet","floating-actions","C:\Users\BGF\OneDrive\Documents\rkreno\.audit-cache\prompt-1-2\source\tablet\upah-pasang-aircond-selangor\floating-actions.png","C:\Users\BGF\OneDrive\Documents\rkreno\.audit-cache\prompt-1-2\staging\tablet\upah-pasang-aircond-selangor\floating-actions.png","C:\Users\BGF\OneDrive\Documents\rkreno\.audit-cache\prompt-1-2\differences\tablet\upah-pasang-aircond-selangor\floating-actions.png","768","1024","768","1024","true","340139","786432","43.250910441080734","80.71773698594835","24","0.5","true"
"/upah-pasang-aircond-selangor/","mobile","header-initial","C:\Users\BGF\OneDrive\Documents\rkreno\.audit-cache\prompt-1-2\source\mobile\upah-pasang-aircond-selangor\header-initial.png","C:\Users\BGF\OneDrive\Documents\rkreno\.audit-cache\prompt-1-2\staging\mobile\upah-pasang-aircond-selangor\header-initial.png","C:\Users\BGF\OneDrive\Documents\rkreno\.audit-cache\prompt-1-2\differences\mobile\upah-pasang-aircond-selangor\header-initial.png","390","90","390","90","true","168","35100","0.47863247863247865","0.10901234567901234","24","0.5","true"
"/upah-pasang-aircond-selangor/","mobile","header-sticky","C:\Users\BGF\OneDrive\Documents\rkreno\.audit-cache\prompt-1-2\source\mobile\upah-pasang-aircond-selangor\header-sticky.png","C:\Users\BGF\OneDrive\Documents\rkreno\.audit-cache\prompt-1-2\staging\mobile\upah-pasang-aircond-selangor\header-sticky.png","C:\Users\BGF\OneDrive\Documents\rkreno\.audit-cache\prompt-1-2\differences\mobile\upah-pasang-aircond-selangor\header-sticky.png","390","90","390","90","true","168","35100","0.47863247863247865","0.10908831908831909","24","0.5","true"
"/upah-pasang-aircond-selangor/","mobile","menu-open","C:\Users\BGF\OneDrive\Documents\rkreno\.audit-cache\prompt-1-2\source\mobile\upah-pasang-aircond-selangor\menu-open.png","C:\Users\BGF\OneDrive\Documents\rkreno\.audit-cache\prompt-1-2\staging\mobile\upah-pasang-aircond-selangor\menu-open.png","C:\Users\BGF\OneDrive\Documents\rkreno\.audit-cache\prompt-1-2\differences\mobile\upah-pasang-aircond-selangor\menu-open.png","390","844","390","844","true","4374","329160","1.3288370397375138","1.698332118118848","24","0.5","true"
"/upah-pasang-aircond-selangor/","mobile","submenu-open","C:\Users\BGF\OneDrive\Documents\rkreno\.audit-cache\prompt-1-2\source\mobile\upah-pasang-aircond-selangor\submenu-open.png","C:\Users\BGF\OneDrive\Documents\rkreno\.audit-cache\prompt-1-2\staging\mobile\upah-pasang-aircond-selangor\submenu-open.png","C:\Users\BGF\OneDrive\Documents\rkreno\.audit-cache\prompt-1-2\differences\mobile\upah-pasang-aircond-selangor\submenu-open.png","390","844","390","844","true","19838","329160","6.026856240126382","6.947362984566776","24","0.5","true"
"/upah-pasang-aircond-selangor/","mobile","footer","C:\Users\BGF\OneDrive\Documents\rkreno\.audit-cache\prompt-1-2\source\mobile\upah-pasang-aircond-selangor\footer.png","C:\Users\BGF\OneDrive\Documents\rkreno\.audit-cache\prompt-1-2\staging\mobile\upah-pasang-aircond-selangor\footer.png","C:\Users\BGF\OneDrive\Documents\rkreno\.audit-cache\prompt-1-2\differences\mobile\upah-pasang-aircond-selangor\footer.png","390","1397","390","1427","false","145354","556530","26.1179091872855","42.574194862211684","24","0.5","true"
"/upah-pasang-aircond-selangor/","mobile","floating-actions","C:\Users\BGF\OneDrive\Documents\rkreno\.audit-cache\prompt-1-2\source\mobile\upah-pasang-aircond-selangor\floating-actions.png","C:\Users\BGF\OneDrive\Documents\rkreno\.audit-cache\prompt-1-2\staging\mobile\upah-pasang-aircond-selangor\floating-actions.png","C:\Users\BGF\OneDrive\Documents\rkreno\.audit-cache\prompt-1-2\differences\mobile\upah-pasang-aircond-selangor\floating-actions.png","390","844","390","844","true","99326","329160","30.175598493134036","42.44791691983635","24","0.5","true"
"/upah-pasang-aircond-selangor-panduan-harga-pemasangan-2026/","desktop","header-initial","C:\Users\BGF\OneDrive\Documents\rkreno\.audit-cache\prompt-1-2\source\desktop\upah-pasang-aircond-selangor-panduan-harga-pemasangan-2026\header-initial.png","C:\Users\BGF\OneDrive\Documents\rkreno\.audit-cache\prompt-1-2\staging\desktop\upah-pasang-aircond-selangor-panduan-harga-pemasangan-2026\header-initial.png","C:\Users\BGF\OneDrive\Documents\rkreno\.audit-cache\prompt-1-2\differences\desktop\upah-pasang-aircond-selangor-panduan-harga-pemasangan-2026\header-initial.png","1440","171","1440","171","true","129826","246240","52.72335932423652","107.85634205111545","24","0.5","true"
"/upah-pasang-aircond-selangor-panduan-harga-pemasangan-2026/","desktop","header-sticky","C:\Users\BGF\OneDrive\Documents\rkreno\.audit-cache\prompt-1-2\source\desktop\upah-pasang-aircond-selangor-panduan-harga-pemasangan-2026\header-sticky.png","C:\Users\BGF\OneDrive\Documents\rkreno\.audit-cache\prompt-1-2\staging\desktop\upah-pasang-aircond-selangor-panduan-harga-pemasangan-2026\header-sticky.png","C:\Users\BGF\OneDrive\Documents\rkreno\.audit-cache\prompt-1-2\differences\desktop\upah-pasang-aircond-selangor-panduan-harga-pemasangan-2026\header-sticky.png","1440","100","1440","100","true","24987","144000","17.352083333333333","28.5293125","24","0.5","true"
"/upah-pasang-aircond-selangor-panduan-harga-pemasangan-2026/","desktop","dropdown-open","C:\Users\BGF\OneDrive\Documents\rkreno\.audit-cache\prompt-1-2\source\desktop\upah-pasang-aircond-selangor-panduan-harga-pemasangan-2026\dropdown-open.png","C:\Users\BGF\OneDrive\Documents\rkreno\.audit-cache\prompt-1-2\staging\desktop\upah-pasang-aircond-selangor-panduan-harga-pemasangan-2026\dropdown-open.png","C:\Users\BGF\OneDrive\Documents\rkreno\.audit-cache\prompt-1-2\differences\desktop\upah-pasang-aircond-selangor-panduan-harga-pemasangan-2026\dropdown-open.png","339","459","340","458","false","18597","156060","11.916570549788542","15.427130590798411","24","0.5","true"
"/upah-pasang-aircond-selangor-panduan-harga-pemasangan-2026/","desktop","footer","C:\Users\BGF\OneDrive\Documents\rkreno\.audit-cache\prompt-1-2\source\desktop\upah-pasang-aircond-selangor-panduan-harga-pemasangan-2026\footer.png","C:\Users\BGF\OneDrive\Documents\rkreno\.audit-cache\prompt-1-2\staging\desktop\upah-pasang-aircond-selangor-panduan-harga-pemasangan-2026\footer.png","C:\Users\BGF\OneDrive\Documents\rkreno\.audit-cache\prompt-1-2\differences\desktop\upah-pasang-aircond-selangor-panduan-harga-pemasangan-2026\footer.png","1440","774","1440","733","false","266030","1114560","23.868611828883147","37.512097150445015","24","0.5","true"
"/upah-pasang-aircond-selangor-panduan-harga-pemasangan-2026/","desktop","floating-actions","C:\Users\BGF\OneDrive\Documents\rkreno\.audit-cache\prompt-1-2\source\desktop\upah-pasang-aircond-selangor-panduan-harga-pemasangan-2026\floating-actions.png","C:\Users\BGF\OneDrive\Documents\rkreno\.audit-cache\prompt-1-2\staging\desktop\upah-pasang-aircond-selangor-panduan-harga-pemasangan-2026\floating-actions.png","C:\Users\BGF\OneDrive\Documents\rkreno\.audit-cache\prompt-1-2\differences\desktop\upah-pasang-aircond-selangor-panduan-harga-pemasangan-2026\floating-actions.png","1440","1000","1440","1000","true","349644","1440000","24.280833333333334","36.46710069444445","24","0.5","true"
"/upah-pasang-aircond-selangor-panduan-harga-pemasangan-2026/","tablet","header-initial","C:\Users\BGF\OneDrive\Documents\rkreno\.audit-cache\prompt-1-2\source\tablet\upah-pasang-aircond-selangor-panduan-harga-pemasangan-2026\header-initial.png","C:\Users\BGF\OneDrive\Documents\rkreno\.audit-cache\prompt-1-2\staging\tablet\upah-pasang-aircond-selangor-panduan-harga-pemasangan-2026\header-initial.png","C:\Users\BGF\OneDrive\Documents\rkreno\.audit-cache\prompt-1-2\differences\tablet\upah-pasang-aircond-selangor-panduan-harga-pemasangan-2026\header-initial.png","768","90","768","90","true","168","69120","0.24305555555555555","0.055357831790123456","24","0.5","true"
"/upah-pasang-aircond-selangor-panduan-harga-pemasangan-2026/","tablet","header-sticky","C:\Users\BGF\OneDrive\Documents\rkreno\.audit-cache\prompt-1-2\source\tablet\upah-pasang-aircond-selangor-panduan-harga-pemasangan-2026\header-sticky.png","C:\Users\BGF\OneDrive\Documents\rkreno\.audit-cache\prompt-1-2\staging\tablet\upah-pasang-aircond-selangor-panduan-harga-pemasangan-2026\header-sticky.png","C:\Users\BGF\OneDrive\Documents\rkreno\.audit-cache\prompt-1-2\differences\tablet\upah-pasang-aircond-selangor-panduan-harga-pemasangan-2026\header-sticky.png","768","90","768","90","true","2110","69120","3.052662037037037","3.8664930555555554","24","0.5","true"
"/upah-pasang-aircond-selangor-panduan-harga-pemasangan-2026/","tablet","menu-open","C:\Users\BGF\OneDrive\Documents\rkreno\.audit-cache\prompt-1-2\source\tablet\upah-pasang-aircond-selangor-panduan-harga-pemasangan-2026\menu-open.png","C:\Users\BGF\OneDrive\Documents\rkreno\.audit-cache\prompt-1-2\staging\tablet\upah-pasang-aircond-selangor-panduan-harga-pemasangan-2026\menu-open.png","C:\Users\BGF\OneDrive\Documents\rkreno\.audit-cache\prompt-1-2\differences\tablet\upah-pasang-aircond-selangor-panduan-harga-pemasangan-2026\menu-open.png","768","1024","768","1024","true","145975","786432","18.561681111653648","20.230311075846355","24","0.5","true"
"/upah-pasang-aircond-selangor-panduan-harga-pemasangan-2026/","tablet","submenu-open","C:\Users\BGF\OneDrive\Documents\rkreno\.audit-cache\prompt-1-2\source\tablet\upah-pasang-aircond-selangor-panduan-harga-pemasangan-2026\submenu-open.png","C:\Users\BGF\OneDrive\Documents\rkreno\.audit-cache\prompt-1-2\staging\tablet\upah-pasang-aircond-selangor-panduan-harga-pemasangan-2026\submenu-open.png","C:\Users\BGF\OneDrive\Documents\rkreno\.audit-cache\prompt-1-2\differences\tablet\upah-pasang-aircond-selangor-panduan-harga-pemasangan-2026\submenu-open.png","768","1024","768","1024","true","163506","786432","20.790863037109375","22.858361138237846","24","0.5","true"
"/upah-pasang-aircond-selangor-panduan-harga-pemasangan-2026/","tablet","footer","C:\Users\BGF\OneDrive\Documents\rkreno\.audit-cache\prompt-1-2\source\tablet\upah-pasang-aircond-selangor-panduan-harga-pemasangan-2026\footer.png","C:\Users\BGF\OneDrive\Documents\rkreno\.audit-cache\prompt-1-2\staging\tablet\upah-pasang-aircond-selangor-panduan-harga-pemasangan-2026\footer.png","C:\Users\BGF\OneDrive\Documents\rkreno\.audit-cache\prompt-1-2\differences\tablet\upah-pasang-aircond-selangor-panduan-harga-pemasangan-2026\footer.png","768","759","768","1117","false","407250","857856","47.47300246195166","102.60958987677807","24","0.5","true"
"/upah-pasang-aircond-selangor-panduan-harga-pemasangan-2026/","tablet","floating-actions","C:\Users\BGF\OneDrive\Documents\rkreno\.audit-cache\prompt-1-2\source\tablet\upah-pasang-aircond-selangor-panduan-harga-pemasangan-2026\floating-actions.png","C:\Users\BGF\OneDrive\Documents\rkreno\.audit-cache\prompt-1-2\staging\tablet\upah-pasang-aircond-selangor-panduan-harga-pemasangan-2026\floating-actions.png","C:\Users\BGF\OneDrive\Documents\rkreno\.audit-cache\prompt-1-2\differences\tablet\upah-pasang-aircond-selangor-panduan-harga-pemasangan-2026\floating-actions.png","768","1024","768","1024","true","343766","786432","43.712107340494796","88.72896660698785","24","0.5","true"
"/upah-pasang-aircond-selangor-panduan-harga-pemasangan-2026/","mobile","header-initial","C:\Users\BGF\OneDrive\Documents\rkreno\.audit-cache\prompt-1-2\source\mobile\upah-pasang-aircond-selangor-panduan-harga-pemasangan-2026\header-initial.png","C:\Users\BGF\OneDrive\Documents\rkreno\.audit-cache\prompt-1-2\staging\mobile\upah-pasang-aircond-selangor-panduan-harga-pemasangan-2026\header-initial.png","C:\Users\BGF\OneDrive\Documents\rkreno\.audit-cache\prompt-1-2\differences\mobile\upah-pasang-aircond-selangor-panduan-harga-pemasangan-2026\header-initial.png","390","90","390","90","true","168","35100","0.47863247863247865","0.10901234567901234","24","0.5","true"
"/upah-pasang-aircond-selangor-panduan-harga-pemasangan-2026/","mobile","header-sticky","C:\Users\BGF\OneDrive\Documents\rkreno\.audit-cache\prompt-1-2\source\mobile\upah-pasang-aircond-selangor-panduan-harga-pemasangan-2026\header-sticky.png","C:\Users\BGF\OneDrive\Documents\rkreno\.audit-cache\prompt-1-2\staging\mobile\upah-pasang-aircond-selangor-panduan-harga-pemasangan-2026\header-sticky.png","C:\Users\BGF\OneDrive\Documents\rkreno\.audit-cache\prompt-1-2\differences\mobile\upah-pasang-aircond-selangor-panduan-harga-pemasangan-2026\header-sticky.png","390","90","390","90","true","3681","35100","10.487179487179487","16.074425451092118","24","0.5","true"
"/upah-pasang-aircond-selangor-panduan-harga-pemasangan-2026/","mobile","menu-open","C:\Users\BGF\OneDrive\Documents\rkreno\.audit-cache\prompt-1-2\source\mobile\upah-pasang-aircond-selangor-panduan-harga-pemasangan-2026\menu-open.png","C:\Users\BGF\OneDrive\Documents\rkreno\.audit-cache\prompt-1-2\staging\mobile\upah-pasang-aircond-selangor-panduan-harga-pemasangan-2026\menu-open.png","C:\Users\BGF\OneDrive\Documents\rkreno\.audit-cache\prompt-1-2\differences\mobile\upah-pasang-aircond-selangor-panduan-harga-pemasangan-2026\menu-open.png","390","844","390","844","true","25970","329160","7.88978004617815","13.584777413213432","24","0.5","true"
"/upah-pasang-aircond-selangor-panduan-harga-pemasangan-2026/","mobile","submenu-open","C:\Users\BGF\OneDrive\Documents\rkreno\.audit-cache\prompt-1-2\source\mobile\upah-pasang-aircond-selangor-panduan-harga-pemasangan-2026\submenu-open.png","C:\Users\BGF\OneDrive\Documents\rkreno\.audit-cache\prompt-1-2\staging\mobile\upah-pasang-aircond-selangor-panduan-harga-pemasangan-2026\submenu-open.png","C:\Users\BGF\OneDrive\Documents\rkreno\.audit-cache\prompt-1-2\differences\mobile\upah-pasang-aircond-selangor-panduan-harga-pemasangan-2026\submenu-open.png","390","844","390","844","true","38147","329160","11.589196743225179","17.45906550006076","24","0.5","true"
"/upah-pasang-aircond-selangor-panduan-harga-pemasangan-2026/","mobile","footer","C:\Users\BGF\OneDrive\Documents\rkreno\.audit-cache\prompt-1-2\source\mobile\upah-pasang-aircond-selangor-panduan-harga-pemasangan-2026\footer.png","C:\Users\BGF\OneDrive\Documents\rkreno\.audit-cache\prompt-1-2\staging\mobile\upah-pasang-aircond-selangor-panduan-harga-pemasangan-2026\footer.png","C:\Users\BGF\OneDrive\Documents\rkreno\.audit-cache\prompt-1-2\differences\mobile\upah-pasang-aircond-selangor-panduan-harga-pemasangan-2026\footer.png","390","1396","390","1426","false","169155","556140","30.415902470600926","54.547352585080496","24","0.5","true"
"/upah-pasang-aircond-selangor-panduan-harga-pemasangan-2026/","mobile","floating-actions","C:\Users\BGF\OneDrive\Documents\rkreno\.audit-cache\prompt-1-2\source\mobile\upah-pasang-aircond-selangor-panduan-harga-pemasangan-2026\floating-actions.png","C:\Users\BGF\OneDrive\Documents\rkreno\.audit-cache\prompt-1-2\staging\mobile\upah-pasang-aircond-selangor-panduan-harga-pemasangan-2026\floating-actions.png","C:\Users\BGF\OneDrive\Documents\rkreno\.audit-cache\prompt-1-2\differences\mobile\upah-pasang-aircond-selangor-panduan-harga-pemasangan-2026\floating-actions.png","390","844","390","844","true","62728","329160","19.056993559363228","32.483474095677884","24","0.5","true"
"/service/building-renovation/","desktop","header-initial","C:\Users\BGF\OneDrive\Documents\rkreno\.audit-cache\prompt-1-2\source\desktop\service__building-renovation\header-initial.png","C:\Users\BGF\OneDrive\Documents\rkreno\.audit-cache\prompt-1-2\staging\desktop\service__building-renovation\header-initial.png","C:\Users\BGF\OneDrive\Documents\rkreno\.audit-cache\prompt-1-2\differences\desktop\service__building-renovation\header-initial.png","1440","171","1440","171","true","129826","246240","52.72335932423652","107.85634205111545","24","0.5","true"
"/service/building-renovation/","desktop","header-sticky","C:\Users\BGF\OneDrive\Documents\rkreno\.audit-cache\prompt-1-2\source\desktop\service__building-renovation\header-sticky.png","C:\Users\BGF\OneDrive\Documents\rkreno\.audit-cache\prompt-1-2\staging\desktop\service__building-renovation\header-sticky.png","C:\Users\BGF\OneDrive\Documents\rkreno\.audit-cache\prompt-1-2\differences\desktop\service__building-renovation\header-sticky.png","1440","100","1440","100","true","28790","144000","19.993055555555557","24.687453703703703","24","0.5","true"
"/service/building-renovation/","desktop","dropdown-open","C:\Users\BGF\OneDrive\Documents\rkreno\.audit-cache\prompt-1-2\source\desktop\service__building-renovation\dropdown-open.png","C:\Users\BGF\OneDrive\Documents\rkreno\.audit-cache\prompt-1-2\staging\desktop\service__building-renovation\dropdown-open.png","C:\Users\BGF\OneDrive\Documents\rkreno\.audit-cache\prompt-1-2\differences\desktop\service__building-renovation\dropdown-open.png","339","459","340","458","false","19303","156060","12.368960656157887","15.735061301208937","24","0.5","true"
"/service/building-renovation/","desktop","footer","C:\Users\BGF\OneDrive\Documents\rkreno\.audit-cache\prompt-1-2\source\desktop\service__building-renovation\footer.png","C:\Users\BGF\OneDrive\Documents\rkreno\.audit-cache\prompt-1-2\staging\desktop\service__building-renovation\footer.png","C:\Users\BGF\OneDrive\Documents\rkreno\.audit-cache\prompt-1-2\differences\desktop\service__building-renovation\footer.png","1440","774","1440","733","false","266367","1114560","23.89884797588286","37.75986517848598","24","0.5","true"
"/service/building-renovation/","desktop","floating-actions","C:\Users\BGF\OneDrive\Documents\rkreno\.audit-cache\prompt-1-2\source\desktop\service__building-renovation\floating-actions.png","C:\Users\BGF\OneDrive\Documents\rkreno\.audit-cache\prompt-1-2\staging\desktop\service__building-renovation\floating-actions.png","C:\Users\BGF\OneDrive\Documents\rkreno\.audit-cache\prompt-1-2\differences\desktop\service__building-renovation\floating-actions.png","1440","1000","1440","1000","true","484343","1440000","33.634930555555556","53.782516898148145","24","0.5","true"
"/service/building-renovation/","tablet","header-initial","C:\Users\BGF\OneDrive\Documents\rkreno\.audit-cache\prompt-1-2\source\tablet\service__building-renovation\header-initial.png","C:\Users\BGF\OneDrive\Documents\rkreno\.audit-cache\prompt-1-2\staging\tablet\service__building-renovation\header-initial.png","C:\Users\BGF\OneDrive\Documents\rkreno\.audit-cache\prompt-1-2\differences\tablet\service__building-renovation\header-initial.png","768","90","768","90","true","168","69120","0.24305555555555555","0.055357831790123456","24","0.5","true"
"/service/building-renovation/","tablet","header-sticky","C:\Users\BGF\OneDrive\Documents\rkreno\.audit-cache\prompt-1-2\source\tablet\service__building-renovation\header-sticky.png","C:\Users\BGF\OneDrive\Documents\rkreno\.audit-cache\prompt-1-2\staging\tablet\service__building-renovation\header-sticky.png","C:\Users\BGF\OneDrive\Documents\rkreno\.audit-cache\prompt-1-2\differences\tablet\service__building-renovation\header-sticky.png","768","90","768","90","true","168","69120","0.24305555555555555","0.05539641203703704","24","0.5","true"
"/service/building-renovation/","tablet","menu-open","C:\Users\BGF\OneDrive\Documents\rkreno\.audit-cache\prompt-1-2\source\tablet\service__building-renovation\menu-open.png","C:\Users\BGF\OneDrive\Documents\rkreno\.audit-cache\prompt-1-2\staging\tablet\service__building-renovation\menu-open.png","C:\Users\BGF\OneDrive\Documents\rkreno\.audit-cache\prompt-1-2\differences\tablet\service__building-renovation\menu-open.png","768","1024","768","1024","true","194975","786432","24.792353312174477","13.390105777316624","24","0.5","true"
"/service/building-renovation/","tablet","submenu-open","C:\Users\BGF\OneDrive\Documents\rkreno\.audit-cache\prompt-1-2\source\tablet\service__building-renovation\submenu-open.png","C:\Users\BGF\OneDrive\Documents\rkreno\.audit-cache\prompt-1-2\staging\tablet\service__building-renovation\submenu-open.png","C:\Users\BGF\OneDrive\Documents\rkreno\.audit-cache\prompt-1-2\differences\tablet\service__building-renovation\submenu-open.png","768","1024","768","1024","true","214603","786432","27.288182576497395","16.392331017388237","24","0.5","true"
"/service/building-renovation/","tablet","footer","C:\Users\BGF\OneDrive\Documents\rkreno\.audit-cache\prompt-1-2\source\tablet\service__building-renovation\footer.png","C:\Users\BGF\OneDrive\Documents\rkreno\.audit-cache\prompt-1-2\staging\tablet\service__building-renovation\footer.png","C:\Users\BGF\OneDrive\Documents\rkreno\.audit-cache\prompt-1-2\differences\tablet\service__building-renovation\footer.png","768","760","768","1117","false","404568","857856","47.160362578334826","101.92554422498259","24","0.5","true"
"/service/building-renovation/","tablet","floating-actions","C:\Users\BGF\OneDrive\Documents\rkreno\.audit-cache\prompt-1-2\source\tablet\service__building-renovation\floating-actions.png","C:\Users\BGF\OneDrive\Documents\rkreno\.audit-cache\prompt-1-2\staging\tablet\service__building-renovation\floating-actions.png","C:\Users\BGF\OneDrive\Documents\rkreno\.audit-cache\prompt-1-2\differences\tablet\service__building-renovation\floating-actions.png","768","1024","768","1024","true","402779","786432","51.21599833170573","89.27929941813152","24","0.5","true"
"/service/building-renovation/","mobile","header-initial","C:\Users\BGF\OneDrive\Documents\rkreno\.audit-cache\prompt-1-2\source\mobile\service__building-renovation\header-initial.png","C:\Users\BGF\OneDrive\Documents\rkreno\.audit-cache\prompt-1-2\staging\mobile\service__building-renovation\header-initial.png","C:\Users\BGF\OneDrive\Documents\rkreno\.audit-cache\prompt-1-2\differences\mobile\service__building-renovation\header-initial.png","390","90","390","90","true","168","35100","0.47863247863247865","0.10901234567901234","24","0.5","true"
"/service/building-renovation/","mobile","header-sticky","C:\Users\BGF\OneDrive\Documents\rkreno\.audit-cache\prompt-1-2\source\mobile\service__building-renovation\header-sticky.png","C:\Users\BGF\OneDrive\Documents\rkreno\.audit-cache\prompt-1-2\staging\mobile\service__building-renovation\header-sticky.png","C:\Users\BGF\OneDrive\Documents\rkreno\.audit-cache\prompt-1-2\differences\mobile\service__building-renovation\header-sticky.png","390","90","390","90","true","168","35100","0.47863247863247865","0.10908831908831909","24","0.5","true"
"/service/building-renovation/","mobile","menu-open","C:\Users\BGF\OneDrive\Documents\rkreno\.audit-cache\prompt-1-2\source\mobile\service__building-renovation\menu-open.png","C:\Users\BGF\OneDrive\Documents\rkreno\.audit-cache\prompt-1-2\staging\mobile\service__building-renovation\menu-open.png","C:\Users\BGF\OneDrive\Documents\rkreno\.audit-cache\prompt-1-2\differences\mobile\service__building-renovation\menu-open.png","390","844","390","844","true","4354","329160","1.3227609673107303","1.7186120225219752","24","0.5","true"
"/service/building-renovation/","mobile","submenu-open","C:\Users\BGF\OneDrive\Documents\rkreno\.audit-cache\prompt-1-2\source\mobile\service__building-renovation\submenu-open.png","C:\Users\BGF\OneDrive\Documents\rkreno\.audit-cache\prompt-1-2\staging\mobile\service__building-renovation\submenu-open.png","C:\Users\BGF\OneDrive\Documents\rkreno\.audit-cache\prompt-1-2\differences\mobile\service__building-renovation\submenu-open.png","390","844","390","844","true","19935","329160","6.056325191396281","7.143083404220845","24","0.5","true"
"/service/building-renovation/","mobile","footer","C:\Users\BGF\OneDrive\Documents\rkreno\.audit-cache\prompt-1-2\source\mobile\service__building-renovation\footer.png","C:\Users\BGF\OneDrive\Documents\rkreno\.audit-cache\prompt-1-2\staging\mobile\service__building-renovation\footer.png","C:\Users\BGF\OneDrive\Documents\rkreno\.audit-cache\prompt-1-2\differences\mobile\service__building-renovation\footer.png","390","1397","390","1426","false","168388","556140","30.27798755708994","54.16205272053799","24","0.5","true"
"/service/building-renovation/","mobile","floating-actions","C:\Users\BGF\OneDrive\Documents\rkreno\.audit-cache\prompt-1-2\source\mobile\service__building-renovation\floating-actions.png","C:\Users\BGF\OneDrive\Documents\rkreno\.audit-cache\prompt-1-2\staging\mobile\service__building-renovation\floating-actions.png","C:\Users\BGF\OneDrive\Documents\rkreno\.audit-cache\prompt-1-2\differences\mobile\service__building-renovation\floating-actions.png","390","844","390","844","true","62689","329160","19.045145218130997","32.44405253777292","24","0.5","true"
"/electrical-services-selangor/","desktop","header-initial","C:\Users\BGF\OneDrive\Documents\rkreno\.audit-cache\prompt-1-2\source\desktop\electrical-services-selangor\header-initial.png","C:\Users\BGF\OneDrive\Documents\rkreno\.audit-cache\prompt-1-2\staging\desktop\electrical-services-selangor\header-initial.png","C:\Users\BGF\OneDrive\Documents\rkreno\.audit-cache\prompt-1-2\differences\desktop\electrical-services-selangor\header-initial.png","1440","171","1440","171","true","129811","246240","52.71726770630279","107.76706329867879","24","0.5","true"
"/electrical-services-selangor/","desktop","header-sticky","C:\Users\BGF\OneDrive\Documents\rkreno\.audit-cache\prompt-1-2\source\desktop\electrical-services-selangor\header-sticky.png","C:\Users\BGF\OneDrive\Documents\rkreno\.audit-cache\prompt-1-2\staging\desktop\electrical-services-selangor\header-sticky.png","C:\Users\BGF\OneDrive\Documents\rkreno\.audit-cache\prompt-1-2\differences\desktop\electrical-services-selangor\header-sticky.png","1440","100","1440","100","true","28802","144000","20.001388888888886","24.470916666666668","24","0.5","true"
"/electrical-services-selangor/","desktop","dropdown-open","C:\Users\BGF\OneDrive\Documents\rkreno\.audit-cache\prompt-1-2\source\desktop\electrical-services-selangor\dropdown-open.png","C:\Users\BGF\OneDrive\Documents\rkreno\.audit-cache\prompt-1-2\staging\desktop\electrical-services-selangor\dropdown-open.png","C:\Users\BGF\OneDrive\Documents\rkreno\.audit-cache\prompt-1-2\differences\desktop\electrical-services-selangor\dropdown-open.png","339","459","340","458","false","19189","156060","12.295911828783801","15.340420351146994","24","0.5","true"
"/electrical-services-selangor/","desktop","footer","C:\Users\BGF\OneDrive\Documents\rkreno\.audit-cache\prompt-1-2\source\desktop\electrical-services-selangor\footer.png","C:\Users\BGF\OneDrive\Documents\rkreno\.audit-cache\prompt-1-2\staging\desktop\electrical-services-selangor\footer.png","C:\Users\BGF\OneDrive\Documents\rkreno\.audit-cache\prompt-1-2\differences\desktop\electrical-services-selangor\footer.png","1440","774","1440","733","false","266158","1114560","23.88009618145277","37.45455815149775","24","0.5","true"
"/electrical-services-selangor/","desktop","floating-actions","C:\Users\BGF\OneDrive\Documents\rkreno\.audit-cache\prompt-1-2\source\desktop\electrical-services-selangor\floating-actions.png","C:\Users\BGF\OneDrive\Documents\rkreno\.audit-cache\prompt-1-2\staging\desktop\electrical-services-selangor\floating-actions.png","C:\Users\BGF\OneDrive\Documents\rkreno\.audit-cache\prompt-1-2\differences\desktop\electrical-services-selangor\floating-actions.png","1440","1000","1440","1000","true","561929","1440000","39.022847222222225","62.11881597222222","24","0.5","true"
"/electrical-services-selangor/","tablet","header-initial","C:\Users\BGF\OneDrive\Documents\rkreno\.audit-cache\prompt-1-2\source\tablet\electrical-services-selangor\header-initial.png","C:\Users\BGF\OneDrive\Documents\rkreno\.audit-cache\prompt-1-2\staging\tablet\electrical-services-selangor\header-initial.png","C:\Users\BGF\OneDrive\Documents\rkreno\.audit-cache\prompt-1-2\differences\tablet\electrical-services-selangor\header-initial.png","768","90","768","90","true","168","69120","0.24305555555555555","0.055357831790123456","24","0.5","true"
"/electrical-services-selangor/","tablet","header-sticky","C:\Users\BGF\OneDrive\Documents\rkreno\.audit-cache\prompt-1-2\source\tablet\electrical-services-selangor\header-sticky.png","C:\Users\BGF\OneDrive\Documents\rkreno\.audit-cache\prompt-1-2\staging\tablet\electrical-services-selangor\header-sticky.png","C:\Users\BGF\OneDrive\Documents\rkreno\.audit-cache\prompt-1-2\differences\tablet\electrical-services-selangor\header-sticky.png","768","90","768","90","true","168","69120","0.24305555555555555","0.05539641203703704","24","0.5","true"
"/electrical-services-selangor/","tablet","menu-open","C:\Users\BGF\OneDrive\Documents\rkreno\.audit-cache\prompt-1-2\source\tablet\electrical-services-selangor\menu-open.png","C:\Users\BGF\OneDrive\Documents\rkreno\.audit-cache\prompt-1-2\staging\tablet\electrical-services-selangor\menu-open.png","C:\Users\BGF\OneDrive\Documents\rkreno\.audit-cache\prompt-1-2\differences\tablet\electrical-services-selangor\menu-open.png","768","1024","768","1024","true","120332","786432","15.301005045572916","12.183920118543837","24","0.5","true"
"/electrical-services-selangor/","tablet","submenu-open","C:\Users\BGF\OneDrive\Documents\rkreno\.audit-cache\prompt-1-2\source\tablet\electrical-services-selangor\submenu-open.png","C:\Users\BGF\OneDrive\Documents\rkreno\.audit-cache\prompt-1-2\staging\tablet\electrical-services-selangor\submenu-open.png","C:\Users\BGF\OneDrive\Documents\rkreno\.audit-cache\prompt-1-2\differences\tablet\electrical-services-selangor\submenu-open.png","768","1024","768","1024","true","139855","786432","17.783482869466148","15.115122477213541","24","0.5","true"
"/electrical-services-selangor/","tablet","footer","C:\Users\BGF\OneDrive\Documents\rkreno\.audit-cache\prompt-1-2\source\tablet\electrical-services-selangor\footer.png","C:\Users\BGF\OneDrive\Documents\rkreno\.audit-cache\prompt-1-2\staging\tablet\electrical-services-selangor\footer.png","C:\Users\BGF\OneDrive\Documents\rkreno\.audit-cache\prompt-1-2\differences\tablet\electrical-services-selangor\footer.png","768","760","768","1117","false","404545","857856","47.157681475678906","101.92177941286184","24","0.5","true"
"/electrical-services-selangor/","tablet","floating-actions","C:\Users\BGF\OneDrive\Documents\rkreno\.audit-cache\prompt-1-2\source\tablet\electrical-services-selangor\floating-actions.png","C:\Users\BGF\OneDrive\Documents\rkreno\.audit-cache\prompt-1-2\staging\tablet\electrical-services-selangor\floating-actions.png","C:\Users\BGF\OneDrive\Documents\rkreno\.audit-cache\prompt-1-2\differences\tablet\electrical-services-selangor\floating-actions.png","768","1024","768","1024","true","340522","786432","43.299611409505204","88.26355319552951","24","0.5","true"
"/electrical-services-selangor/","mobile","header-initial","C:\Users\BGF\OneDrive\Documents\rkreno\.audit-cache\prompt-1-2\source\mobile\electrical-services-selangor\header-initial.png","C:\Users\BGF\OneDrive\Documents\rkreno\.audit-cache\prompt-1-2\staging\mobile\electrical-services-selangor\header-initial.png","C:\Users\BGF\OneDrive\Documents\rkreno\.audit-cache\prompt-1-2\differences\mobile\electrical-services-selangor\header-initial.png","390","90","390","90","true","168","35100","0.47863247863247865","0.10901234567901234","24","0.5","true"
"/electrical-services-selangor/","mobile","header-sticky","C:\Users\BGF\OneDrive\Documents\rkreno\.audit-cache\prompt-1-2\source\mobile\electrical-services-selangor\header-sticky.png","C:\Users\BGF\OneDrive\Documents\rkreno\.audit-cache\prompt-1-2\staging\mobile\electrical-services-selangor\header-sticky.png","C:\Users\BGF\OneDrive\Documents\rkreno\.audit-cache\prompt-1-2\differences\mobile\electrical-services-selangor\header-sticky.png","390","90","390","90","true","168","35100","0.47863247863247865","0.10908831908831909","24","0.5","true"
"/electrical-services-selangor/","mobile","menu-open","C:\Users\BGF\OneDrive\Documents\rkreno\.audit-cache\prompt-1-2\source\mobile\electrical-services-selangor\menu-open.png","C:\Users\BGF\OneDrive\Documents\rkreno\.audit-cache\prompt-1-2\staging\mobile\electrical-services-selangor\menu-open.png","C:\Users\BGF\OneDrive\Documents\rkreno\.audit-cache\prompt-1-2\differences\mobile\electrical-services-selangor\menu-open.png","390","844","390","844","true","4374","329160","1.3288370397375138","1.6983746506258355","24","0.5","true"
"/electrical-services-selangor/","mobile","submenu-open","C:\Users\BGF\OneDrive\Documents\rkreno\.audit-cache\prompt-1-2\source\mobile\electrical-services-selangor\submenu-open.png","C:\Users\BGF\OneDrive\Documents\rkreno\.audit-cache\prompt-1-2\staging\mobile\electrical-services-selangor\submenu-open.png","C:\Users\BGF\OneDrive\Documents\rkreno\.audit-cache\prompt-1-2\differences\mobile\electrical-services-selangor\submenu-open.png","390","844","390","844","true","19866","329160","6.035362741523879","6.959367278324624","24","0.5","true"
"/electrical-services-selangor/","mobile","footer","C:\Users\BGF\OneDrive\Documents\rkreno\.audit-cache\prompt-1-2\source\mobile\electrical-services-selangor\footer.png","C:\Users\BGF\OneDrive\Documents\rkreno\.audit-cache\prompt-1-2\staging\mobile\electrical-services-selangor\footer.png","C:\Users\BGF\OneDrive\Documents\rkreno\.audit-cache\prompt-1-2\differences\mobile\electrical-services-selangor\footer.png","390","1397","390","1426","false","169879","556140","30.546085518035028","54.75424173769195","24","0.5","true"
"/electrical-services-selangor/","mobile","floating-actions","C:\Users\BGF\OneDrive\Documents\rkreno\.audit-cache\prompt-1-2\source\mobile\electrical-services-selangor\floating-actions.png","C:\Users\BGF\OneDrive\Documents\rkreno\.audit-cache\prompt-1-2\staging\mobile\electrical-services-selangor\floating-actions.png","C:\Users\BGF\OneDrive\Documents\rkreno\.audit-cache\prompt-1-2\differences\mobile\electrical-services-selangor\floating-actions.png","390","844","390","844","true","62541","329160","19.000182282172805","32.291525904322114","24","0.5","true"
"/house-renovation-in-kuala-lumpur/","desktop","header-initial","C:\Users\BGF\OneDrive\Documents\rkreno\.audit-cache\prompt-1-2\source\desktop\house-renovation-in-kuala-lumpur\header-initial.png","C:\Users\BGF\OneDrive\Documents\rkreno\.audit-cache\prompt-1-2\staging\desktop\house-renovation-in-kuala-lumpur\header-initial.png","C:\Users\BGF\OneDrive\Documents\rkreno\.audit-cache\prompt-1-2\differences\desktop\house-renovation-in-kuala-lumpur\header-initial.png","1440","171","1440","171","true","129811","246240","52.71726770630279","107.770159194282","24","0.5","true"
"/house-renovation-in-kuala-lumpur/","desktop","header-sticky","C:\Users\BGF\OneDrive\Documents\rkreno\.audit-cache\prompt-1-2\source\desktop\house-renovation-in-kuala-lumpur\header-sticky.png","C:\Users\BGF\OneDrive\Documents\rkreno\.audit-cache\prompt-1-2\staging\desktop\house-renovation-in-kuala-lumpur\header-sticky.png","C:\Users\BGF\OneDrive\Documents\rkreno\.audit-cache\prompt-1-2\differences\desktop\house-renovation-in-kuala-lumpur\header-sticky.png","1440","100","1440","100","true","28802","144000","20.001388888888886","24.457055555555556","24","0.5","true"
"/house-renovation-in-kuala-lumpur/","desktop","dropdown-open","C:\Users\BGF\OneDrive\Documents\rkreno\.audit-cache\prompt-1-2\source\desktop\house-renovation-in-kuala-lumpur\dropdown-open.png","C:\Users\BGF\OneDrive\Documents\rkreno\.audit-cache\prompt-1-2\staging\desktop\house-renovation-in-kuala-lumpur\dropdown-open.png","C:\Users\BGF\OneDrive\Documents\rkreno\.audit-cache\prompt-1-2\differences\desktop\house-renovation-in-kuala-lumpur\dropdown-open.png","339","459","340","458","false","19233","156060","12.32410611303345","15.224896407364689","24","0.5","true"
"/house-renovation-in-kuala-lumpur/","desktop","footer","C:\Users\BGF\OneDrive\Documents\rkreno\.audit-cache\prompt-1-2\source\desktop\house-renovation-in-kuala-lumpur\footer.png","C:\Users\BGF\OneDrive\Documents\rkreno\.audit-cache\prompt-1-2\staging\desktop\house-renovation-in-kuala-lumpur\footer.png","C:\Users\BGF\OneDrive\Documents\rkreno\.audit-cache\prompt-1-2\differences\desktop\house-renovation-in-kuala-lumpur\footer.png","1440","774","1440","733","false","268115","1114560","24.055681165661785","38.280729017130824","24","0.5","true"
"/house-renovation-in-kuala-lumpur/","desktop","floating-actions","C:\Users\BGF\OneDrive\Documents\rkreno\.audit-cache\prompt-1-2\source\desktop\house-renovation-in-kuala-lumpur\floating-actions.png","C:\Users\BGF\OneDrive\Documents\rkreno\.audit-cache\prompt-1-2\staging\desktop\house-renovation-in-kuala-lumpur\floating-actions.png","C:\Users\BGF\OneDrive\Documents\rkreno\.audit-cache\prompt-1-2\differences\desktop\house-renovation-in-kuala-lumpur\floating-actions.png","1440","1000","1440","1000","true","482972","1440000","33.539722222222224","53.737187731481484","24","0.5","true"
"/house-renovation-in-kuala-lumpur/","tablet","header-initial","C:\Users\BGF\OneDrive\Documents\rkreno\.audit-cache\prompt-1-2\source\tablet\house-renovation-in-kuala-lumpur\header-initial.png","C:\Users\BGF\OneDrive\Documents\rkreno\.audit-cache\prompt-1-2\staging\tablet\house-renovation-in-kuala-lumpur\header-initial.png","C:\Users\BGF\OneDrive\Documents\rkreno\.audit-cache\prompt-1-2\differences\tablet\house-renovation-in-kuala-lumpur\header-initial.png","768","90","768","90","true","168","69120","0.24305555555555555","0.055357831790123456","24","0.5","true"
"/house-renovation-in-kuala-lumpur/","tablet","header-sticky","C:\Users\BGF\OneDrive\Documents\rkreno\.audit-cache\prompt-1-2\source\tablet\house-renovation-in-kuala-lumpur\header-sticky.png","C:\Users\BGF\OneDrive\Documents\rkreno\.audit-cache\prompt-1-2\staging\tablet\house-renovation-in-kuala-lumpur\header-sticky.png","C:\Users\BGF\OneDrive\Documents\rkreno\.audit-cache\prompt-1-2\differences\tablet\house-renovation-in-kuala-lumpur\header-sticky.png","768","90","768","90","true","168","69120","0.24305555555555555","0.05539641203703704","24","0.5","true"
"/house-renovation-in-kuala-lumpur/","tablet","menu-open","C:\Users\BGF\OneDrive\Documents\rkreno\.audit-cache\prompt-1-2\source\tablet\house-renovation-in-kuala-lumpur\menu-open.png","C:\Users\BGF\OneDrive\Documents\rkreno\.audit-cache\prompt-1-2\staging\tablet\house-renovation-in-kuala-lumpur\menu-open.png","C:\Users\BGF\OneDrive\Documents\rkreno\.audit-cache\prompt-1-2\differences\tablet\house-renovation-in-kuala-lumpur\menu-open.png","768","1024","768","1024","true","162692","786432","20.687357584635414","15.733904520670572","24","0.5","true"
"/house-renovation-in-kuala-lumpur/","tablet","submenu-open","C:\Users\BGF\OneDrive\Documents\rkreno\.audit-cache\prompt-1-2\source\tablet\house-renovation-in-kuala-lumpur\submenu-open.png","C:\Users\BGF\OneDrive\Documents\rkreno\.audit-cache\prompt-1-2\staging\tablet\house-renovation-in-kuala-lumpur\submenu-open.png","C:\Users\BGF\OneDrive\Documents\rkreno\.audit-cache\prompt-1-2\differences\tablet\house-renovation-in-kuala-lumpur\submenu-open.png","768","1024","768","1024","true","182154","786432","23.162078857421875","18.626185946994358","24","0.5","true"
"/house-renovation-in-kuala-lumpur/","tablet","footer","C:\Users\BGF\OneDrive\Documents\rkreno\.audit-cache\prompt-1-2\source\tablet\house-renovation-in-kuala-lumpur\footer.png","C:\Users\BGF\OneDrive\Documents\rkreno\.audit-cache\prompt-1-2\staging\tablet\house-renovation-in-kuala-lumpur\footer.png","C:\Users\BGF\OneDrive\Documents\rkreno\.audit-cache\prompt-1-2\differences\tablet\house-renovation-in-kuala-lumpur\footer.png","768","759","768","1117","false","404268","857856","47.12539167412713","101.83800311474187","24","0.5","true"
"/house-renovation-in-kuala-lumpur/","tablet","floating-actions","C:\Users\BGF\OneDrive\Documents\rkreno\.audit-cache\prompt-1-2\source\tablet\house-renovation-in-kuala-lumpur\floating-actions.png","C:\Users\BGF\OneDrive\Documents\rkreno\.audit-cache\prompt-1-2\staging\tablet\house-renovation-in-kuala-lumpur\floating-actions.png","C:\Users\BGF\OneDrive\Documents\rkreno\.audit-cache\prompt-1-2\differences\tablet\house-renovation-in-kuala-lumpur\floating-actions.png","768","1024","768","1024","true","384223","786432","48.85648091634114","95.71464199490018","24","0.5","true"
"/house-renovation-in-kuala-lumpur/","mobile","header-initial","C:\Users\BGF\OneDrive\Documents\rkreno\.audit-cache\prompt-1-2\source\mobile\house-renovation-in-kuala-lumpur\header-initial.png","C:\Users\BGF\OneDrive\Documents\rkreno\.audit-cache\prompt-1-2\staging\mobile\house-renovation-in-kuala-lumpur\header-initial.png","C:\Users\BGF\OneDrive\Documents\rkreno\.audit-cache\prompt-1-2\differences\mobile\house-renovation-in-kuala-lumpur\header-initial.png","390","90","390","90","true","168","35100","0.47863247863247865","0.10901234567901234","24","0.5","true"
"/house-renovation-in-kuala-lumpur/","mobile","header-sticky","C:\Users\BGF\OneDrive\Documents\rkreno\.audit-cache\prompt-1-2\source\mobile\house-renovation-in-kuala-lumpur\header-sticky.png","C:\Users\BGF\OneDrive\Documents\rkreno\.audit-cache\prompt-1-2\staging\mobile\house-renovation-in-kuala-lumpur\header-sticky.png","C:\Users\BGF\OneDrive\Documents\rkreno\.audit-cache\prompt-1-2\differences\mobile\house-renovation-in-kuala-lumpur\header-sticky.png","390","90","390","90","true","168","35100","0.47863247863247865","0.10908831908831909","24","0.5","true"
"/house-renovation-in-kuala-lumpur/","mobile","menu-open","C:\Users\BGF\OneDrive\Documents\rkreno\.audit-cache\prompt-1-2\source\mobile\house-renovation-in-kuala-lumpur\menu-open.png","C:\Users\BGF\OneDrive\Documents\rkreno\.audit-cache\prompt-1-2\staging\mobile\house-renovation-in-kuala-lumpur\menu-open.png","C:\Users\BGF\OneDrive\Documents\rkreno\.audit-cache\prompt-1-2\differences\mobile\house-renovation-in-kuala-lumpur\menu-open.png","390","844","390","844","true","4374","329160","1.3288370397375138","1.698332118118848","24","0.5","true"
"/house-renovation-in-kuala-lumpur/","mobile","submenu-open","C:\Users\BGF\OneDrive\Documents\rkreno\.audit-cache\prompt-1-2\source\mobile\house-renovation-in-kuala-lumpur\submenu-open.png","C:\Users\BGF\OneDrive\Documents\rkreno\.audit-cache\prompt-1-2\staging\mobile\house-renovation-in-kuala-lumpur\submenu-open.png","C:\Users\BGF\OneDrive\Documents\rkreno\.audit-cache\prompt-1-2\differences\mobile\house-renovation-in-kuala-lumpur\submenu-open.png","390","844","390","844","true","19857","329160","6.032628508931826","6.923140721837404","24","0.5","true"
"/house-renovation-in-kuala-lumpur/","mobile","footer","C:\Users\BGF\OneDrive\Documents\rkreno\.audit-cache\prompt-1-2\source\mobile\house-renovation-in-kuala-lumpur\footer.png","C:\Users\BGF\OneDrive\Documents\rkreno\.audit-cache\prompt-1-2\staging\mobile\house-renovation-in-kuala-lumpur\footer.png","C:\Users\BGF\OneDrive\Documents\rkreno\.audit-cache\prompt-1-2\differences\mobile\house-renovation-in-kuala-lumpur\footer.png","390","1397","390","1426","false","203848","556140","36.65407990793685","70.78073087112358","24","0.5","true"
"/house-renovation-in-kuala-lumpur/","mobile","floating-actions","C:\Users\BGF\OneDrive\Documents\rkreno\.audit-cache\prompt-1-2\source\mobile\house-renovation-in-kuala-lumpur\floating-actions.png","C:\Users\BGF\OneDrive\Documents\rkreno\.audit-cache\prompt-1-2\staging\mobile\house-renovation-in-kuala-lumpur\floating-actions.png","C:\Users\BGF\OneDrive\Documents\rkreno\.audit-cache\prompt-1-2\differences\mobile\house-renovation-in-kuala-lumpur\floating-actions.png","390","844","390","844","true","61758","329160","18.762304046664234","30.95931765706647","24","0.5","true"
"/house-renovation-in-selangor/","desktop","header-initial","C:\Users\BGF\OneDrive\Documents\rkreno\.audit-cache\prompt-1-2\source\desktop\house-renovation-in-selangor\header-initial.png","C:\Users\BGF\OneDrive\Documents\rkreno\.audit-cache\prompt-1-2\staging\desktop\house-renovation-in-selangor\header-initial.png","C:\Users\BGF\OneDrive\Documents\rkreno\.audit-cache\prompt-1-2\differences\desktop\house-renovation-in-selangor\header-initial.png","1440","171","1440","171","true","129811","246240","52.71726770630279","107.770159194282","24","0.5","true"
"/house-renovation-in-selangor/","desktop","header-sticky","C:\Users\BGF\OneDrive\Documents\rkreno\.audit-cache\prompt-1-2\source\desktop\house-renovation-in-selangor\header-sticky.png","C:\Users\BGF\OneDrive\Documents\rkreno\.audit-cache\prompt-1-2\staging\desktop\house-renovation-in-selangor\header-sticky.png","C:\Users\BGF\OneDrive\Documents\rkreno\.audit-cache\prompt-1-2\differences\desktop\house-renovation-in-selangor\header-sticky.png","1440","100","1440","100","true","28802","144000","20.001388888888886","24.457055555555556","24","0.5","true"
"/house-renovation-in-selangor/","desktop","dropdown-open","C:\Users\BGF\OneDrive\Documents\rkreno\.audit-cache\prompt-1-2\source\desktop\house-renovation-in-selangor\dropdown-open.png","C:\Users\BGF\OneDrive\Documents\rkreno\.audit-cache\prompt-1-2\staging\desktop\house-renovation-in-selangor\dropdown-open.png","C:\Users\BGF\OneDrive\Documents\rkreno\.audit-cache\prompt-1-2\differences\desktop\house-renovation-in-selangor\dropdown-open.png","339","459","340","458","false","19211","156060","12.310008970908624","15.31277713699859","24","0.5","true"
"/house-renovation-in-selangor/","desktop","footer","C:\Users\BGF\OneDrive\Documents\rkreno\.audit-cache\prompt-1-2\source\desktop\house-renovation-in-selangor\footer.png","C:\Users\BGF\OneDrive\Documents\rkreno\.audit-cache\prompt-1-2\staging\desktop\house-renovation-in-selangor\footer.png","C:\Users\BGF\OneDrive\Documents\rkreno\.audit-cache\prompt-1-2\differences\desktop\house-renovation-in-selangor\footer.png","1440","774","1440","732","false","267600","1114560","24.00947459086994","38.443189240597185","24","0.5","true"
"/house-renovation-in-selangor/","desktop","floating-actions","C:\Users\BGF\OneDrive\Documents\rkreno\.audit-cache\prompt-1-2\source\desktop\house-renovation-in-selangor\floating-actions.png","C:\Users\BGF\OneDrive\Documents\rkreno\.audit-cache\prompt-1-2\staging\desktop\house-renovation-in-selangor\floating-actions.png","C:\Users\BGF\OneDrive\Documents\rkreno\.audit-cache\prompt-1-2\differences\desktop\house-renovation-in-selangor\floating-actions.png","1440","1000","1440","1000","true","482367","1440000","33.49770833333333","53.725152314814814","24","0.5","true"
"/house-renovation-in-selangor/","tablet","header-initial","C:\Users\BGF\OneDrive\Documents\rkreno\.audit-cache\prompt-1-2\source\tablet\house-renovation-in-selangor\header-initial.png","C:\Users\BGF\OneDrive\Documents\rkreno\.audit-cache\prompt-1-2\staging\tablet\house-renovation-in-selangor\header-initial.png","C:\Users\BGF\OneDrive\Documents\rkreno\.audit-cache\prompt-1-2\differences\tablet\house-renovation-in-selangor\header-initial.png","768","90","768","90","true","168","69120","0.24305555555555555","0.055357831790123456","24","0.5","true"
"/house-renovation-in-selangor/","tablet","header-sticky","C:\Users\BGF\OneDrive\Documents\rkreno\.audit-cache\prompt-1-2\source\tablet\house-renovation-in-selangor\header-sticky.png","C:\Users\BGF\OneDrive\Documents\rkreno\.audit-cache\prompt-1-2\staging\tablet\house-renovation-in-selangor\header-sticky.png","C:\Users\BGF\OneDrive\Documents\rkreno\.audit-cache\prompt-1-2\differences\tablet\house-renovation-in-selangor\header-sticky.png","768","90","768","90","true","168","69120","0.24305555555555555","0.05539641203703704","24","0.5","true"
"/house-renovation-in-selangor/","tablet","menu-open","C:\Users\BGF\OneDrive\Documents\rkreno\.audit-cache\prompt-1-2\source\tablet\house-renovation-in-selangor\menu-open.png","C:\Users\BGF\OneDrive\Documents\rkreno\.audit-cache\prompt-1-2\staging\tablet\house-renovation-in-selangor\menu-open.png","C:\Users\BGF\OneDrive\Documents\rkreno\.audit-cache\prompt-1-2\differences\tablet\house-renovation-in-selangor\menu-open.png","768","1024","768","1024","true","118572","786432","15.07720947265625","13.32887691921658","24","0.5","true"
"/house-renovation-in-selangor/","tablet","submenu-open","C:\Users\BGF\OneDrive\Documents\rkreno\.audit-cache\prompt-1-2\source\tablet\house-renovation-in-selangor\submenu-open.png","C:\Users\BGF\OneDrive\Documents\rkreno\.audit-cache\prompt-1-2\staging\tablet\house-renovation-in-selangor\submenu-open.png","C:\Users\BGF\OneDrive\Documents\rkreno\.audit-cache\prompt-1-2\differences\tablet\house-renovation-in-selangor\submenu-open.png","768","1024","768","1024","true","138076","786432","17.557271321614586","16.247362348768448","24","0.5","true"
"/house-renovation-in-selangor/","tablet","footer","C:\Users\BGF\OneDrive\Documents\rkreno\.audit-cache\prompt-1-2\source\tablet\house-renovation-in-selangor\footer.png","C:\Users\BGF\OneDrive\Documents\rkreno\.audit-cache\prompt-1-2\staging\tablet\house-renovation-in-selangor\footer.png","C:\Users\BGF\OneDrive\Documents\rkreno\.audit-cache\prompt-1-2\differences\tablet\house-renovation-in-selangor\footer.png","768","759","768","1117","false","404257","857856","47.12410940763951","101.79207815763951","24","0.5","true"
"/house-renovation-in-selangor/","tablet","floating-actions","C:\Users\BGF\OneDrive\Documents\rkreno\.audit-cache\prompt-1-2\source\tablet\house-renovation-in-selangor\floating-actions.png","C:\Users\BGF\OneDrive\Documents\rkreno\.audit-cache\prompt-1-2\staging\tablet\house-renovation-in-selangor\floating-actions.png","C:\Users\BGF\OneDrive\Documents\rkreno\.audit-cache\prompt-1-2\differences\tablet\house-renovation-in-selangor\floating-actions.png","768","1024","768","1024","true","384529","786432","48.895390828450516","95.7522332933214","24","0.5","true"
"/house-renovation-in-selangor/","mobile","header-initial","C:\Users\BGF\OneDrive\Documents\rkreno\.audit-cache\prompt-1-2\source\mobile\house-renovation-in-selangor\header-initial.png","C:\Users\BGF\OneDrive\Documents\rkreno\.audit-cache\prompt-1-2\staging\mobile\house-renovation-in-selangor\header-initial.png","C:\Users\BGF\OneDrive\Documents\rkreno\.audit-cache\prompt-1-2\differences\mobile\house-renovation-in-selangor\header-initial.png","390","90","390","90","true","168","35100","0.47863247863247865","0.10901234567901234","24","0.5","true"
"/house-renovation-in-selangor/","mobile","header-sticky","C:\Users\BGF\OneDrive\Documents\rkreno\.audit-cache\prompt-1-2\source\mobile\house-renovation-in-selangor\header-sticky.png","C:\Users\BGF\OneDrive\Documents\rkreno\.audit-cache\prompt-1-2\staging\mobile\house-renovation-in-selangor\header-sticky.png","C:\Users\BGF\OneDrive\Documents\rkreno\.audit-cache\prompt-1-2\differences\mobile\house-renovation-in-selangor\header-sticky.png","390","90","390","90","true","168","35100","0.47863247863247865","0.10908831908831909","24","0.5","true"
"/house-renovation-in-selangor/","mobile","menu-open","C:\Users\BGF\OneDrive\Documents\rkreno\.audit-cache\prompt-1-2\source\mobile\house-renovation-in-selangor\menu-open.png","C:\Users\BGF\OneDrive\Documents\rkreno\.audit-cache\prompt-1-2\staging\mobile\house-renovation-in-selangor\menu-open.png","C:\Users\BGF\OneDrive\Documents\rkreno\.audit-cache\prompt-1-2\differences\mobile\house-renovation-in-selangor\menu-open.png","390","844","390","844","true","4374","329160","1.3288370397375138","1.698332118118848","24","0.5","true"
"/house-renovation-in-selangor/","mobile","submenu-open","C:\Users\BGF\OneDrive\Documents\rkreno\.audit-cache\prompt-1-2\source\mobile\house-renovation-in-selangor\submenu-open.png","C:\Users\BGF\OneDrive\Documents\rkreno\.audit-cache\prompt-1-2\staging\mobile\house-renovation-in-selangor\submenu-open.png","C:\Users\BGF\OneDrive\Documents\rkreno\.audit-cache\prompt-1-2\differences\mobile\house-renovation-in-selangor\submenu-open.png","390","844","390","844","true","19853","329160","6.0314132944464705","6.950345323449588","24","0.5","true"
"/house-renovation-in-selangor/","mobile","footer","C:\Users\BGF\OneDrive\Documents\rkreno\.audit-cache\prompt-1-2\source\mobile\house-renovation-in-selangor\footer.png","C:\Users\BGF\OneDrive\Documents\rkreno\.audit-cache\prompt-1-2\staging\mobile\house-renovation-in-selangor\footer.png","C:\Users\BGF\OneDrive\Documents\rkreno\.audit-cache\prompt-1-2\differences\mobile\house-renovation-in-selangor\footer.png","390","1396","390","1426","false","168160","556140","30.236990685798542","54.41841023243548","24","0.5","true"
"/house-renovation-in-selangor/","mobile","floating-actions","C:\Users\BGF\OneDrive\Documents\rkreno\.audit-cache\prompt-1-2\source\mobile\house-renovation-in-selangor\floating-actions.png","C:\Users\BGF\OneDrive\Documents\rkreno\.audit-cache\prompt-1-2\staging\mobile\house-renovation-in-selangor\floating-actions.png","C:\Users\BGF\OneDrive\Documents\rkreno\.audit-cache\prompt-1-2\differences\mobile\house-renovation-in-selangor\floating-actions.png","390","844","390","844","true","62747","329160","19.062765828168672","32.44679082107992","24","0.5","true"
"/home-renovation-contractor-in-subang-jaya/","desktop","header-initial","C:\Users\BGF\OneDrive\Documents\rkreno\.audit-cache\prompt-1-2\source\desktop\home-renovation-contractor-in-subang-jaya\header-initial.png","C:\Users\BGF\OneDrive\Documents\rkreno\.audit-cache\prompt-1-2\staging\desktop\home-renovation-contractor-in-subang-jaya\header-initial.png","C:\Users\BGF\OneDrive\Documents\rkreno\.audit-cache\prompt-1-2\differences\desktop\home-renovation-contractor-in-subang-jaya\header-initial.png","1440","171","1440","171","true","129826","246240","52.72335932423652","107.85323667966212","24","0.5","true"
"/home-renovation-contractor-in-subang-jaya/","desktop","header-sticky","C:\Users\BGF\OneDrive\Documents\rkreno\.audit-cache\prompt-1-2\source\desktop\home-renovation-contractor-in-subang-jaya\header-sticky.png","C:\Users\BGF\OneDrive\Documents\rkreno\.audit-cache\prompt-1-2\staging\desktop\home-renovation-contractor-in-subang-jaya\header-sticky.png","C:\Users\BGF\OneDrive\Documents\rkreno\.audit-cache\prompt-1-2\differences\desktop\home-renovation-contractor-in-subang-jaya\header-sticky.png","1440","100","1440","100","true","28790","144000","19.993055555555557","24.597131944444445","24","0.5","true"
"/home-renovation-contractor-in-subang-jaya/","desktop","dropdown-open","C:\Users\BGF\OneDrive\Documents\rkreno\.audit-cache\prompt-1-2\source\desktop\home-renovation-contractor-in-subang-jaya\dropdown-open.png","C:\Users\BGF\OneDrive\Documents\rkreno\.audit-cache\prompt-1-2\staging\desktop\home-renovation-contractor-in-subang-jaya\dropdown-open.png","C:\Users\BGF\OneDrive\Documents\rkreno\.audit-cache\prompt-1-2\differences\desktop\home-renovation-contractor-in-subang-jaya\dropdown-open.png","339","459","340","458","false","19282","156060","12.355504293220557","15.730629245162117","24","0.5","true"
"/home-renovation-contractor-in-subang-jaya/","desktop","footer","C:\Users\BGF\OneDrive\Documents\rkreno\.audit-cache\prompt-1-2\source\desktop\home-renovation-contractor-in-subang-jaya\footer.png","C:\Users\BGF\OneDrive\Documents\rkreno\.audit-cache\prompt-1-2\staging\desktop\home-renovation-contractor-in-subang-jaya\footer.png","C:\Users\BGF\OneDrive\Documents\rkreno\.audit-cache\prompt-1-2\differences\desktop\home-renovation-contractor-in-subang-jaya\footer.png","1440","774","1440","733","false","267168","1114560","23.97071490094746","38.0296445832137","24","0.5","true"
"/home-renovation-contractor-in-subang-jaya/","desktop","floating-actions","C:\Users\BGF\OneDrive\Documents\rkreno\.audit-cache\prompt-1-2\source\desktop\home-renovation-contractor-in-subang-jaya\floating-actions.png","C:\Users\BGF\OneDrive\Documents\rkreno\.audit-cache\prompt-1-2\staging\desktop\home-renovation-contractor-in-subang-jaya\floating-actions.png","C:\Users\BGF\OneDrive\Documents\rkreno\.audit-cache\prompt-1-2\differences\desktop\home-renovation-contractor-in-subang-jaya\floating-actions.png","1440","1000","1440","1000","true","483499","1440000","33.576319444444444","53.79065532407407","24","0.5","true"
"/home-renovation-contractor-in-subang-jaya/","tablet","header-initial","C:\Users\BGF\OneDrive\Documents\rkreno\.audit-cache\prompt-1-2\source\tablet\home-renovation-contractor-in-subang-jaya\header-initial.png","C:\Users\BGF\OneDrive\Documents\rkreno\.audit-cache\prompt-1-2\staging\tablet\home-renovation-contractor-in-subang-jaya\header-initial.png","C:\Users\BGF\OneDrive\Documents\rkreno\.audit-cache\prompt-1-2\differences\tablet\home-renovation-contractor-in-subang-jaya\header-initial.png","768","90","768","90","true","168","69120","0.24305555555555555","0.055357831790123456","24","0.5","true"
"/home-renovation-contractor-in-subang-jaya/","tablet","header-sticky","C:\Users\BGF\OneDrive\Documents\rkreno\.audit-cache\prompt-1-2\source\tablet\home-renovation-contractor-in-subang-jaya\header-sticky.png","C:\Users\BGF\OneDrive\Documents\rkreno\.audit-cache\prompt-1-2\staging\tablet\home-renovation-contractor-in-subang-jaya\header-sticky.png","C:\Users\BGF\OneDrive\Documents\rkreno\.audit-cache\prompt-1-2\differences\tablet\home-renovation-contractor-in-subang-jaya\header-sticky.png","768","90","768","90","true","168","69120","0.24305555555555555","0.05539641203703704","24","0.5","true"
"/home-renovation-contractor-in-subang-jaya/","tablet","menu-open","C:\Users\BGF\OneDrive\Documents\rkreno\.audit-cache\prompt-1-2\source\tablet\home-renovation-contractor-in-subang-jaya\menu-open.png","C:\Users\BGF\OneDrive\Documents\rkreno\.audit-cache\prompt-1-2\staging\tablet\home-renovation-contractor-in-subang-jaya\menu-open.png","C:\Users\BGF\OneDrive\Documents\rkreno\.audit-cache\prompt-1-2\differences\tablet\home-renovation-contractor-in-subang-jaya\menu-open.png","768","1024","768","1024","true","141741","786432","18.023300170898438","13.025997161865234","24","0.5","true"
"/home-renovation-contractor-in-subang-jaya/","tablet","submenu-open","C:\Users\BGF\OneDrive\Documents\rkreno\.audit-cache\prompt-1-2\source\tablet\home-renovation-contractor-in-subang-jaya\submenu-open.png","C:\Users\BGF\OneDrive\Documents\rkreno\.audit-cache\prompt-1-2\staging\tablet\home-renovation-contractor-in-subang-jaya\submenu-open.png","C:\Users\BGF\OneDrive\Documents\rkreno\.audit-cache\prompt-1-2\differences\tablet\home-renovation-contractor-in-subang-jaya\submenu-open.png","768","1024","768","1024","true","161371","786432","20.519383748372398","16.028093126085068","24","0.5","true"
"/home-renovation-contractor-in-subang-jaya/","tablet","footer","C:\Users\BGF\OneDrive\Documents\rkreno\.audit-cache\prompt-1-2\source\tablet\home-renovation-contractor-in-subang-jaya\footer.png","C:\Users\BGF\OneDrive\Documents\rkreno\.audit-cache\prompt-1-2\staging\tablet\home-renovation-contractor-in-subang-jaya\footer.png","C:\Users\BGF\OneDrive\Documents\rkreno\.audit-cache\prompt-1-2\differences\tablet\home-renovation-contractor-in-subang-jaya\footer.png","768","759","768","1117","false","405323","857856","47.248372687257536","102.15801952775291","24","0.5","true"
"/home-renovation-contractor-in-subang-jaya/","tablet","floating-actions","C:\Users\BGF\OneDrive\Documents\rkreno\.audit-cache\prompt-1-2\source\tablet\home-renovation-contractor-in-subang-jaya\floating-actions.png","C:\Users\BGF\OneDrive\Documents\rkreno\.audit-cache\prompt-1-2\staging\tablet\home-renovation-contractor-in-subang-jaya\floating-actions.png","C:\Users\BGF\OneDrive\Documents\rkreno\.audit-cache\prompt-1-2\differences\tablet\home-renovation-contractor-in-subang-jaya\floating-actions.png","768","1024","768","1024","true","341285","786432","43.39663187662761","88.47994867960612","24","0.5","true"
"/home-renovation-contractor-in-subang-jaya/","mobile","header-initial","C:\Users\BGF\OneDrive\Documents\rkreno\.audit-cache\prompt-1-2\source\mobile\home-renovation-contractor-in-subang-jaya\header-initial.png","C:\Users\BGF\OneDrive\Documents\rkreno\.audit-cache\prompt-1-2\staging\mobile\home-renovation-contractor-in-subang-jaya\header-initial.png","C:\Users\BGF\OneDrive\Documents\rkreno\.audit-cache\prompt-1-2\differences\mobile\home-renovation-contractor-in-subang-jaya\header-initial.png","390","90","390","90","true","168","35100","0.47863247863247865","0.10901234567901234","24","0.5","true"
"/home-renovation-contractor-in-subang-jaya/","mobile","header-sticky","C:\Users\BGF\OneDrive\Documents\rkreno\.audit-cache\prompt-1-2\source\mobile\home-renovation-contractor-in-subang-jaya\header-sticky.png","C:\Users\BGF\OneDrive\Documents\rkreno\.audit-cache\prompt-1-2\staging\mobile\home-renovation-contractor-in-subang-jaya\header-sticky.png","C:\Users\BGF\OneDrive\Documents\rkreno\.audit-cache\prompt-1-2\differences\mobile\home-renovation-contractor-in-subang-jaya\header-sticky.png","390","90","390","90","true","168","35100","0.47863247863247865","0.10908831908831909","24","0.5","true"
"/home-renovation-contractor-in-subang-jaya/","mobile","menu-open","C:\Users\BGF\OneDrive\Documents\rkreno\.audit-cache\prompt-1-2\source\mobile\home-renovation-contractor-in-subang-jaya\menu-open.png","C:\Users\BGF\OneDrive\Documents\rkreno\.audit-cache\prompt-1-2\staging\mobile\home-renovation-contractor-in-subang-jaya\menu-open.png","C:\Users\BGF\OneDrive\Documents\rkreno\.audit-cache\prompt-1-2\differences\mobile\home-renovation-contractor-in-subang-jaya\menu-open.png","390","844","390","844","true","4354","329160","1.3227609673107303","1.7186545550289627","24","0.5","true"
"/home-renovation-contractor-in-subang-jaya/","mobile","submenu-open","C:\Users\BGF\OneDrive\Documents\rkreno\.audit-cache\prompt-1-2\source\mobile\home-renovation-contractor-in-subang-jaya\submenu-open.png","C:\Users\BGF\OneDrive\Documents\rkreno\.audit-cache\prompt-1-2\staging\mobile\home-renovation-contractor-in-subang-jaya\submenu-open.png","C:\Users\BGF\OneDrive\Documents\rkreno\.audit-cache\prompt-1-2\differences\mobile\home-renovation-contractor-in-subang-jaya\submenu-open.png","390","844","390","844","true","19937","329160","6.05693279863896","7.143045935107547","24","0.5","true"
"/home-renovation-contractor-in-subang-jaya/","mobile","footer","C:\Users\BGF\OneDrive\Documents\rkreno\.audit-cache\prompt-1-2\source\mobile\home-renovation-contractor-in-subang-jaya\footer.png","C:\Users\BGF\OneDrive\Documents\rkreno\.audit-cache\prompt-1-2\staging\mobile\home-renovation-contractor-in-subang-jaya\footer.png","C:\Users\BGF\OneDrive\Documents\rkreno\.audit-cache\prompt-1-2\differences\mobile\home-renovation-contractor-in-subang-jaya\footer.png","390","1397","390","1426","false","168724","556140","30.33840399899306","54.276173865093924","24","0.5","true"
"/home-renovation-contractor-in-subang-jaya/","mobile","floating-actions","C:\Users\BGF\OneDrive\Documents\rkreno\.audit-cache\prompt-1-2\source\mobile\home-renovation-contractor-in-subang-jaya\floating-actions.png","C:\Users\BGF\OneDrive\Documents\rkreno\.audit-cache\prompt-1-2\staging\mobile\home-renovation-contractor-in-subang-jaya\floating-actions.png","C:\Users\BGF\OneDrive\Documents\rkreno\.audit-cache\prompt-1-2\differences\mobile\home-renovation-contractor-in-subang-jaya\floating-actions.png","390","844","390","844","true","62777","329160","19.07187993680885","32.462308097379186","24","0.5","true"
"/office-renovation-in-kuala-lumpur/","desktop","header-initial","C:\Users\BGF\OneDrive\Documents\rkreno\.audit-cache\prompt-1-2\source\desktop\office-renovation-in-kuala-lumpur\header-initial.png","C:\Users\BGF\OneDrive\Documents\rkreno\.audit-cache\prompt-1-2\staging\desktop\office-renovation-in-kuala-lumpur\header-initial.png","C:\Users\BGF\OneDrive\Documents\rkreno\.audit-cache\prompt-1-2\differences\desktop\office-renovation-in-kuala-lumpur\header-initial.png","1440","171","1440","171","true","129811","246240","52.71726770630279","107.770159194282","24","0.5","true"
"/office-renovation-in-kuala-lumpur/","desktop","header-sticky","C:\Users\BGF\OneDrive\Documents\rkreno\.audit-cache\prompt-1-2\source\desktop\office-renovation-in-kuala-lumpur\header-sticky.png","C:\Users\BGF\OneDrive\Documents\rkreno\.audit-cache\prompt-1-2\staging\desktop\office-renovation-in-kuala-lumpur\header-sticky.png","C:\Users\BGF\OneDrive\Documents\rkreno\.audit-cache\prompt-1-2\differences\desktop\office-renovation-in-kuala-lumpur\header-sticky.png","1440","100","1440","100","true","28802","144000","20.001388888888886","24.468881944444444","24","0.5","true"
"/office-renovation-in-kuala-lumpur/","desktop","dropdown-open","C:\Users\BGF\OneDrive\Documents\rkreno\.audit-cache\prompt-1-2\source\desktop\office-renovation-in-kuala-lumpur\dropdown-open.png","C:\Users\BGF\OneDrive\Documents\rkreno\.audit-cache\prompt-1-2\staging\desktop\office-renovation-in-kuala-lumpur\dropdown-open.png","C:\Users\BGF\OneDrive\Documents\rkreno\.audit-cache\prompt-1-2\differences\desktop\office-renovation-in-kuala-lumpur\dropdown-open.png","339","459","340","458","false","19212","156060","12.310649750096117","15.231827502242727","24","0.5","true"
"/office-renovation-in-kuala-lumpur/","desktop","footer","C:\Users\BGF\OneDrive\Documents\rkreno\.audit-cache\prompt-1-2\source\desktop\office-renovation-in-kuala-lumpur\footer.png","C:\Users\BGF\OneDrive\Documents\rkreno\.audit-cache\prompt-1-2\staging\desktop\office-renovation-in-kuala-lumpur\footer.png","C:\Users\BGF\OneDrive\Documents\rkreno\.audit-cache\prompt-1-2\differences\desktop\office-renovation-in-kuala-lumpur\footer.png","1440","774","1440","733","false","266071","1114560","23.872290410565604","38.105546882476794","24","0.5","true"
"/office-renovation-in-kuala-lumpur/","desktop","floating-actions","C:\Users\BGF\OneDrive\Documents\rkreno\.audit-cache\prompt-1-2\source\desktop\office-renovation-in-kuala-lumpur\floating-actions.png","C:\Users\BGF\OneDrive\Documents\rkreno\.audit-cache\prompt-1-2\staging\desktop\office-renovation-in-kuala-lumpur\floating-actions.png","C:\Users\BGF\OneDrive\Documents\rkreno\.audit-cache\prompt-1-2\differences\desktop\office-renovation-in-kuala-lumpur\floating-actions.png","1440","1000","1440","1000","true","482620","1440000","33.51527777777778","53.751246296296294","24","0.5","true"
"/office-renovation-in-kuala-lumpur/","tablet","header-initial","C:\Users\BGF\OneDrive\Documents\rkreno\.audit-cache\prompt-1-2\source\tablet\office-renovation-in-kuala-lumpur\header-initial.png","C:\Users\BGF\OneDrive\Documents\rkreno\.audit-cache\prompt-1-2\staging\tablet\office-renovation-in-kuala-lumpur\header-initial.png","C:\Users\BGF\OneDrive\Documents\rkreno\.audit-cache\prompt-1-2\differences\tablet\office-renovation-in-kuala-lumpur\header-initial.png","768","90","768","90","true","168","69120","0.24305555555555555","0.055357831790123456","24","0.5","true"
"/office-renovation-in-kuala-lumpur/","tablet","header-sticky","C:\Users\BGF\OneDrive\Documents\rkreno\.audit-cache\prompt-1-2\source\tablet\office-renovation-in-kuala-lumpur\header-sticky.png","C:\Users\BGF\OneDrive\Documents\rkreno\.audit-cache\prompt-1-2\staging\tablet\office-renovation-in-kuala-lumpur\header-sticky.png","C:\Users\BGF\OneDrive\Documents\rkreno\.audit-cache\prompt-1-2\differences\tablet\office-renovation-in-kuala-lumpur\header-sticky.png","768","90","768","90","true","168","69120","0.24305555555555555","0.05539641203703704","24","0.5","true"
"/office-renovation-in-kuala-lumpur/","tablet","menu-open","C:\Users\BGF\OneDrive\Documents\rkreno\.audit-cache\prompt-1-2\source\tablet\office-renovation-in-kuala-lumpur\menu-open.png","C:\Users\BGF\OneDrive\Documents\rkreno\.audit-cache\prompt-1-2\staging\tablet\office-renovation-in-kuala-lumpur\menu-open.png","C:\Users\BGF\OneDrive\Documents\rkreno\.audit-cache\prompt-1-2\differences\tablet\office-renovation-in-kuala-lumpur\menu-open.png","768","1024","768","1024","true","139702","786432","17.76402791341146","13.985742357042101","24","0.5","true"
"/office-renovation-in-kuala-lumpur/","tablet","submenu-open","C:\Users\BGF\OneDrive\Documents\rkreno\.audit-cache\prompt-1-2\source\tablet\office-renovation-in-kuala-lumpur\submenu-open.png","C:\Users\BGF\OneDrive\Documents\rkreno\.audit-cache\prompt-1-2\staging\tablet\office-renovation-in-kuala-lumpur\submenu-open.png","C:\Users\BGF\OneDrive\Documents\rkreno\.audit-cache\prompt-1-2\differences\tablet\office-renovation-in-kuala-lumpur\submenu-open.png","768","1024","768","1024","true","159175","786432","20.240147908528648","16.892194959852432","24","0.5","true"
"/office-renovation-in-kuala-lumpur/","tablet","footer","C:\Users\BGF\OneDrive\Documents\rkreno\.audit-cache\prompt-1-2\source\tablet\office-renovation-in-kuala-lumpur\footer.png","C:\Users\BGF\OneDrive\Documents\rkreno\.audit-cache\prompt-1-2\staging\tablet\office-renovation-in-kuala-lumpur\footer.png","C:\Users\BGF\OneDrive\Documents\rkreno\.audit-cache\prompt-1-2\differences\tablet\office-renovation-in-kuala-lumpur\footer.png","768","759","768","1117","false","404289","857856","47.127839637421665","101.78144272853875","24","0.5","true"
"/office-renovation-in-kuala-lumpur/","tablet","floating-actions","C:\Users\BGF\OneDrive\Documents\rkreno\.audit-cache\prompt-1-2\source\tablet\office-renovation-in-kuala-lumpur\floating-actions.png","C:\Users\BGF\OneDrive\Documents\rkreno\.audit-cache\prompt-1-2\staging\tablet\office-renovation-in-kuala-lumpur\floating-actions.png","C:\Users\BGF\OneDrive\Documents\rkreno\.audit-cache\prompt-1-2\differences\tablet\office-renovation-in-kuala-lumpur\floating-actions.png","768","1024","768","1024","true","384640","786432","48.90950520833333","95.75494766235352","24","0.5","true"
"/office-renovation-in-kuala-lumpur/","mobile","header-initial","C:\Users\BGF\OneDrive\Documents\rkreno\.audit-cache\prompt-1-2\source\mobile\office-renovation-in-kuala-lumpur\header-initial.png","C:\Users\BGF\OneDrive\Documents\rkreno\.audit-cache\prompt-1-2\staging\mobile\office-renovation-in-kuala-lumpur\header-initial.png","C:\Users\BGF\OneDrive\Documents\rkreno\.audit-cache\prompt-1-2\differences\mobile\office-renovation-in-kuala-lumpur\header-initial.png","390","90","390","90","true","168","35100","0.47863247863247865","0.10901234567901234","24","0.5","true"
"/office-renovation-in-kuala-lumpur/","mobile","header-sticky","C:\Users\BGF\OneDrive\Documents\rkreno\.audit-cache\prompt-1-2\source\mobile\office-renovation-in-kuala-lumpur\header-sticky.png","C:\Users\BGF\OneDrive\Documents\rkreno\.audit-cache\prompt-1-2\staging\mobile\office-renovation-in-kuala-lumpur\header-sticky.png","C:\Users\BGF\OneDrive\Documents\rkreno\.audit-cache\prompt-1-2\differences\mobile\office-renovation-in-kuala-lumpur\header-sticky.png","390","90","390","90","true","168","35100","0.47863247863247865","0.10908831908831909","24","0.5","true"
"/office-renovation-in-kuala-lumpur/","mobile","menu-open","C:\Users\BGF\OneDrive\Documents\rkreno\.audit-cache\prompt-1-2\source\mobile\office-renovation-in-kuala-lumpur\menu-open.png","C:\Users\BGF\OneDrive\Documents\rkreno\.audit-cache\prompt-1-2\staging\mobile\office-renovation-in-kuala-lumpur\menu-open.png","C:\Users\BGF\OneDrive\Documents\rkreno\.audit-cache\prompt-1-2\differences\mobile\office-renovation-in-kuala-lumpur\menu-open.png","390","844","390","844","true","4374","329160","1.3288370397375138","1.698332118118848","24","0.5","true"
"/office-renovation-in-kuala-lumpur/","mobile","submenu-open","C:\Users\BGF\OneDrive\Documents\rkreno\.audit-cache\prompt-1-2\source\mobile\office-renovation-in-kuala-lumpur\submenu-open.png","C:\Users\BGF\OneDrive\Documents\rkreno\.audit-cache\prompt-1-2\staging\mobile\office-renovation-in-kuala-lumpur\submenu-open.png","C:\Users\BGF\OneDrive\Documents\rkreno\.audit-cache\prompt-1-2\differences\mobile\office-renovation-in-kuala-lumpur\submenu-open.png","390","844","390","844","true","19836","329160","6.0262486328837035","6.921075869891036","24","0.5","true"
"/office-renovation-in-kuala-lumpur/","mobile","footer","C:\Users\BGF\OneDrive\Documents\rkreno\.audit-cache\prompt-1-2\source\mobile\office-renovation-in-kuala-lumpur\footer.png","C:\Users\BGF\OneDrive\Documents\rkreno\.audit-cache\prompt-1-2\staging\mobile\office-renovation-in-kuala-lumpur\footer.png","C:\Users\BGF\OneDrive\Documents\rkreno\.audit-cache\prompt-1-2\differences\mobile\office-renovation-in-kuala-lumpur\footer.png","390","1396","390","1426","false","203926","556140","36.66810515337865","70.85762397957349","24","0.5","true"
"/office-renovation-in-kuala-lumpur/","mobile","floating-actions","C:\Users\BGF\OneDrive\Documents\rkreno\.audit-cache\prompt-1-2\source\mobile\office-renovation-in-kuala-lumpur\floating-actions.png","C:\Users\BGF\OneDrive\Documents\rkreno\.audit-cache\prompt-1-2\staging\mobile\office-renovation-in-kuala-lumpur\floating-actions.png","C:\Users\BGF\OneDrive\Documents\rkreno\.audit-cache\prompt-1-2\differences\mobile\office-renovation-in-kuala-lumpur\floating-actions.png","390","844","390","844","true","61791","329160","18.772329566168427","30.965501073439462","24","0.5","true"
"/waterproofing-contractor-kuala-lumpur/","desktop","header-initial","C:\Users\BGF\OneDrive\Documents\rkreno\.audit-cache\prompt-1-2\source\desktop\waterproofing-contractor-kuala-lumpur\header-initial.png","C:\Users\BGF\OneDrive\Documents\rkreno\.audit-cache\prompt-1-2\staging\desktop\waterproofing-contractor-kuala-lumpur\header-initial.png","C:\Users\BGF\OneDrive\Documents\rkreno\.audit-cache\prompt-1-2\differences\desktop\waterproofing-contractor-kuala-lumpur\header-initial.png","1440","171","1440","171","true","129811","246240","52.71726770630279","107.76706329867879","24","0.5","true"
"/waterproofing-contractor-kuala-lumpur/","desktop","header-sticky","C:\Users\BGF\OneDrive\Documents\rkreno\.audit-cache\prompt-1-2\source\desktop\waterproofing-contractor-kuala-lumpur\header-sticky.png","C:\Users\BGF\OneDrive\Documents\rkreno\.audit-cache\prompt-1-2\staging\desktop\waterproofing-contractor-kuala-lumpur\header-sticky.png","C:\Users\BGF\OneDrive\Documents\rkreno\.audit-cache\prompt-1-2\differences\desktop\waterproofing-contractor-kuala-lumpur\header-sticky.png","1440","100","1440","100","true","28802","144000","20.001388888888886","24.470025462962962","24","0.5","true"
"/waterproofing-contractor-kuala-lumpur/","desktop","dropdown-open","C:\Users\BGF\OneDrive\Documents\rkreno\.audit-cache\prompt-1-2\source\desktop\waterproofing-contractor-kuala-lumpur\dropdown-open.png","C:\Users\BGF\OneDrive\Documents\rkreno\.audit-cache\prompt-1-2\staging\desktop\waterproofing-contractor-kuala-lumpur\dropdown-open.png","C:\Users\BGF\OneDrive\Documents\rkreno\.audit-cache\prompt-1-2\differences\desktop\waterproofing-contractor-kuala-lumpur\dropdown-open.png","339","459","340","458","false","19145","156060","12.267717544534154","15.138478790208895","24","0.5","true"
"/waterproofing-contractor-kuala-lumpur/","desktop","footer","C:\Users\BGF\OneDrive\Documents\rkreno\.audit-cache\prompt-1-2\source\desktop\waterproofing-contractor-kuala-lumpur\footer.png","C:\Users\BGF\OneDrive\Documents\rkreno\.audit-cache\prompt-1-2\staging\desktop\waterproofing-contractor-kuala-lumpur\footer.png","C:\Users\BGF\OneDrive\Documents\rkreno\.audit-cache\prompt-1-2\differences\desktop\waterproofing-contractor-kuala-lumpur\footer.png","1440","774","1440","733","false","267974","1114560","24.04303043353431","38.21893303186908","24","0.5","true"
"/waterproofing-contractor-kuala-lumpur/","desktop","floating-actions","C:\Users\BGF\OneDrive\Documents\rkreno\.audit-cache\prompt-1-2\source\desktop\waterproofing-contractor-kuala-lumpur\floating-actions.png","C:\Users\BGF\OneDrive\Documents\rkreno\.audit-cache\prompt-1-2\staging\desktop\waterproofing-contractor-kuala-lumpur\floating-actions.png","C:\Users\BGF\OneDrive\Documents\rkreno\.audit-cache\prompt-1-2\differences\desktop\waterproofing-contractor-kuala-lumpur\floating-actions.png","1440","1000","1440","1000","true","561715","1440000","39.00798611111111","62.23209675925926","24","0.5","true"
"/waterproofing-contractor-kuala-lumpur/","tablet","header-initial","C:\Users\BGF\OneDrive\Documents\rkreno\.audit-cache\prompt-1-2\source\tablet\waterproofing-contractor-kuala-lumpur\header-initial.png","C:\Users\BGF\OneDrive\Documents\rkreno\.audit-cache\prompt-1-2\staging\tablet\waterproofing-contractor-kuala-lumpur\header-initial.png","C:\Users\BGF\OneDrive\Documents\rkreno\.audit-cache\prompt-1-2\differences\tablet\waterproofing-contractor-kuala-lumpur\header-initial.png","768","90","768","90","true","168","69120","0.24305555555555555","0.055357831790123456","24","0.5","true"
"/waterproofing-contractor-kuala-lumpur/","tablet","header-sticky","C:\Users\BGF\OneDrive\Documents\rkreno\.audit-cache\prompt-1-2\source\tablet\waterproofing-contractor-kuala-lumpur\header-sticky.png","C:\Users\BGF\OneDrive\Documents\rkreno\.audit-cache\prompt-1-2\staging\tablet\waterproofing-contractor-kuala-lumpur\header-sticky.png","C:\Users\BGF\OneDrive\Documents\rkreno\.audit-cache\prompt-1-2\differences\tablet\waterproofing-contractor-kuala-lumpur\header-sticky.png","768","90","768","90","true","168","69120","0.24305555555555555","0.05539641203703704","24","0.5","true"
"/waterproofing-contractor-kuala-lumpur/","tablet","menu-open","C:\Users\BGF\OneDrive\Documents\rkreno\.audit-cache\prompt-1-2\source\tablet\waterproofing-contractor-kuala-lumpur\menu-open.png","C:\Users\BGF\OneDrive\Documents\rkreno\.audit-cache\prompt-1-2\staging\tablet\waterproofing-contractor-kuala-lumpur\menu-open.png","C:\Users\BGF\OneDrive\Documents\rkreno\.audit-cache\prompt-1-2\differences\tablet\waterproofing-contractor-kuala-lumpur\menu-open.png","768","1024","768","1024","true","145938","786432","18.556976318359375","13.54103554619683","24","0.5","true"
"/waterproofing-contractor-kuala-lumpur/","tablet","submenu-open","C:\Users\BGF\OneDrive\Documents\rkreno\.audit-cache\prompt-1-2\source\tablet\waterproofing-contractor-kuala-lumpur\submenu-open.png","C:\Users\BGF\OneDrive\Documents\rkreno\.audit-cache\prompt-1-2\staging\tablet\waterproofing-contractor-kuala-lumpur\submenu-open.png","C:\Users\BGF\OneDrive\Documents\rkreno\.audit-cache\prompt-1-2\differences\tablet\waterproofing-contractor-kuala-lumpur\submenu-open.png","768","1024","768","1024","true","165351","786432","21.025466918945312","16.409630669487846","24","0.5","true"
"/waterproofing-contractor-kuala-lumpur/","tablet","footer","C:\Users\BGF\OneDrive\Documents\rkreno\.audit-cache\prompt-1-2\source\tablet\waterproofing-contractor-kuala-lumpur\footer.png","C:\Users\BGF\OneDrive\Documents\rkreno\.audit-cache\prompt-1-2\staging\tablet\waterproofing-contractor-kuala-lumpur\footer.png","C:\Users\BGF\OneDrive\Documents\rkreno\.audit-cache\prompt-1-2\differences\tablet\waterproofing-contractor-kuala-lumpur\footer.png","768","759","768","1116","false","406047","857088","47.37518201164875","102.40687187313321","24","0.5","true"
"/waterproofing-contractor-kuala-lumpur/","tablet","floating-actions","C:\Users\BGF\OneDrive\Documents\rkreno\.audit-cache\prompt-1-2\source\tablet\waterproofing-contractor-kuala-lumpur\floating-actions.png","C:\Users\BGF\OneDrive\Documents\rkreno\.audit-cache\prompt-1-2\staging\tablet\waterproofing-contractor-kuala-lumpur\floating-actions.png","C:\Users\BGF\OneDrive\Documents\rkreno\.audit-cache\prompt-1-2\differences\tablet\waterproofing-contractor-kuala-lumpur\floating-actions.png","768","1024","768","1024","true","340518","786432","43.299102783203125","88.24104097154405","24","0.5","true"
"/waterproofing-contractor-kuala-lumpur/","mobile","header-initial","C:\Users\BGF\OneDrive\Documents\rkreno\.audit-cache\prompt-1-2\source\mobile\waterproofing-contractor-kuala-lumpur\header-initial.png","C:\Users\BGF\OneDrive\Documents\rkreno\.audit-cache\prompt-1-2\staging\mobile\waterproofing-contractor-kuala-lumpur\header-initial.png","C:\Users\BGF\OneDrive\Documents\rkreno\.audit-cache\prompt-1-2\differences\mobile\waterproofing-contractor-kuala-lumpur\header-initial.png","390","90","390","90","true","168","35100","0.47863247863247865","0.10901234567901234","24","0.5","true"
"/waterproofing-contractor-kuala-lumpur/","mobile","header-sticky","C:\Users\BGF\OneDrive\Documents\rkreno\.audit-cache\prompt-1-2\source\mobile\waterproofing-contractor-kuala-lumpur\header-sticky.png","C:\Users\BGF\OneDrive\Documents\rkreno\.audit-cache\prompt-1-2\staging\mobile\waterproofing-contractor-kuala-lumpur\header-sticky.png","C:\Users\BGF\OneDrive\Documents\rkreno\.audit-cache\prompt-1-2\differences\mobile\waterproofing-contractor-kuala-lumpur\header-sticky.png","390","90","390","90","true","168","35100","0.47863247863247865","0.10908831908831909","24","0.5","true"
"/waterproofing-contractor-kuala-lumpur/","mobile","menu-open","C:\Users\BGF\OneDrive\Documents\rkreno\.audit-cache\prompt-1-2\source\mobile\waterproofing-contractor-kuala-lumpur\menu-open.png","C:\Users\BGF\OneDrive\Documents\rkreno\.audit-cache\prompt-1-2\staging\mobile\waterproofing-contractor-kuala-lumpur\menu-open.png","C:\Users\BGF\OneDrive\Documents\rkreno\.audit-cache\prompt-1-2\differences\mobile\waterproofing-contractor-kuala-lumpur\menu-open.png","390","844","390","844","true","4374","329160","1.3288370397375138","1.6983746506258355","24","0.5","true"
"/waterproofing-contractor-kuala-lumpur/","mobile","submenu-open","C:\Users\BGF\OneDrive\Documents\rkreno\.audit-cache\prompt-1-2\source\mobile\waterproofing-contractor-kuala-lumpur\submenu-open.png","C:\Users\BGF\OneDrive\Documents\rkreno\.audit-cache\prompt-1-2\staging\mobile\waterproofing-contractor-kuala-lumpur\submenu-open.png","C:\Users\BGF\OneDrive\Documents\rkreno\.audit-cache\prompt-1-2\differences\mobile\waterproofing-contractor-kuala-lumpur\submenu-open.png","390","844","390","844","true","19824","329160","6.022602989427634","6.892537570381172","24","0.5","true"
"/waterproofing-contractor-kuala-lumpur/","mobile","footer","C:\Users\BGF\OneDrive\Documents\rkreno\.audit-cache\prompt-1-2\source\mobile\waterproofing-contractor-kuala-lumpur\footer.png","C:\Users\BGF\OneDrive\Documents\rkreno\.audit-cache\prompt-1-2\staging\mobile\waterproofing-contractor-kuala-lumpur\footer.png","C:\Users\BGF\OneDrive\Documents\rkreno\.audit-cache\prompt-1-2\differences\mobile\waterproofing-contractor-kuala-lumpur\footer.png","390","1397","390","1427","false","168578","556530","30.29090974430848","54.16084907072994","24","0.5","true"
"/waterproofing-contractor-kuala-lumpur/","mobile","floating-actions","C:\Users\BGF\OneDrive\Documents\rkreno\.audit-cache\prompt-1-2\source\mobile\waterproofing-contractor-kuala-lumpur\floating-actions.png","C:\Users\BGF\OneDrive\Documents\rkreno\.audit-cache\prompt-1-2\staging\mobile\waterproofing-contractor-kuala-lumpur\floating-actions.png","C:\Users\BGF\OneDrive\Documents\rkreno\.audit-cache\prompt-1-2\differences\mobile\waterproofing-contractor-kuala-lumpur\floating-actions.png","390","844","390","844","true","62697","329160","19.047575647101713","32.4631202657269","24","0.5","true"
"/plaster-ceiling-contractor-kl/","desktop","header-initial","C:\Users\BGF\OneDrive\Documents\rkreno\.audit-cache\prompt-1-2\source\desktop\plaster-ceiling-contractor-kl\header-initial.png","C:\Users\BGF\OneDrive\Documents\rkreno\.audit-cache\prompt-1-2\staging\desktop\plaster-ceiling-contractor-kl\header-initial.png","C:\Users\BGF\OneDrive\Documents\rkreno\.audit-cache\prompt-1-2\differences\desktop\plaster-ceiling-contractor-kl\header-initial.png","1440","171","1440","171","true","129811","246240","52.71726770630279","107.76706329867879","24","0.5","true"
"/plaster-ceiling-contractor-kl/","desktop","header-sticky","C:\Users\BGF\OneDrive\Documents\rkreno\.audit-cache\prompt-1-2\source\desktop\plaster-ceiling-contractor-kl\header-sticky.png","C:\Users\BGF\OneDrive\Documents\rkreno\.audit-cache\prompt-1-2\staging\desktop\plaster-ceiling-contractor-kl\header-sticky.png","C:\Users\BGF\OneDrive\Documents\rkreno\.audit-cache\prompt-1-2\differences\desktop\plaster-ceiling-contractor-kl\header-sticky.png","1440","100","1440","100","true","28802","144000","20.001388888888886","24.470916666666668","24","0.5","true"
"/plaster-ceiling-contractor-kl/","desktop","dropdown-open","C:\Users\BGF\OneDrive\Documents\rkreno\.audit-cache\prompt-1-2\source\desktop\plaster-ceiling-contractor-kl\dropdown-open.png","C:\Users\BGF\OneDrive\Documents\rkreno\.audit-cache\prompt-1-2\staging\desktop\plaster-ceiling-contractor-kl\dropdown-open.png","C:\Users\BGF\OneDrive\Documents\rkreno\.audit-cache\prompt-1-2\differences\desktop\plaster-ceiling-contractor-kl\dropdown-open.png","339","459","340","458","false","19186","156060","12.293989491221327","15.296548336110042","24","0.5","true"
"/plaster-ceiling-contractor-kl/","desktop","footer","C:\Users\BGF\OneDrive\Documents\rkreno\.audit-cache\prompt-1-2\source\desktop\plaster-ceiling-contractor-kl\footer.png","C:\Users\BGF\OneDrive\Documents\rkreno\.audit-cache\prompt-1-2\staging\desktop\plaster-ceiling-contractor-kl\footer.png","C:\Users\BGF\OneDrive\Documents\rkreno\.audit-cache\prompt-1-2\differences\desktop\plaster-ceiling-contractor-kl\footer.png","1440","774","1440","733","false","267167","1114560","23.970625179443008","38.23897352617475","24","0.5","true"
"/plaster-ceiling-contractor-kl/","desktop","floating-actions","C:\Users\BGF\OneDrive\Documents\rkreno\.audit-cache\prompt-1-2\source\desktop\plaster-ceiling-contractor-kl\floating-actions.png","C:\Users\BGF\OneDrive\Documents\rkreno\.audit-cache\prompt-1-2\staging\desktop\plaster-ceiling-contractor-kl\floating-actions.png","C:\Users\BGF\OneDrive\Documents\rkreno\.audit-cache\prompt-1-2\differences\desktop\plaster-ceiling-contractor-kl\floating-actions.png","1440","1000","1440","1000","true","561676","1440000","39.00527777777778","62.24722523148148","24","0.5","true"
"/plaster-ceiling-contractor-kl/","tablet","header-initial","C:\Users\BGF\OneDrive\Documents\rkreno\.audit-cache\prompt-1-2\source\tablet\plaster-ceiling-contractor-kl\header-initial.png","C:\Users\BGF\OneDrive\Documents\rkreno\.audit-cache\prompt-1-2\staging\tablet\plaster-ceiling-contractor-kl\header-initial.png","C:\Users\BGF\OneDrive\Documents\rkreno\.audit-cache\prompt-1-2\differences\tablet\plaster-ceiling-contractor-kl\header-initial.png","768","90","768","90","true","168","69120","0.24305555555555555","0.055357831790123456","24","0.5","true"
"/plaster-ceiling-contractor-kl/","tablet","header-sticky","C:\Users\BGF\OneDrive\Documents\rkreno\.audit-cache\prompt-1-2\source\tablet\plaster-ceiling-contractor-kl\header-sticky.png","C:\Users\BGF\OneDrive\Documents\rkreno\.audit-cache\prompt-1-2\staging\tablet\plaster-ceiling-contractor-kl\header-sticky.png","C:\Users\BGF\OneDrive\Documents\rkreno\.audit-cache\prompt-1-2\differences\tablet\plaster-ceiling-contractor-kl\header-sticky.png","768","90","768","90","true","168","69120","0.24305555555555555","0.05539641203703704","24","0.5","true"
"/plaster-ceiling-contractor-kl/","tablet","menu-open","C:\Users\BGF\OneDrive\Documents\rkreno\.audit-cache\prompt-1-2\source\tablet\plaster-ceiling-contractor-kl\menu-open.png","C:\Users\BGF\OneDrive\Documents\rkreno\.audit-cache\prompt-1-2\staging\tablet\plaster-ceiling-contractor-kl\menu-open.png","C:\Users\BGF\OneDrive\Documents\rkreno\.audit-cache\prompt-1-2\differences\tablet\plaster-ceiling-contractor-kl\menu-open.png","768","1024","768","1024","true","123695","786432","15.728632609049479","12.383588155110678","24","0.5","true"
"/plaster-ceiling-contractor-kl/","tablet","submenu-open","C:\Users\BGF\OneDrive\Documents\rkreno\.audit-cache\prompt-1-2\source\tablet\plaster-ceiling-contractor-kl\submenu-open.png","C:\Users\BGF\OneDrive\Documents\rkreno\.audit-cache\prompt-1-2\staging\tablet\plaster-ceiling-contractor-kl\submenu-open.png","C:\Users\BGF\OneDrive\Documents\rkreno\.audit-cache\prompt-1-2\differences\tablet\plaster-ceiling-contractor-kl\submenu-open.png","768","1024","768","1024","true","143191","786432","18.207677205403648","15.297586652967665","24","0.5","true"
"/plaster-ceiling-contractor-kl/","tablet","footer","C:\Users\BGF\OneDrive\Documents\rkreno\.audit-cache\prompt-1-2\source\tablet\plaster-ceiling-contractor-kl\footer.png","C:\Users\BGF\OneDrive\Documents\rkreno\.audit-cache\prompt-1-2\staging\tablet\plaster-ceiling-contractor-kl\footer.png","C:\Users\BGF\OneDrive\Documents\rkreno\.audit-cache\prompt-1-2\differences\tablet\plaster-ceiling-contractor-kl\footer.png","768","759","768","1117","false","405763","857856","47.29966334676216","102.24731695451607","24","0.5","true"
"/plaster-ceiling-contractor-kl/","tablet","floating-actions","C:\Users\BGF\OneDrive\Documents\rkreno\.audit-cache\prompt-1-2\source\tablet\plaster-ceiling-contractor-kl\floating-actions.png","C:\Users\BGF\OneDrive\Documents\rkreno\.audit-cache\prompt-1-2\staging\tablet\plaster-ceiling-contractor-kl\floating-actions.png","C:\Users\BGF\OneDrive\Documents\rkreno\.audit-cache\prompt-1-2\differences\tablet\plaster-ceiling-contractor-kl\floating-actions.png","768","1024","768","1024","true","340535","786432","43.301264444986984","88.2578493754069","24","0.5","true"
"/plaster-ceiling-contractor-kl/","mobile","header-initial","C:\Users\BGF\OneDrive\Documents\rkreno\.audit-cache\prompt-1-2\source\mobile\plaster-ceiling-contractor-kl\header-initial.png","C:\Users\BGF\OneDrive\Documents\rkreno\.audit-cache\prompt-1-2\staging\mobile\plaster-ceiling-contractor-kl\header-initial.png","C:\Users\BGF\OneDrive\Documents\rkreno\.audit-cache\prompt-1-2\differences\mobile\plaster-ceiling-contractor-kl\header-initial.png","390","90","390","90","true","168","35100","0.47863247863247865","0.10901234567901234","24","0.5","true"
"/plaster-ceiling-contractor-kl/","mobile","header-sticky","C:\Users\BGF\OneDrive\Documents\rkreno\.audit-cache\prompt-1-2\source\mobile\plaster-ceiling-contractor-kl\header-sticky.png","C:\Users\BGF\OneDrive\Documents\rkreno\.audit-cache\prompt-1-2\staging\mobile\plaster-ceiling-contractor-kl\header-sticky.png","C:\Users\BGF\OneDrive\Documents\rkreno\.audit-cache\prompt-1-2\differences\mobile\plaster-ceiling-contractor-kl\header-sticky.png","390","90","390","90","true","168","35100","0.47863247863247865","0.10908831908831909","24","0.5","true"
"/plaster-ceiling-contractor-kl/","mobile","menu-open","C:\Users\BGF\OneDrive\Documents\rkreno\.audit-cache\prompt-1-2\source\mobile\plaster-ceiling-contractor-kl\menu-open.png","C:\Users\BGF\OneDrive\Documents\rkreno\.audit-cache\prompt-1-2\staging\mobile\plaster-ceiling-contractor-kl\menu-open.png","C:\Users\BGF\OneDrive\Documents\rkreno\.audit-cache\prompt-1-2\differences\mobile\plaster-ceiling-contractor-kl\menu-open.png","390","844","390","844","true","4374","329160","1.3288370397375138","1.6983746506258355","24","0.5","true"
"/plaster-ceiling-contractor-kl/","mobile","submenu-open","C:\Users\BGF\OneDrive\Documents\rkreno\.audit-cache\prompt-1-2\source\mobile\plaster-ceiling-contractor-kl\submenu-open.png","C:\Users\BGF\OneDrive\Documents\rkreno\.audit-cache\prompt-1-2\staging\mobile\plaster-ceiling-contractor-kl\submenu-open.png","C:\Users\BGF\OneDrive\Documents\rkreno\.audit-cache\prompt-1-2\differences\mobile\plaster-ceiling-contractor-kl\submenu-open.png","390","844","390","844","true","19869","329160","6.036274152387897","6.948710859966784","24","0.5","true"
"/plaster-ceiling-contractor-kl/","mobile","footer","C:\Users\BGF\OneDrive\Documents\rkreno\.audit-cache\prompt-1-2\source\mobile\plaster-ceiling-contractor-kl\footer.png","C:\Users\BGF\OneDrive\Documents\rkreno\.audit-cache\prompt-1-2\staging\mobile\plaster-ceiling-contractor-kl\footer.png","C:\Users\BGF\OneDrive\Documents\rkreno\.audit-cache\prompt-1-2\differences\mobile\plaster-ceiling-contractor-kl\footer.png","390","1397","390","1427","false","168606","556530","30.295940919626972","54.166019202319134","24","0.5","true"
"/plaster-ceiling-contractor-kl/","mobile","floating-actions","C:\Users\BGF\OneDrive\Documents\rkreno\.audit-cache\prompt-1-2\source\mobile\plaster-ceiling-contractor-kl\floating-actions.png","C:\Users\BGF\OneDrive\Documents\rkreno\.audit-cache\prompt-1-2\staging\mobile\plaster-ceiling-contractor-kl\floating-actions.png","C:\Users\BGF\OneDrive\Documents\rkreno\.audit-cache\prompt-1-2\differences\mobile\plaster-ceiling-contractor-kl\floating-actions.png","390","844","390","844","true","62697","329160","19.047575647101713","32.463188115202335","24","0.5","true"
"/faq/","desktop","header-initial","C:\Users\BGF\OneDrive\Documents\rkreno\.audit-cache\prompt-1-2\source\desktop\faq\header-initial.png","C:\Users\BGF\OneDrive\Documents\rkreno\.audit-cache\prompt-1-2\staging\desktop\faq\header-initial.png","C:\Users\BGF\OneDrive\Documents\rkreno\.audit-cache\prompt-1-2\differences\desktop\faq\header-initial.png","1440","171","1440","171","true","129826","246240","52.72335932423652","107.85633257526533","24","0.5","true"
"/faq/","desktop","header-sticky","C:\Users\BGF\OneDrive\Documents\rkreno\.audit-cache\prompt-1-2\source\desktop\faq\header-sticky.png","C:\Users\BGF\OneDrive\Documents\rkreno\.audit-cache\prompt-1-2\staging\desktop\faq\header-sticky.png","C:\Users\BGF\OneDrive\Documents\rkreno\.audit-cache\prompt-1-2\differences\desktop\faq\header-sticky.png","1440","100","1440","100","true","28790","144000","19.993055555555557","24.687453703703703","24","0.5","true"
"/faq/","desktop","dropdown-open","C:\Users\BGF\OneDrive\Documents\rkreno\.audit-cache\prompt-1-2\source\desktop\faq\dropdown-open.png","C:\Users\BGF\OneDrive\Documents\rkreno\.audit-cache\prompt-1-2\staging\desktop\faq\dropdown-open.png","C:\Users\BGF\OneDrive\Documents\rkreno\.audit-cache\prompt-1-2\differences\desktop\faq\dropdown-open.png","339","459","340","458","false","19266","156060","12.345251826220684","15.7240591225597","24","0.5","true"
"/faq/","desktop","footer","C:\Users\BGF\OneDrive\Documents\rkreno\.audit-cache\prompt-1-2\source\desktop\faq\footer.png","C:\Users\BGF\OneDrive\Documents\rkreno\.audit-cache\prompt-1-2\staging\desktop\faq\footer.png","C:\Users\BGF\OneDrive\Documents\rkreno\.audit-cache\prompt-1-2\differences\desktop\faq\footer.png","1440","774","1440","732","false","266874","1114560","23.944336778639105","38.003608000765624","24","0.5","true"
"/faq/","desktop","floating-actions","C:\Users\BGF\OneDrive\Documents\rkreno\.audit-cache\prompt-1-2\source\desktop\faq\floating-actions.png","C:\Users\BGF\OneDrive\Documents\rkreno\.audit-cache\prompt-1-2\staging\desktop\faq\floating-actions.png","C:\Users\BGF\OneDrive\Documents\rkreno\.audit-cache\prompt-1-2\differences\desktop\faq\floating-actions.png","1440","1000","1440","1000","true","562527","1440000","39.064375","61.89201273148148","24","0.5","true"
"/faq/","tablet","header-initial","C:\Users\BGF\OneDrive\Documents\rkreno\.audit-cache\prompt-1-2\source\tablet\faq\header-initial.png","C:\Users\BGF\OneDrive\Documents\rkreno\.audit-cache\prompt-1-2\staging\tablet\faq\header-initial.png","C:\Users\BGF\OneDrive\Documents\rkreno\.audit-cache\prompt-1-2\differences\tablet\faq\header-initial.png","768","90","768","90","true","168","69120","0.24305555555555555","0.055357831790123456","24","0.5","true"
"/faq/","tablet","header-sticky","C:\Users\BGF\OneDrive\Documents\rkreno\.audit-cache\prompt-1-2\source\tablet\faq\header-sticky.png","C:\Users\BGF\OneDrive\Documents\rkreno\.audit-cache\prompt-1-2\staging\tablet\faq\header-sticky.png","C:\Users\BGF\OneDrive\Documents\rkreno\.audit-cache\prompt-1-2\differences\tablet\faq\header-sticky.png","768","90","768","90","true","168","69120","0.24305555555555555","0.05539641203703704","24","0.5","true"
"/faq/","tablet","menu-open","C:\Users\BGF\OneDrive\Documents\rkreno\.audit-cache\prompt-1-2\source\tablet\faq\menu-open.png","C:\Users\BGF\OneDrive\Documents\rkreno\.audit-cache\prompt-1-2\staging\tablet\faq\menu-open.png","C:\Users\BGF\OneDrive\Documents\rkreno\.audit-cache\prompt-1-2\differences\tablet\faq\menu-open.png","768","1024","768","1024","true","74941","786432","9.52924092610677","6.627820756700304","24","0.5","true"
"/faq/","tablet","submenu-open","C:\Users\BGF\OneDrive\Documents\rkreno\.audit-cache\prompt-1-2\source\tablet\faq\submenu-open.png","C:\Users\BGF\OneDrive\Documents\rkreno\.audit-cache\prompt-1-2\staging\tablet\faq\submenu-open.png","C:\Users\BGF\OneDrive\Documents\rkreno\.audit-cache\prompt-1-2\differences\tablet\faq\submenu-open.png","768","1024","768","1024","true","94569","786432","12.025070190429688","9.63004599677192","24","0.5","true"
"/faq/","tablet","footer","C:\Users\BGF\OneDrive\Documents\rkreno\.audit-cache\prompt-1-2\source\tablet\faq\footer.png","C:\Users\BGF\OneDrive\Documents\rkreno\.audit-cache\prompt-1-2\staging\tablet\faq\footer.png","C:\Users\BGF\OneDrive\Documents\rkreno\.audit-cache\prompt-1-2\differences\tablet\faq\footer.png","768","759","768","1117","false","406554","857856","47.391869964189794","102.28604179100766","24","0.5","true"
"/faq/","tablet","floating-actions","C:\Users\BGF\OneDrive\Documents\rkreno\.audit-cache\prompt-1-2\source\tablet\faq\floating-actions.png","C:\Users\BGF\OneDrive\Documents\rkreno\.audit-cache\prompt-1-2\staging\tablet\faq\floating-actions.png","C:\Users\BGF\OneDrive\Documents\rkreno\.audit-cache\prompt-1-2\differences\tablet\faq\floating-actions.png","768","1024","768","1024","true","375676","786432","47.76967366536458","92.15874269273546","24","0.5","true"
"/faq/","mobile","header-initial","C:\Users\BGF\OneDrive\Documents\rkreno\.audit-cache\prompt-1-2\source\mobile\faq\header-initial.png","C:\Users\BGF\OneDrive\Documents\rkreno\.audit-cache\prompt-1-2\staging\mobile\faq\header-initial.png","C:\Users\BGF\OneDrive\Documents\rkreno\.audit-cache\prompt-1-2\differences\mobile\faq\header-initial.png","390","90","390","90","true","168","35100","0.47863247863247865","0.10901234567901234","24","0.5","true"
"/faq/","mobile","header-sticky","C:\Users\BGF\OneDrive\Documents\rkreno\.audit-cache\prompt-1-2\source\mobile\faq\header-sticky.png","C:\Users\BGF\OneDrive\Documents\rkreno\.audit-cache\prompt-1-2\staging\mobile\faq\header-sticky.png","C:\Users\BGF\OneDrive\Documents\rkreno\.audit-cache\prompt-1-2\differences\mobile\faq\header-sticky.png","390","90","390","90","true","168","35100","0.47863247863247865","0.10908831908831909","24","0.5","true"
"/faq/","mobile","menu-open","C:\Users\BGF\OneDrive\Documents\rkreno\.audit-cache\prompt-1-2\source\mobile\faq\menu-open.png","C:\Users\BGF\OneDrive\Documents\rkreno\.audit-cache\prompt-1-2\staging\mobile\faq\menu-open.png","C:\Users\BGF\OneDrive\Documents\rkreno\.audit-cache\prompt-1-2\differences\mobile\faq\menu-open.png","390","844","390","844","true","4354","329160","1.3227609673107303","1.7186120225219752","24","0.5","true"
"/faq/","mobile","submenu-open","C:\Users\BGF\OneDrive\Documents\rkreno\.audit-cache\prompt-1-2\source\mobile\faq\submenu-open.png","C:\Users\BGF\OneDrive\Documents\rkreno\.audit-cache\prompt-1-2\staging\mobile\faq\submenu-open.png","C:\Users\BGF\OneDrive\Documents\rkreno\.audit-cache\prompt-1-2\differences\mobile\faq\submenu-open.png","390","844","390","844","true","19935","329160","6.056325191396281","7.143083404220845","24","0.5","true"
"/faq/","mobile","footer","C:\Users\BGF\OneDrive\Documents\rkreno\.audit-cache\prompt-1-2\source\mobile\faq\footer.png","C:\Users\BGF\OneDrive\Documents\rkreno\.audit-cache\prompt-1-2\staging\mobile\faq\footer.png","C:\Users\BGF\OneDrive\Documents\rkreno\.audit-cache\prompt-1-2\differences\mobile\faq\footer.png","390","1397","390","1426","false","169576","556140","30.49160283381882","54.75377662698841","24","0.5","true"
"/faq/","mobile","floating-actions","C:\Users\BGF\OneDrive\Documents\rkreno\.audit-cache\prompt-1-2\source\mobile\faq\floating-actions.png","C:\Users\BGF\OneDrive\Documents\rkreno\.audit-cache\prompt-1-2\staging\mobile\faq\floating-actions.png","C:\Users\BGF\OneDrive\Documents\rkreno\.audit-cache\prompt-1-2\differences\mobile\faq\floating-actions.png","390","844","390","844","true","62748","329160","19.06306963179001","32.44942884919188","24","0.5","true"
"/blog/","desktop","header-initial","C:\Users\BGF\OneDrive\Documents\rkreno\.audit-cache\prompt-1-2\source\desktop\blog\header-initial.png","C:\Users\BGF\OneDrive\Documents\rkreno\.audit-cache\prompt-1-2\staging\desktop\blog\header-initial.png","C:\Users\BGF\OneDrive\Documents\rkreno\.audit-cache\prompt-1-2\differences\desktop\blog\header-initial.png","1440","171","1440","171","true","129747","246240","52.69127680311891","107.73558452458306","24","0.5","true"
"/blog/","desktop","header-sticky","C:\Users\BGF\OneDrive\Documents\rkreno\.audit-cache\prompt-1-2\source\desktop\blog\header-sticky.png","C:\Users\BGF\OneDrive\Documents\rkreno\.audit-cache\prompt-1-2\staging\desktop\blog\header-sticky.png","C:\Users\BGF\OneDrive\Documents\rkreno\.audit-cache\prompt-1-2\differences\desktop\blog\header-sticky.png","1440","100","1440","100","true","28730","144000","19.95138888888889","24.488854166666666","24","0.5","true"
"/blog/","desktop","dropdown-open","C:\Users\BGF\OneDrive\Documents\rkreno\.audit-cache\prompt-1-2\source\desktop\blog\dropdown-open.png","C:\Users\BGF\OneDrive\Documents\rkreno\.audit-cache\prompt-1-2\staging\desktop\blog\dropdown-open.png","C:\Users\BGF\OneDrive\Documents\rkreno\.audit-cache\prompt-1-2\differences\desktop\blog\dropdown-open.png","339","459","340","458","false","19311","156060","12.374086889657825","15.736567132299543","24","0.5","true"
"/blog/","desktop","footer","C:\Users\BGF\OneDrive\Documents\rkreno\.audit-cache\prompt-1-2\source\desktop\blog\footer.png","C:\Users\BGF\OneDrive\Documents\rkreno\.audit-cache\prompt-1-2\staging\desktop\blog\footer.png","C:\Users\BGF\OneDrive\Documents\rkreno\.audit-cache\prompt-1-2\differences\desktop\blog\footer.png","1440","774","1440","733","false","266309","1114560","23.89364412862475","37.3649831921715","24","0.5","true"
"/blog/","desktop","floating-actions","C:\Users\BGF\OneDrive\Documents\rkreno\.audit-cache\prompt-1-2\source\desktop\blog\floating-actions.png","C:\Users\BGF\OneDrive\Documents\rkreno\.audit-cache\prompt-1-2\staging\desktop\blog\floating-actions.png","C:\Users\BGF\OneDrive\Documents\rkreno\.audit-cache\prompt-1-2\differences\desktop\blog\floating-actions.png","1440","1000","1440","1000","true","344630","1440000","23.93263888888889","35.991059953703704","24","0.5","true"
"/blog/","tablet","header-initial","C:\Users\BGF\OneDrive\Documents\rkreno\.audit-cache\prompt-1-2\source\tablet\blog\header-initial.png","C:\Users\BGF\OneDrive\Documents\rkreno\.audit-cache\prompt-1-2\staging\tablet\blog\header-initial.png","C:\Users\BGF\OneDrive\Documents\rkreno\.audit-cache\prompt-1-2\differences\tablet\blog\header-initial.png","768","90","768","90","true","168","69120","0.24305555555555555","0.055357831790123456","24","0.5","true"
"/blog/","tablet","header-sticky","C:\Users\BGF\OneDrive\Documents\rkreno\.audit-cache\prompt-1-2\source\tablet\blog\header-sticky.png","C:\Users\BGF\OneDrive\Documents\rkreno\.audit-cache\prompt-1-2\staging\tablet\blog\header-sticky.png","C:\Users\BGF\OneDrive\Documents\rkreno\.audit-cache\prompt-1-2\differences\tablet\blog\header-sticky.png","768","90","768","90","true","168","69120","0.24305555555555555","0.05539641203703704","24","0.5","true"
"/blog/","tablet","menu-open","C:\Users\BGF\OneDrive\Documents\rkreno\.audit-cache\prompt-1-2\source\tablet\blog\menu-open.png","C:\Users\BGF\OneDrive\Documents\rkreno\.audit-cache\prompt-1-2\staging\tablet\blog\menu-open.png","C:\Users\BGF\OneDrive\Documents\rkreno\.audit-cache\prompt-1-2\differences\tablet\blog\menu-open.png","768","1024","768","1024","true","92311","786432","11.737950642903645","8.781361050075954","24","0.5","true"
"/blog/","tablet","submenu-open","C:\Users\BGF\OneDrive\Documents\rkreno\.audit-cache\prompt-1-2\source\tablet\blog\submenu-open.png","C:\Users\BGF\OneDrive\Documents\rkreno\.audit-cache\prompt-1-2\staging\tablet\blog\submenu-open.png","C:\Users\BGF\OneDrive\Documents\rkreno\.audit-cache\prompt-1-2\differences\tablet\blog\submenu-open.png","768","1024","768","1024","true","111993","786432","14.240646362304688","11.768379635281033","24","0.5","true"
"/blog/","tablet","footer","C:\Users\BGF\OneDrive\Documents\rkreno\.audit-cache\prompt-1-2\source\tablet\blog\footer.png","C:\Users\BGF\OneDrive\Documents\rkreno\.audit-cache\prompt-1-2\staging\tablet\blog\footer.png","C:\Users\BGF\OneDrive\Documents\rkreno\.audit-cache\prompt-1-2\differences\tablet\blog\footer.png","768","759","768","1117","false","407216","857856","47.46903909280812","102.65084155538148","24","0.5","true"
"/blog/","tablet","floating-actions","C:\Users\BGF\OneDrive\Documents\rkreno\.audit-cache\prompt-1-2\source\tablet\blog\floating-actions.png","C:\Users\BGF\OneDrive\Documents\rkreno\.audit-cache\prompt-1-2\staging\tablet\blog\floating-actions.png","C:\Users\BGF\OneDrive\Documents\rkreno\.audit-cache\prompt-1-2\differences\tablet\blog\floating-actions.png","768","1024","768","1024","true","345861","786432","43.97850036621094","88.97571902804904","24","0.5","true"
"/blog/","mobile","header-initial","C:\Users\BGF\OneDrive\Documents\rkreno\.audit-cache\prompt-1-2\source\mobile\blog\header-initial.png","C:\Users\BGF\OneDrive\Documents\rkreno\.audit-cache\prompt-1-2\staging\mobile\blog\header-initial.png","C:\Users\BGF\OneDrive\Documents\rkreno\.audit-cache\prompt-1-2\differences\mobile\blog\header-initial.png","390","90","390","90","true","168","35100","0.47863247863247865","0.10901234567901234","24","0.5","true"
"/blog/","mobile","header-sticky","C:\Users\BGF\OneDrive\Documents\rkreno\.audit-cache\prompt-1-2\source\mobile\blog\header-sticky.png","C:\Users\BGF\OneDrive\Documents\rkreno\.audit-cache\prompt-1-2\staging\mobile\blog\header-sticky.png","C:\Users\BGF\OneDrive\Documents\rkreno\.audit-cache\prompt-1-2\differences\mobile\blog\header-sticky.png","390","90","390","90","true","168","35100","0.47863247863247865","0.10908831908831909","24","0.5","true"
"/blog/","mobile","menu-open","C:\Users\BGF\OneDrive\Documents\rkreno\.audit-cache\prompt-1-2\source\mobile\blog\menu-open.png","C:\Users\BGF\OneDrive\Documents\rkreno\.audit-cache\prompt-1-2\staging\mobile\blog\menu-open.png","C:\Users\BGF\OneDrive\Documents\rkreno\.audit-cache\prompt-1-2\differences\mobile\blog\menu-open.png","390","844","390","844","true","4311","329160","1.3096974115931461","1.6754111475675457","24","0.5","true"
"/blog/","mobile","submenu-open","C:\Users\BGF\OneDrive\Documents\rkreno\.audit-cache\prompt-1-2\source\mobile\blog\submenu-open.png","C:\Users\BGF\OneDrive\Documents\rkreno\.audit-cache\prompt-1-2\staging\mobile\blog\submenu-open.png","C:\Users\BGF\OneDrive\Documents\rkreno\.audit-cache\prompt-1-2\differences\mobile\blog\submenu-open.png","390","844","390","844","true","19887","329160","6.041742617572001","7.096204480090736","24","0.5","true"
"/blog/","mobile","footer","C:\Users\BGF\OneDrive\Documents\rkreno\.audit-cache\prompt-1-2\source\mobile\blog\footer.png","C:\Users\BGF\OneDrive\Documents\rkreno\.audit-cache\prompt-1-2\staging\mobile\blog\footer.png","C:\Users\BGF\OneDrive\Documents\rkreno\.audit-cache\prompt-1-2\differences\mobile\blog\footer.png","390","1397","390","1427","false","169229","556530","30.407884570463406","54.55122874478165","24","0.5","true"
"/blog/","mobile","floating-actions","C:\Users\BGF\OneDrive\Documents\rkreno\.audit-cache\prompt-1-2\source\mobile\blog\floating-actions.png","C:\Users\BGF\OneDrive\Documents\rkreno\.audit-cache\prompt-1-2\staging\mobile\blog\floating-actions.png","C:\Users\BGF\OneDrive\Documents\rkreno\.audit-cache\prompt-1-2\differences\mobile\blog\floating-actions.png","390","844","390","844","true","62481","329160","18.981954064892452","32.300912423542755","24","0.5","true"
"/commercial-retail-shop-renovation-in-kuala-lumpur/","desktop","header-initial","C:\Users\BGF\OneDrive\Documents\rkreno\.audit-cache\prompt-1-2\source\desktop\commercial-retail-shop-renovation-in-kuala-lumpur\header-initial.png","C:\Users\BGF\OneDrive\Documents\rkreno\.audit-cache\prompt-1-2\staging\desktop\commercial-retail-shop-renovation-in-kuala-lumpur\header-initial.png","C:\Users\BGF\OneDrive\Documents\rkreno\.audit-cache\prompt-1-2\differences\desktop\commercial-retail-shop-renovation-in-kuala-lumpur\header-initial.png","1440","171","1440","171","true","129826","246240","52.72335932423652","107.85323667966212","24","0.5","true"
"/commercial-retail-shop-renovation-in-kuala-lumpur/","desktop","header-sticky","C:\Users\BGF\OneDrive\Documents\rkreno\.audit-cache\prompt-1-2\source\desktop\commercial-retail-shop-renovation-in-kuala-lumpur\header-sticky.png","C:\Users\BGF\OneDrive\Documents\rkreno\.audit-cache\prompt-1-2\staging\desktop\commercial-retail-shop-renovation-in-kuala-lumpur\header-sticky.png","C:\Users\BGF\OneDrive\Documents\rkreno\.audit-cache\prompt-1-2\differences\desktop\commercial-retail-shop-renovation-in-kuala-lumpur\header-sticky.png","1440","100","1440","100","true","28790","144000","19.993055555555557","24.687453703703703","24","0.5","true"
"/commercial-retail-shop-renovation-in-kuala-lumpur/","desktop","dropdown-open","C:\Users\BGF\OneDrive\Documents\rkreno\.audit-cache\prompt-1-2\source\desktop\commercial-retail-shop-renovation-in-kuala-lumpur\dropdown-open.png","C:\Users\BGF\OneDrive\Documents\rkreno\.audit-cache\prompt-1-2\staging\desktop\commercial-retail-shop-renovation-in-kuala-lumpur\dropdown-open.png","C:\Users\BGF\OneDrive\Documents\rkreno\.audit-cache\prompt-1-2\differences\desktop\commercial-retail-shop-renovation-in-kuala-lumpur\dropdown-open.png","339","459","340","458","false","18683","156060","11.971677559912854","15.451260199068734","24","0.5","true"
"/commercial-retail-shop-renovation-in-kuala-lumpur/","desktop","footer","C:\Users\BGF\OneDrive\Documents\rkreno\.audit-cache\prompt-1-2\source\desktop\commercial-retail-shop-renovation-in-kuala-lumpur\footer.png","C:\Users\BGF\OneDrive\Documents\rkreno\.audit-cache\prompt-1-2\staging\desktop\commercial-retail-shop-renovation-in-kuala-lumpur\footer.png","C:\Users\BGF\OneDrive\Documents\rkreno\.audit-cache\prompt-1-2\differences\desktop\commercial-retail-shop-renovation-in-kuala-lumpur\footer.png","1440","774","1440","733","false","267097","1114560","23.964344674131496","37.88285601492966","24","0.5","true"
"/commercial-retail-shop-renovation-in-kuala-lumpur/","desktop","floating-actions","C:\Users\BGF\OneDrive\Documents\rkreno\.audit-cache\prompt-1-2\source\desktop\commercial-retail-shop-renovation-in-kuala-lumpur\floating-actions.png","C:\Users\BGF\OneDrive\Documents\rkreno\.audit-cache\prompt-1-2\staging\desktop\commercial-retail-shop-renovation-in-kuala-lumpur\floating-actions.png","C:\Users\BGF\OneDrive\Documents\rkreno\.audit-cache\prompt-1-2\differences\desktop\commercial-retail-shop-renovation-in-kuala-lumpur\floating-actions.png","1440","1000","1440","1000","true","347718","1440000","24.147083333333335","36.23156481481482","24","0.5","true"
"/commercial-retail-shop-renovation-in-kuala-lumpur/","tablet","header-initial","C:\Users\BGF\OneDrive\Documents\rkreno\.audit-cache\prompt-1-2\source\tablet\commercial-retail-shop-renovation-in-kuala-lumpur\header-initial.png","C:\Users\BGF\OneDrive\Documents\rkreno\.audit-cache\prompt-1-2\staging\tablet\commercial-retail-shop-renovation-in-kuala-lumpur\header-initial.png","C:\Users\BGF\OneDrive\Documents\rkreno\.audit-cache\prompt-1-2\differences\tablet\commercial-retail-shop-renovation-in-kuala-lumpur\header-initial.png","768","90","768","90","true","168","69120","0.24305555555555555","0.055357831790123456","24","0.5","true"
"/commercial-retail-shop-renovation-in-kuala-lumpur/","tablet","header-sticky","C:\Users\BGF\OneDrive\Documents\rkreno\.audit-cache\prompt-1-2\source\tablet\commercial-retail-shop-renovation-in-kuala-lumpur\header-sticky.png","C:\Users\BGF\OneDrive\Documents\rkreno\.audit-cache\prompt-1-2\staging\tablet\commercial-retail-shop-renovation-in-kuala-lumpur\header-sticky.png","C:\Users\BGF\OneDrive\Documents\rkreno\.audit-cache\prompt-1-2\differences\tablet\commercial-retail-shop-renovation-in-kuala-lumpur\header-sticky.png","768","90","768","90","true","168","69120","0.24305555555555555","0.05539641203703704","24","0.5","true"
"/commercial-retail-shop-renovation-in-kuala-lumpur/","tablet","menu-open","C:\Users\BGF\OneDrive\Documents\rkreno\.audit-cache\prompt-1-2\source\tablet\commercial-retail-shop-renovation-in-kuala-lumpur\menu-open.png","C:\Users\BGF\OneDrive\Documents\rkreno\.audit-cache\prompt-1-2\staging\tablet\commercial-retail-shop-renovation-in-kuala-lumpur\menu-open.png","C:\Users\BGF\OneDrive\Documents\rkreno\.audit-cache\prompt-1-2\differences\tablet\commercial-retail-shop-renovation-in-kuala-lumpur\menu-open.png","768","1024","768","1024","true","94111","786432","11.966832478841145","7.1581399705674915","24","0.5","true"
"/commercial-retail-shop-renovation-in-kuala-lumpur/","tablet","submenu-open","C:\Users\BGF\OneDrive\Documents\rkreno\.audit-cache\prompt-1-2\source\tablet\commercial-retail-shop-renovation-in-kuala-lumpur\submenu-open.png","C:\Users\BGF\OneDrive\Documents\rkreno\.audit-cache\prompt-1-2\staging\tablet\commercial-retail-shop-renovation-in-kuala-lumpur\submenu-open.png","C:\Users\BGF\OneDrive\Documents\rkreno\.audit-cache\prompt-1-2\differences\tablet\commercial-retail-shop-renovation-in-kuala-lumpur\submenu-open.png","768","1024","768","1024","true","113741","786432","14.462916056315104","10.160235934787327","24","0.5","true"
"/commercial-retail-shop-renovation-in-kuala-lumpur/","tablet","footer","C:\Users\BGF\OneDrive\Documents\rkreno\.audit-cache\prompt-1-2\source\tablet\commercial-retail-shop-renovation-in-kuala-lumpur\footer.png","C:\Users\BGF\OneDrive\Documents\rkreno\.audit-cache\prompt-1-2\staging\tablet\commercial-retail-shop-renovation-in-kuala-lumpur\footer.png","C:\Users\BGF\OneDrive\Documents\rkreno\.audit-cache\prompt-1-2\differences\tablet\commercial-retail-shop-renovation-in-kuala-lumpur\footer.png","768","759","768","1117","false","405773","857856","47.30082904356908","102.18924971090719","24","0.5","true"
"/commercial-retail-shop-renovation-in-kuala-lumpur/","tablet","floating-actions","C:\Users\BGF\OneDrive\Documents\rkreno\.audit-cache\prompt-1-2\source\tablet\commercial-retail-shop-renovation-in-kuala-lumpur\floating-actions.png","C:\Users\BGF\OneDrive\Documents\rkreno\.audit-cache\prompt-1-2\staging\tablet\commercial-retail-shop-renovation-in-kuala-lumpur\floating-actions.png","C:\Users\BGF\OneDrive\Documents\rkreno\.audit-cache\prompt-1-2\differences\tablet\commercial-retail-shop-renovation-in-kuala-lumpur\floating-actions.png","768","1024","768","1024","true","343929","786432","43.73283386230469","88.74742084079318","24","0.5","true"
"/commercial-retail-shop-renovation-in-kuala-lumpur/","mobile","header-initial","C:\Users\BGF\OneDrive\Documents\rkreno\.audit-cache\prompt-1-2\source\mobile\commercial-retail-shop-renovation-in-kuala-lumpur\header-initial.png","C:\Users\BGF\OneDrive\Documents\rkreno\.audit-cache\prompt-1-2\staging\mobile\commercial-retail-shop-renovation-in-kuala-lumpur\header-initial.png","C:\Users\BGF\OneDrive\Documents\rkreno\.audit-cache\prompt-1-2\differences\mobile\commercial-retail-shop-renovation-in-kuala-lumpur\header-initial.png","390","90","390","90","true","168","35100","0.47863247863247865","0.10901234567901234","24","0.5","true"
"/commercial-retail-shop-renovation-in-kuala-lumpur/","mobile","header-sticky","C:\Users\BGF\OneDrive\Documents\rkreno\.audit-cache\prompt-1-2\source\mobile\commercial-retail-shop-renovation-in-kuala-lumpur\header-sticky.png","C:\Users\BGF\OneDrive\Documents\rkreno\.audit-cache\prompt-1-2\staging\mobile\commercial-retail-shop-renovation-in-kuala-lumpur\header-sticky.png","C:\Users\BGF\OneDrive\Documents\rkreno\.audit-cache\prompt-1-2\differences\mobile\commercial-retail-shop-renovation-in-kuala-lumpur\header-sticky.png","390","90","390","90","true","168","35100","0.47863247863247865","0.10908831908831909","24","0.5","true"
"/commercial-retail-shop-renovation-in-kuala-lumpur/","mobile","menu-open","C:\Users\BGF\OneDrive\Documents\rkreno\.audit-cache\prompt-1-2\source\mobile\commercial-retail-shop-renovation-in-kuala-lumpur\menu-open.png","C:\Users\BGF\OneDrive\Documents\rkreno\.audit-cache\prompt-1-2\staging\mobile\commercial-retail-shop-renovation-in-kuala-lumpur\menu-open.png","C:\Users\BGF\OneDrive\Documents\rkreno\.audit-cache\prompt-1-2\differences\mobile\commercial-retail-shop-renovation-in-kuala-lumpur\menu-open.png","390","844","390","844","true","4354","329160","1.3227609673107303","1.7186545550289627","24","0.5","true"
"/commercial-retail-shop-renovation-in-kuala-lumpur/","mobile","submenu-open","C:\Users\BGF\OneDrive\Documents\rkreno\.audit-cache\prompt-1-2\source\mobile\commercial-retail-shop-renovation-in-kuala-lumpur\submenu-open.png","C:\Users\BGF\OneDrive\Documents\rkreno\.audit-cache\prompt-1-2\staging\mobile\commercial-retail-shop-renovation-in-kuala-lumpur\submenu-open.png","C:\Users\BGF\OneDrive\Documents\rkreno\.audit-cache\prompt-1-2\differences\mobile\commercial-retail-shop-renovation-in-kuala-lumpur\submenu-open.png","390","844","390","844","true","19937","329160","6.05693279863896","7.143045935107547","24","0.5","true"
"/commercial-retail-shop-renovation-in-kuala-lumpur/","mobile","footer","C:\Users\BGF\OneDrive\Documents\rkreno\.audit-cache\prompt-1-2\source\mobile\commercial-retail-shop-renovation-in-kuala-lumpur\footer.png","C:\Users\BGF\OneDrive\Documents\rkreno\.audit-cache\prompt-1-2\staging\mobile\commercial-retail-shop-renovation-in-kuala-lumpur\footer.png","C:\Users\BGF\OneDrive\Documents\rkreno\.audit-cache\prompt-1-2\differences\mobile\commercial-retail-shop-renovation-in-kuala-lumpur\footer.png","390","1396","390","1427","false","168030","556530","30.192442455932294","54.17835456609107","24","0.5","true"
"/commercial-retail-shop-renovation-in-kuala-lumpur/","mobile","floating-actions","C:\Users\BGF\OneDrive\Documents\rkreno\.audit-cache\prompt-1-2\source\mobile\commercial-retail-shop-renovation-in-kuala-lumpur\floating-actions.png","C:\Users\BGF\OneDrive\Documents\rkreno\.audit-cache\prompt-1-2\staging\mobile\commercial-retail-shop-renovation-in-kuala-lumpur\floating-actions.png","C:\Users\BGF\OneDrive\Documents\rkreno\.audit-cache\prompt-1-2\differences\mobile\commercial-retail-shop-renovation-in-kuala-lumpur\floating-actions.png","390","844","390","844","true","62652","329160","19.033904484141452","32.437726333697896","24","0.5","true"
"/office-renovation-petaling-jaya-corporate-fit-out-experts/","desktop","header-initial","C:\Users\BGF\OneDrive\Documents\rkreno\.audit-cache\prompt-1-2\source\desktop\office-renovation-petaling-jaya-corporate-fit-out-experts\header-initial.png","C:\Users\BGF\OneDrive\Documents\rkreno\.audit-cache\prompt-1-2\staging\desktop\office-renovation-petaling-jaya-corporate-fit-out-experts\header-initial.png","C:\Users\BGF\OneDrive\Documents\rkreno\.audit-cache\prompt-1-2\differences\desktop\office-renovation-petaling-jaya-corporate-fit-out-experts\header-initial.png","1440","171","1440","171","true","129826","246240","52.72335932423652","107.85323667966212","24","0.5","true"
"/office-renovation-petaling-jaya-corporate-fit-out-experts/","desktop","header-sticky","C:\Users\BGF\OneDrive\Documents\rkreno\.audit-cache\prompt-1-2\source\desktop\office-renovation-petaling-jaya-corporate-fit-out-experts\header-sticky.png","C:\Users\BGF\OneDrive\Documents\rkreno\.audit-cache\prompt-1-2\staging\desktop\office-renovation-petaling-jaya-corporate-fit-out-experts\header-sticky.png","C:\Users\BGF\OneDrive\Documents\rkreno\.audit-cache\prompt-1-2\differences\desktop\office-renovation-petaling-jaya-corporate-fit-out-experts\header-sticky.png","1440","100","1440","100","true","28790","144000","19.993055555555557","24.687453703703703","24","0.5","true"
"/office-renovation-petaling-jaya-corporate-fit-out-experts/","desktop","dropdown-open","C:\Users\BGF\OneDrive\Documents\rkreno\.audit-cache\prompt-1-2\source\desktop\office-renovation-petaling-jaya-corporate-fit-out-experts\dropdown-open.png","C:\Users\BGF\OneDrive\Documents\rkreno\.audit-cache\prompt-1-2\staging\desktop\office-renovation-petaling-jaya-corporate-fit-out-experts\dropdown-open.png","C:\Users\BGF\OneDrive\Documents\rkreno\.audit-cache\prompt-1-2\differences\desktop\office-renovation-petaling-jaya-corporate-fit-out-experts\dropdown-open.png","339","459","340","458","false","18680","156060","11.96975522235038","15.453910888974326","24","0.5","true"
"/office-renovation-petaling-jaya-corporate-fit-out-experts/","desktop","footer","C:\Users\BGF\OneDrive\Documents\rkreno\.audit-cache\prompt-1-2\source\desktop\office-renovation-petaling-jaya-corporate-fit-out-experts\footer.png","C:\Users\BGF\OneDrive\Documents\rkreno\.audit-cache\prompt-1-2\staging\desktop\office-renovation-petaling-jaya-corporate-fit-out-experts\footer.png","C:\Users\BGF\OneDrive\Documents\rkreno\.audit-cache\prompt-1-2\differences\desktop\office-renovation-petaling-jaya-corporate-fit-out-experts\footer.png","1440","774","1440","733","false","266659","1114560","23.925046655182314","38.23831526940377","24","0.5","true"
"/office-renovation-petaling-jaya-corporate-fit-out-experts/","desktop","floating-actions","C:\Users\BGF\OneDrive\Documents\rkreno\.audit-cache\prompt-1-2\source\desktop\office-renovation-petaling-jaya-corporate-fit-out-experts\floating-actions.png","C:\Users\BGF\OneDrive\Documents\rkreno\.audit-cache\prompt-1-2\staging\desktop\office-renovation-petaling-jaya-corporate-fit-out-experts\floating-actions.png","C:\Users\BGF\OneDrive\Documents\rkreno\.audit-cache\prompt-1-2\differences\desktop\office-renovation-petaling-jaya-corporate-fit-out-experts\floating-actions.png","1440","1000","1440","1000","true","347725","1440000","24.147569444444443","36.31099050925926","24","0.5","true"
"/office-renovation-petaling-jaya-corporate-fit-out-experts/","tablet","header-initial","C:\Users\BGF\OneDrive\Documents\rkreno\.audit-cache\prompt-1-2\source\tablet\office-renovation-petaling-jaya-corporate-fit-out-experts\header-initial.png","C:\Users\BGF\OneDrive\Documents\rkreno\.audit-cache\prompt-1-2\staging\tablet\office-renovation-petaling-jaya-corporate-fit-out-experts\header-initial.png","C:\Users\BGF\OneDrive\Documents\rkreno\.audit-cache\prompt-1-2\differences\tablet\office-renovation-petaling-jaya-corporate-fit-out-experts\header-initial.png","768","90","768","90","true","168","69120","0.24305555555555555","0.055357831790123456","24","0.5","true"
"/office-renovation-petaling-jaya-corporate-fit-out-experts/","tablet","header-sticky","C:\Users\BGF\OneDrive\Documents\rkreno\.audit-cache\prompt-1-2\source\tablet\office-renovation-petaling-jaya-corporate-fit-out-experts\header-sticky.png","C:\Users\BGF\OneDrive\Documents\rkreno\.audit-cache\prompt-1-2\staging\tablet\office-renovation-petaling-jaya-corporate-fit-out-experts\header-sticky.png","C:\Users\BGF\OneDrive\Documents\rkreno\.audit-cache\prompt-1-2\differences\tablet\office-renovation-petaling-jaya-corporate-fit-out-experts\header-sticky.png","768","90","768","90","true","168","69120","0.24305555555555555","0.05539641203703704","24","0.5","true"
"/office-renovation-petaling-jaya-corporate-fit-out-experts/","tablet","menu-open","C:\Users\BGF\OneDrive\Documents\rkreno\.audit-cache\prompt-1-2\source\tablet\office-renovation-petaling-jaya-corporate-fit-out-experts\menu-open.png","C:\Users\BGF\OneDrive\Documents\rkreno\.audit-cache\prompt-1-2\staging\tablet\office-renovation-petaling-jaya-corporate-fit-out-experts\menu-open.png","C:\Users\BGF\OneDrive\Documents\rkreno\.audit-cache\prompt-1-2\differences\tablet\office-renovation-petaling-jaya-corporate-fit-out-experts\menu-open.png","768","1024","768","1024","true","96463","786432","12.265904744466145","7.377153608534071","24","0.5","true"
"/office-renovation-petaling-jaya-corporate-fit-out-experts/","tablet","submenu-open","C:\Users\BGF\OneDrive\Documents\rkreno\.audit-cache\prompt-1-2\source\tablet\office-renovation-petaling-jaya-corporate-fit-out-experts\submenu-open.png","C:\Users\BGF\OneDrive\Documents\rkreno\.audit-cache\prompt-1-2\staging\tablet\office-renovation-petaling-jaya-corporate-fit-out-experts\submenu-open.png","C:\Users\BGF\OneDrive\Documents\rkreno\.audit-cache\prompt-1-2\differences\tablet\office-renovation-petaling-jaya-corporate-fit-out-experts\submenu-open.png","768","1024","768","1024","true","116093","786432","14.761988321940104","10.379249572753906","24","0.5","true"
"/office-renovation-petaling-jaya-corporate-fit-out-experts/","tablet","footer","C:\Users\BGF\OneDrive\Documents\rkreno\.audit-cache\prompt-1-2\source\tablet\office-renovation-petaling-jaya-corporate-fit-out-experts\footer.png","C:\Users\BGF\OneDrive\Documents\rkreno\.audit-cache\prompt-1-2\staging\tablet\office-renovation-petaling-jaya-corporate-fit-out-experts\footer.png","C:\Users\BGF\OneDrive\Documents\rkreno\.audit-cache\prompt-1-2\differences\tablet\office-renovation-petaling-jaya-corporate-fit-out-experts\footer.png","768","759","768","1117","false","405813","857856","47.305491830796775","102.2149292344325","24","0.5","true"
"/office-renovation-petaling-jaya-corporate-fit-out-experts/","tablet","floating-actions","C:\Users\BGF\OneDrive\Documents\rkreno\.audit-cache\prompt-1-2\source\tablet\office-renovation-petaling-jaya-corporate-fit-out-experts\floating-actions.png","C:\Users\BGF\OneDrive\Documents\rkreno\.audit-cache\prompt-1-2\staging\tablet\office-renovation-petaling-jaya-corporate-fit-out-experts\floating-actions.png","C:\Users\BGF\OneDrive\Documents\rkreno\.audit-cache\prompt-1-2\differences\tablet\office-renovation-petaling-jaya-corporate-fit-out-experts\floating-actions.png","768","1024","768","1024","true","346201","786432","44.021733601888016","89.03327518039279","24","0.5","true"
"/office-renovation-petaling-jaya-corporate-fit-out-experts/","mobile","header-initial","C:\Users\BGF\OneDrive\Documents\rkreno\.audit-cache\prompt-1-2\source\mobile\office-renovation-petaling-jaya-corporate-fit-out-experts\header-initial.png","C:\Users\BGF\OneDrive\Documents\rkreno\.audit-cache\prompt-1-2\staging\mobile\office-renovation-petaling-jaya-corporate-fit-out-experts\header-initial.png","C:\Users\BGF\OneDrive\Documents\rkreno\.audit-cache\prompt-1-2\differences\mobile\office-renovation-petaling-jaya-corporate-fit-out-experts\header-initial.png","390","90","390","90","true","168","35100","0.47863247863247865","0.10901234567901234","24","0.5","true"
"/office-renovation-petaling-jaya-corporate-fit-out-experts/","mobile","header-sticky","C:\Users\BGF\OneDrive\Documents\rkreno\.audit-cache\prompt-1-2\source\mobile\office-renovation-petaling-jaya-corporate-fit-out-experts\header-sticky.png","C:\Users\BGF\OneDrive\Documents\rkreno\.audit-cache\prompt-1-2\staging\mobile\office-renovation-petaling-jaya-corporate-fit-out-experts\header-sticky.png","C:\Users\BGF\OneDrive\Documents\rkreno\.audit-cache\prompt-1-2\differences\mobile\office-renovation-petaling-jaya-corporate-fit-out-experts\header-sticky.png","390","90","390","90","true","168","35100","0.47863247863247865","0.10908831908831909","24","0.5","true"
"/office-renovation-petaling-jaya-corporate-fit-out-experts/","mobile","menu-open","C:\Users\BGF\OneDrive\Documents\rkreno\.audit-cache\prompt-1-2\source\mobile\office-renovation-petaling-jaya-corporate-fit-out-experts\menu-open.png","C:\Users\BGF\OneDrive\Documents\rkreno\.audit-cache\prompt-1-2\staging\mobile\office-renovation-petaling-jaya-corporate-fit-out-experts\menu-open.png","C:\Users\BGF\OneDrive\Documents\rkreno\.audit-cache\prompt-1-2\differences\mobile\office-renovation-petaling-jaya-corporate-fit-out-experts\menu-open.png","390","844","390","844","true","4354","329160","1.3227609673107303","1.7186545550289627","24","0.5","true"
"/office-renovation-petaling-jaya-corporate-fit-out-experts/","mobile","submenu-open","C:\Users\BGF\OneDrive\Documents\rkreno\.audit-cache\prompt-1-2\source\mobile\office-renovation-petaling-jaya-corporate-fit-out-experts\submenu-open.png","C:\Users\BGF\OneDrive\Documents\rkreno\.audit-cache\prompt-1-2\staging\mobile\office-renovation-petaling-jaya-corporate-fit-out-experts\submenu-open.png","C:\Users\BGF\OneDrive\Documents\rkreno\.audit-cache\prompt-1-2\differences\mobile\office-renovation-petaling-jaya-corporate-fit-out-experts\submenu-open.png","390","844","390","844","true","19937","329160","6.05693279863896","7.143045935107547","24","0.5","true"
"/office-renovation-petaling-jaya-corporate-fit-out-experts/","mobile","footer","C:\Users\BGF\OneDrive\Documents\rkreno\.audit-cache\prompt-1-2\source\mobile\office-renovation-petaling-jaya-corporate-fit-out-experts\footer.png","C:\Users\BGF\OneDrive\Documents\rkreno\.audit-cache\prompt-1-2\staging\mobile\office-renovation-petaling-jaya-corporate-fit-out-experts\footer.png","C:\Users\BGF\OneDrive\Documents\rkreno\.audit-cache\prompt-1-2\differences\mobile\office-renovation-petaling-jaya-corporate-fit-out-experts\footer.png","390","1397","390","1426","false","169872","556140","30.544826842162042","54.803197636086836","24","0.5","true"
"/office-renovation-petaling-jaya-corporate-fit-out-experts/","mobile","floating-actions","C:\Users\BGF\OneDrive\Documents\rkreno\.audit-cache\prompt-1-2\source\mobile\office-renovation-petaling-jaya-corporate-fit-out-experts\floating-actions.png","C:\Users\BGF\OneDrive\Documents\rkreno\.audit-cache\prompt-1-2\staging\mobile\office-renovation-petaling-jaya-corporate-fit-out-experts\floating-actions.png","C:\Users\BGF\OneDrive\Documents\rkreno\.audit-cache\prompt-1-2\differences\mobile\office-renovation-petaling-jaya-corporate-fit-out-experts\floating-actions.png","390","844","390","844","true","62541","329160","19.000182282172805","32.291525904322114","24","0.5","true"
"/waterproofing-contractor-kuala-lumpur-the-complete-guide-to-stopping-leaks-2026/","desktop","header-initial","C:\Users\BGF\OneDrive\Documents\rkreno\.audit-cache\prompt-1-2\source\desktop\waterproofing-contractor-kuala-lumpur-the-complete-guide-to-stopping-leaks-2026\header-initial.png","C:\Users\BGF\OneDrive\Documents\rkreno\.audit-cache\prompt-1-2\staging\desktop\waterproofing-contractor-kuala-lumpur-the-complete-guide-to-stopping-leaks-2026\header-initial.png","C:\Users\BGF\OneDrive\Documents\rkreno\.audit-cache\prompt-1-2\differences\desktop\waterproofing-contractor-kuala-lumpur-the-complete-guide-to-stopping-leaks-2026\header-initial.png","1440","171","1440","171","true","129826","246240","52.72335932423652","107.85634205111545","24","0.5","true"
"/waterproofing-contractor-kuala-lumpur-the-complete-guide-to-stopping-leaks-2026/","desktop","header-sticky","C:\Users\BGF\OneDrive\Documents\rkreno\.audit-cache\prompt-1-2\source\desktop\waterproofing-contractor-kuala-lumpur-the-complete-guide-to-stopping-leaks-2026\header-sticky.png","C:\Users\BGF\OneDrive\Documents\rkreno\.audit-cache\prompt-1-2\staging\desktop\waterproofing-contractor-kuala-lumpur-the-complete-guide-to-stopping-leaks-2026\header-sticky.png","C:\Users\BGF\OneDrive\Documents\rkreno\.audit-cache\prompt-1-2\differences\desktop\waterproofing-contractor-kuala-lumpur-the-complete-guide-to-stopping-leaks-2026\header-sticky.png","1440","100","1440","100","true","28790","144000","19.993055555555557","24.687453703703703","24","0.5","true"
"/waterproofing-contractor-kuala-lumpur-the-complete-guide-to-stopping-leaks-2026/","desktop","dropdown-open","C:\Users\BGF\OneDrive\Documents\rkreno\.audit-cache\prompt-1-2\source\desktop\waterproofing-contractor-kuala-lumpur-the-complete-guide-to-stopping-leaks-2026\dropdown-open.png","C:\Users\BGF\OneDrive\Documents\rkreno\.audit-cache\prompt-1-2\staging\desktop\waterproofing-contractor-kuala-lumpur-the-complete-guide-to-stopping-leaks-2026\dropdown-open.png","C:\Users\BGF\OneDrive\Documents\rkreno\.audit-cache\prompt-1-2\differences\desktop\waterproofing-contractor-kuala-lumpur-the-complete-guide-to-stopping-leaks-2026\dropdown-open.png","339","459","340","458","false","18595","156060","11.915288991413558","15.428450595924645","24","0.5","true"
"/waterproofing-contractor-kuala-lumpur-the-complete-guide-to-stopping-leaks-2026/","desktop","footer","C:\Users\BGF\OneDrive\Documents\rkreno\.audit-cache\prompt-1-2\source\desktop\waterproofing-contractor-kuala-lumpur-the-complete-guide-to-stopping-leaks-2026\footer.png","C:\Users\BGF\OneDrive\Documents\rkreno\.audit-cache\prompt-1-2\staging\desktop\waterproofing-contractor-kuala-lumpur-the-complete-guide-to-stopping-leaks-2026\footer.png","C:\Users\BGF\OneDrive\Documents\rkreno\.audit-cache\prompt-1-2\differences\desktop\waterproofing-contractor-kuala-lumpur-the-complete-guide-to-stopping-leaks-2026\footer.png","1440","774","1440","733","false","266097","1114560","23.874623169681307","37.84466934634893","24","0.5","true"
"/waterproofing-contractor-kuala-lumpur-the-complete-guide-to-stopping-leaks-2026/","desktop","floating-actions","C:\Users\BGF\OneDrive\Documents\rkreno\.audit-cache\prompt-1-2\source\desktop\waterproofing-contractor-kuala-lumpur-the-complete-guide-to-stopping-leaks-2026\floating-actions.png","C:\Users\BGF\OneDrive\Documents\rkreno\.audit-cache\prompt-1-2\staging\desktop\waterproofing-contractor-kuala-lumpur-the-complete-guide-to-stopping-leaks-2026\floating-actions.png","C:\Users\BGF\OneDrive\Documents\rkreno\.audit-cache\prompt-1-2\differences\desktop\waterproofing-contractor-kuala-lumpur-the-complete-guide-to-stopping-leaks-2026\floating-actions.png","1440","1000","1440","1000","true","347546","1440000","24.13513888888889","36.272669907407405","24","0.5","true"
"/waterproofing-contractor-kuala-lumpur-the-complete-guide-to-stopping-leaks-2026/","tablet","header-initial","C:\Users\BGF\OneDrive\Documents\rkreno\.audit-cache\prompt-1-2\source\tablet\waterproofing-contractor-kuala-lumpur-the-complete-guide-to-stopping-leaks-2026\header-initial.png","C:\Users\BGF\OneDrive\Documents\rkreno\.audit-cache\prompt-1-2\staging\tablet\waterproofing-contractor-kuala-lumpur-the-complete-guide-to-stopping-leaks-2026\header-initial.png","C:\Users\BGF\OneDrive\Documents\rkreno\.audit-cache\prompt-1-2\differences\tablet\waterproofing-contractor-kuala-lumpur-the-complete-guide-to-stopping-leaks-2026\header-initial.png","768","90","768","90","true","168","69120","0.24305555555555555","0.055357831790123456","24","0.5","true"
"/waterproofing-contractor-kuala-lumpur-the-complete-guide-to-stopping-leaks-2026/","tablet","header-sticky","C:\Users\BGF\OneDrive\Documents\rkreno\.audit-cache\prompt-1-2\source\tablet\waterproofing-contractor-kuala-lumpur-the-complete-guide-to-stopping-leaks-2026\header-sticky.png","C:\Users\BGF\OneDrive\Documents\rkreno\.audit-cache\prompt-1-2\staging\tablet\waterproofing-contractor-kuala-lumpur-the-complete-guide-to-stopping-leaks-2026\header-sticky.png","C:\Users\BGF\OneDrive\Documents\rkreno\.audit-cache\prompt-1-2\differences\tablet\waterproofing-contractor-kuala-lumpur-the-complete-guide-to-stopping-leaks-2026\header-sticky.png","768","90","768","90","true","168","69120","0.24305555555555555","0.05539641203703704","24","0.5","true"
"/waterproofing-contractor-kuala-lumpur-the-complete-guide-to-stopping-leaks-2026/","tablet","menu-open","C:\Users\BGF\OneDrive\Documents\rkreno\.audit-cache\prompt-1-2\source\tablet\waterproofing-contractor-kuala-lumpur-the-complete-guide-to-stopping-leaks-2026\menu-open.png","C:\Users\BGF\OneDrive\Documents\rkreno\.audit-cache\prompt-1-2\staging\tablet\waterproofing-contractor-kuala-lumpur-the-complete-guide-to-stopping-leaks-2026\menu-open.png","C:\Users\BGF\OneDrive\Documents\rkreno\.audit-cache\prompt-1-2\differences\tablet\waterproofing-contractor-kuala-lumpur-the-complete-guide-to-stopping-leaks-2026\menu-open.png","768","1024","768","1024","true","134755","786432","17.134984334309898","11.992514292399088","24","0.5","true"
"/waterproofing-contractor-kuala-lumpur-the-complete-guide-to-stopping-leaks-2026/","tablet","submenu-open","C:\Users\BGF\OneDrive\Documents\rkreno\.audit-cache\prompt-1-2\source\tablet\waterproofing-contractor-kuala-lumpur-the-complete-guide-to-stopping-leaks-2026\submenu-open.png","C:\Users\BGF\OneDrive\Documents\rkreno\.audit-cache\prompt-1-2\staging\tablet\waterproofing-contractor-kuala-lumpur-the-complete-guide-to-stopping-leaks-2026\submenu-open.png","C:\Users\BGF\OneDrive\Documents\rkreno\.audit-cache\prompt-1-2\differences\tablet\waterproofing-contractor-kuala-lumpur-the-complete-guide-to-stopping-leaks-2026\submenu-open.png","768","1024","768","1024","true","154383","786432","19.630813598632812","14.994739532470703","24","0.5","true"
"/waterproofing-contractor-kuala-lumpur-the-complete-guide-to-stopping-leaks-2026/","tablet","footer","C:\Users\BGF\OneDrive\Documents\rkreno\.audit-cache\prompt-1-2\source\tablet\waterproofing-contractor-kuala-lumpur-the-complete-guide-to-stopping-leaks-2026\footer.png","C:\Users\BGF\OneDrive\Documents\rkreno\.audit-cache\prompt-1-2\staging\tablet\waterproofing-contractor-kuala-lumpur-the-complete-guide-to-stopping-leaks-2026\footer.png","C:\Users\BGF\OneDrive\Documents\rkreno\.audit-cache\prompt-1-2\differences\tablet\waterproofing-contractor-kuala-lumpur-the-complete-guide-to-stopping-leaks-2026\footer.png","768","759","768","1116","false","404318","857088","47.173452434289125","101.91053582984867","24","0.5","true"
"/waterproofing-contractor-kuala-lumpur-the-complete-guide-to-stopping-leaks-2026/","tablet","floating-actions","C:\Users\BGF\OneDrive\Documents\rkreno\.audit-cache\prompt-1-2\source\tablet\waterproofing-contractor-kuala-lumpur-the-complete-guide-to-stopping-leaks-2026\floating-actions.png","C:\Users\BGF\OneDrive\Documents\rkreno\.audit-cache\prompt-1-2\staging\tablet\waterproofing-contractor-kuala-lumpur-the-complete-guide-to-stopping-leaks-2026\floating-actions.png","C:\Users\BGF\OneDrive\Documents\rkreno\.audit-cache\prompt-1-2\differences\tablet\waterproofing-contractor-kuala-lumpur-the-complete-guide-to-stopping-leaks-2026\floating-actions.png","768","1024","768","1024","true","344077","786432","43.751653035481766","88.7931620279948","24","0.5","true"
"/waterproofing-contractor-kuala-lumpur-the-complete-guide-to-stopping-leaks-2026/","mobile","header-initial","C:\Users\BGF\OneDrive\Documents\rkreno\.audit-cache\prompt-1-2\source\mobile\waterproofing-contractor-kuala-lumpur-the-complete-guide-to-stopping-leaks-2026\header-initial.png","C:\Users\BGF\OneDrive\Documents\rkreno\.audit-cache\prompt-1-2\staging\mobile\waterproofing-contractor-kuala-lumpur-the-complete-guide-to-stopping-leaks-2026\header-initial.png","C:\Users\BGF\OneDrive\Documents\rkreno\.audit-cache\prompt-1-2\differences\mobile\waterproofing-contractor-kuala-lumpur-the-complete-guide-to-stopping-leaks-2026\header-initial.png","390","90","390","90","true","168","35100","0.47863247863247865","0.10901234567901234","24","0.5","true"
"/waterproofing-contractor-kuala-lumpur-the-complete-guide-to-stopping-leaks-2026/","mobile","header-sticky","C:\Users\BGF\OneDrive\Documents\rkreno\.audit-cache\prompt-1-2\source\mobile\waterproofing-contractor-kuala-lumpur-the-complete-guide-to-stopping-leaks-2026\header-sticky.png","C:\Users\BGF\OneDrive\Documents\rkreno\.audit-cache\prompt-1-2\staging\mobile\waterproofing-contractor-kuala-lumpur-the-complete-guide-to-stopping-leaks-2026\header-sticky.png","C:\Users\BGF\OneDrive\Documents\rkreno\.audit-cache\prompt-1-2\differences\mobile\waterproofing-contractor-kuala-lumpur-the-complete-guide-to-stopping-leaks-2026\header-sticky.png","390","90","390","90","true","168","35100","0.47863247863247865","0.10908831908831909","24","0.5","true"
"/waterproofing-contractor-kuala-lumpur-the-complete-guide-to-stopping-leaks-2026/","mobile","menu-open","C:\Users\BGF\OneDrive\Documents\rkreno\.audit-cache\prompt-1-2\source\mobile\waterproofing-contractor-kuala-lumpur-the-complete-guide-to-stopping-leaks-2026\menu-open.png","C:\Users\BGF\OneDrive\Documents\rkreno\.audit-cache\prompt-1-2\staging\mobile\waterproofing-contractor-kuala-lumpur-the-complete-guide-to-stopping-leaks-2026\menu-open.png","C:\Users\BGF\OneDrive\Documents\rkreno\.audit-cache\prompt-1-2\differences\mobile\waterproofing-contractor-kuala-lumpur-the-complete-guide-to-stopping-leaks-2026\menu-open.png","390","844","390","844","true","4354","329160","1.3227609673107303","1.7186120225219752","24","0.5","true"
"/waterproofing-contractor-kuala-lumpur-the-complete-guide-to-stopping-leaks-2026/","mobile","submenu-open","C:\Users\BGF\OneDrive\Documents\rkreno\.audit-cache\prompt-1-2\source\mobile\waterproofing-contractor-kuala-lumpur-the-complete-guide-to-stopping-leaks-2026\submenu-open.png","C:\Users\BGF\OneDrive\Documents\rkreno\.audit-cache\prompt-1-2\staging\mobile\waterproofing-contractor-kuala-lumpur-the-complete-guide-to-stopping-leaks-2026\submenu-open.png","C:\Users\BGF\OneDrive\Documents\rkreno\.audit-cache\prompt-1-2\differences\mobile\waterproofing-contractor-kuala-lumpur-the-complete-guide-to-stopping-leaks-2026\submenu-open.png","390","844","390","844","true","19935","329160","6.056325191396281","7.143083404220845","24","0.5","true"
"/waterproofing-contractor-kuala-lumpur-the-complete-guide-to-stopping-leaks-2026/","mobile","footer","C:\Users\BGF\OneDrive\Documents\rkreno\.audit-cache\prompt-1-2\source\mobile\waterproofing-contractor-kuala-lumpur-the-complete-guide-to-stopping-leaks-2026\footer.png","C:\Users\BGF\OneDrive\Documents\rkreno\.audit-cache\prompt-1-2\staging\mobile\waterproofing-contractor-kuala-lumpur-the-complete-guide-to-stopping-leaks-2026\footer.png","C:\Users\BGF\OneDrive\Documents\rkreno\.audit-cache\prompt-1-2\differences\mobile\waterproofing-contractor-kuala-lumpur-the-complete-guide-to-stopping-leaks-2026\footer.png","390","1397","390","1426","false","168362","556140","30.27331247527601","54.15680763836444","24","0.5","true"
"/waterproofing-contractor-kuala-lumpur-the-complete-guide-to-stopping-leaks-2026/","mobile","floating-actions","C:\Users\BGF\OneDrive\Documents\rkreno\.audit-cache\prompt-1-2\source\mobile\waterproofing-contractor-kuala-lumpur-the-complete-guide-to-stopping-leaks-2026\floating-actions.png","C:\Users\BGF\OneDrive\Documents\rkreno\.audit-cache\prompt-1-2\staging\mobile\waterproofing-contractor-kuala-lumpur-the-complete-guide-to-stopping-leaks-2026\floating-actions.png","C:\Users\BGF\OneDrive\Documents\rkreno\.audit-cache\prompt-1-2\differences\mobile\waterproofing-contractor-kuala-lumpur-the-complete-guide-to-stopping-leaks-2026\floating-actions.png","390","844","390","844","true","62652","329160","19.033904484141452","32.437726333697896","24","0.5","true"
"/plaster-ceiling-contractor-kl-the-ultimate-design-pricing-guide-2026/","desktop","header-initial","C:\Users\BGF\OneDrive\Documents\rkreno\.audit-cache\prompt-1-2\source\desktop\plaster-ceiling-contractor-kl-the-ultimate-design-pricing-guide-2026\header-initial.png","C:\Users\BGF\OneDrive\Documents\rkreno\.audit-cache\prompt-1-2\staging\desktop\plaster-ceiling-contractor-kl-the-ultimate-design-pricing-guide-2026\header-initial.png","C:\Users\BGF\OneDrive\Documents\rkreno\.audit-cache\prompt-1-2\differences\desktop\plaster-ceiling-contractor-kl-the-ultimate-design-pricing-guide-2026\header-initial.png","1440","171","1440","171","true","129826","246240","52.72335932423652","107.85634205111545","24","0.5","true"
"/plaster-ceiling-contractor-kl-the-ultimate-design-pricing-guide-2026/","desktop","header-sticky","C:\Users\BGF\OneDrive\Documents\rkreno\.audit-cache\prompt-1-2\source\desktop\plaster-ceiling-contractor-kl-the-ultimate-design-pricing-guide-2026\header-sticky.png","C:\Users\BGF\OneDrive\Documents\rkreno\.audit-cache\prompt-1-2\staging\desktop\plaster-ceiling-contractor-kl-the-ultimate-design-pricing-guide-2026\header-sticky.png","C:\Users\BGF\OneDrive\Documents\rkreno\.audit-cache\prompt-1-2\differences\desktop\plaster-ceiling-contractor-kl-the-ultimate-design-pricing-guide-2026\header-sticky.png","1440","100","1440","100","true","28790","144000","19.993055555555557","24.687453703703703","24","0.5","true"
"/plaster-ceiling-contractor-kl-the-ultimate-design-pricing-guide-2026/","desktop","dropdown-open","C:\Users\BGF\OneDrive\Documents\rkreno\.audit-cache\prompt-1-2\source\desktop\plaster-ceiling-contractor-kl-the-ultimate-design-pricing-guide-2026\dropdown-open.png","C:\Users\BGF\OneDrive\Documents\rkreno\.audit-cache\prompt-1-2\staging\desktop\plaster-ceiling-contractor-kl-the-ultimate-design-pricing-guide-2026\dropdown-open.png","C:\Users\BGF\OneDrive\Documents\rkreno\.audit-cache\prompt-1-2\differences\desktop\plaster-ceiling-contractor-kl-the-ultimate-design-pricing-guide-2026\dropdown-open.png","339","459","340","458","false","18602","156060","11.919774445726002","15.429138365585885","24","0.5","true"
"/plaster-ceiling-contractor-kl-the-ultimate-design-pricing-guide-2026/","desktop","footer","C:\Users\BGF\OneDrive\Documents\rkreno\.audit-cache\prompt-1-2\source\desktop\plaster-ceiling-contractor-kl-the-ultimate-design-pricing-guide-2026\footer.png","C:\Users\BGF\OneDrive\Documents\rkreno\.audit-cache\prompt-1-2\staging\desktop\plaster-ceiling-contractor-kl-the-ultimate-design-pricing-guide-2026\footer.png","C:\Users\BGF\OneDrive\Documents\rkreno\.audit-cache\prompt-1-2\differences\desktop\plaster-ceiling-contractor-kl-the-ultimate-design-pricing-guide-2026\footer.png","1440","774","1440","733","false","266165","1114560","23.880724231983923","37.98594512632788","24","0.5","true"
"/plaster-ceiling-contractor-kl-the-ultimate-design-pricing-guide-2026/","desktop","floating-actions","C:\Users\BGF\OneDrive\Documents\rkreno\.audit-cache\prompt-1-2\source\desktop\plaster-ceiling-contractor-kl-the-ultimate-design-pricing-guide-2026\floating-actions.png","C:\Users\BGF\OneDrive\Documents\rkreno\.audit-cache\prompt-1-2\staging\desktop\plaster-ceiling-contractor-kl-the-ultimate-design-pricing-guide-2026\floating-actions.png","C:\Users\BGF\OneDrive\Documents\rkreno\.audit-cache\prompt-1-2\differences\desktop\plaster-ceiling-contractor-kl-the-ultimate-design-pricing-guide-2026\floating-actions.png","1440","1000","1440","1000","true","348344","1440000","24.190555555555555","36.37","24","0.5","true"
"/plaster-ceiling-contractor-kl-the-ultimate-design-pricing-guide-2026/","tablet","header-initial","C:\Users\BGF\OneDrive\Documents\rkreno\.audit-cache\prompt-1-2\source\tablet\plaster-ceiling-contractor-kl-the-ultimate-design-pricing-guide-2026\header-initial.png","C:\Users\BGF\OneDrive\Documents\rkreno\.audit-cache\prompt-1-2\staging\tablet\plaster-ceiling-contractor-kl-the-ultimate-design-pricing-guide-2026\header-initial.png","C:\Users\BGF\OneDrive\Documents\rkreno\.audit-cache\prompt-1-2\differences\tablet\plaster-ceiling-contractor-kl-the-ultimate-design-pricing-guide-2026\header-initial.png","768","90","768","90","true","168","69120","0.24305555555555555","0.055357831790123456","24","0.5","true"
"/plaster-ceiling-contractor-kl-the-ultimate-design-pricing-guide-2026/","tablet","header-sticky","C:\Users\BGF\OneDrive\Documents\rkreno\.audit-cache\prompt-1-2\source\tablet\plaster-ceiling-contractor-kl-the-ultimate-design-pricing-guide-2026\header-sticky.png","C:\Users\BGF\OneDrive\Documents\rkreno\.audit-cache\prompt-1-2\staging\tablet\plaster-ceiling-contractor-kl-the-ultimate-design-pricing-guide-2026\header-sticky.png","C:\Users\BGF\OneDrive\Documents\rkreno\.audit-cache\prompt-1-2\differences\tablet\plaster-ceiling-contractor-kl-the-ultimate-design-pricing-guide-2026\header-sticky.png","768","90","768","90","true","168","69120","0.24305555555555555","0.05539641203703704","24","0.5","true"
"/plaster-ceiling-contractor-kl-the-ultimate-design-pricing-guide-2026/","tablet","menu-open","C:\Users\BGF\OneDrive\Documents\rkreno\.audit-cache\prompt-1-2\source\tablet\plaster-ceiling-contractor-kl-the-ultimate-design-pricing-guide-2026\menu-open.png","C:\Users\BGF\OneDrive\Documents\rkreno\.audit-cache\prompt-1-2\staging\tablet\plaster-ceiling-contractor-kl-the-ultimate-design-pricing-guide-2026\menu-open.png","C:\Users\BGF\OneDrive\Documents\rkreno\.audit-cache\prompt-1-2\differences\tablet\plaster-ceiling-contractor-kl-the-ultimate-design-pricing-guide-2026\menu-open.png","768","1024","768","1024","true","126519","786432","16.087722778320312","11.174633026123047","24","0.5","true"
"/plaster-ceiling-contractor-kl-the-ultimate-design-pricing-guide-2026/","tablet","submenu-open","C:\Users\BGF\OneDrive\Documents\rkreno\.audit-cache\prompt-1-2\source\tablet\plaster-ceiling-contractor-kl-the-ultimate-design-pricing-guide-2026\submenu-open.png","C:\Users\BGF\OneDrive\Documents\rkreno\.audit-cache\prompt-1-2\staging\tablet\plaster-ceiling-contractor-kl-the-ultimate-design-pricing-guide-2026\submenu-open.png","C:\Users\BGF\OneDrive\Documents\rkreno\.audit-cache\prompt-1-2\differences\tablet\plaster-ceiling-contractor-kl-the-ultimate-design-pricing-guide-2026\submenu-open.png","768","1024","768","1024","true","146147","786432","18.583552042643227","14.176858266194662","24","0.5","true"
"/plaster-ceiling-contractor-kl-the-ultimate-design-pricing-guide-2026/","tablet","footer","C:\Users\BGF\OneDrive\Documents\rkreno\.audit-cache\prompt-1-2\source\tablet\plaster-ceiling-contractor-kl-the-ultimate-design-pricing-guide-2026\footer.png","C:\Users\BGF\OneDrive\Documents\rkreno\.audit-cache\prompt-1-2\staging\tablet\plaster-ceiling-contractor-kl-the-ultimate-design-pricing-guide-2026\footer.png","C:\Users\BGF\OneDrive\Documents\rkreno\.audit-cache\prompt-1-2\differences\tablet\plaster-ceiling-contractor-kl-the-ultimate-design-pricing-guide-2026\footer.png","768","759","768","1117","false","404348","857856","47.13471724858251","101.88011235762956","24","0.5","true"
"/plaster-ceiling-contractor-kl-the-ultimate-design-pricing-guide-2026/","tablet","floating-actions","C:\Users\BGF\OneDrive\Documents\rkreno\.audit-cache\prompt-1-2\source\tablet\plaster-ceiling-contractor-kl-the-ultimate-design-pricing-guide-2026\floating-actions.png","C:\Users\BGF\OneDrive\Documents\rkreno\.audit-cache\prompt-1-2\staging\tablet\plaster-ceiling-contractor-kl-the-ultimate-design-pricing-guide-2026\floating-actions.png","C:\Users\BGF\OneDrive\Documents\rkreno\.audit-cache\prompt-1-2\differences\tablet\plaster-ceiling-contractor-kl-the-ultimate-design-pricing-guide-2026\floating-actions.png","768","1024","768","1024","true","345789","786432","43.96934509277344","88.99766540527344","24","0.5","true"
"/plaster-ceiling-contractor-kl-the-ultimate-design-pricing-guide-2026/","mobile","header-initial","C:\Users\BGF\OneDrive\Documents\rkreno\.audit-cache\prompt-1-2\source\mobile\plaster-ceiling-contractor-kl-the-ultimate-design-pricing-guide-2026\header-initial.png","C:\Users\BGF\OneDrive\Documents\rkreno\.audit-cache\prompt-1-2\staging\mobile\plaster-ceiling-contractor-kl-the-ultimate-design-pricing-guide-2026\header-initial.png","C:\Users\BGF\OneDrive\Documents\rkreno\.audit-cache\prompt-1-2\differences\mobile\plaster-ceiling-contractor-kl-the-ultimate-design-pricing-guide-2026\header-initial.png","390","90","390","90","true","168","35100","0.47863247863247865","0.10901234567901234","24","0.5","true"
"/plaster-ceiling-contractor-kl-the-ultimate-design-pricing-guide-2026/","mobile","header-sticky","C:\Users\BGF\OneDrive\Documents\rkreno\.audit-cache\prompt-1-2\source\mobile\plaster-ceiling-contractor-kl-the-ultimate-design-pricing-guide-2026\header-sticky.png","C:\Users\BGF\OneDrive\Documents\rkreno\.audit-cache\prompt-1-2\staging\mobile\plaster-ceiling-contractor-kl-the-ultimate-design-pricing-guide-2026\header-sticky.png","C:\Users\BGF\OneDrive\Documents\rkreno\.audit-cache\prompt-1-2\differences\mobile\plaster-ceiling-contractor-kl-the-ultimate-design-pricing-guide-2026\header-sticky.png","390","90","390","90","true","168","35100","0.47863247863247865","0.10908831908831909","24","0.5","true"
"/plaster-ceiling-contractor-kl-the-ultimate-design-pricing-guide-2026/","mobile","menu-open","C:\Users\BGF\OneDrive\Documents\rkreno\.audit-cache\prompt-1-2\source\mobile\plaster-ceiling-contractor-kl-the-ultimate-design-pricing-guide-2026\menu-open.png","C:\Users\BGF\OneDrive\Documents\rkreno\.audit-cache\prompt-1-2\staging\mobile\plaster-ceiling-contractor-kl-the-ultimate-design-pricing-guide-2026\menu-open.png","C:\Users\BGF\OneDrive\Documents\rkreno\.audit-cache\prompt-1-2\differences\mobile\plaster-ceiling-contractor-kl-the-ultimate-design-pricing-guide-2026\menu-open.png","390","844","390","844","true","4354","329160","1.3227609673107303","1.7186120225219752","24","0.5","true"
"/plaster-ceiling-contractor-kl-the-ultimate-design-pricing-guide-2026/","mobile","submenu-open","C:\Users\BGF\OneDrive\Documents\rkreno\.audit-cache\prompt-1-2\source\mobile\plaster-ceiling-contractor-kl-the-ultimate-design-pricing-guide-2026\submenu-open.png","C:\Users\BGF\OneDrive\Documents\rkreno\.audit-cache\prompt-1-2\staging\mobile\plaster-ceiling-contractor-kl-the-ultimate-design-pricing-guide-2026\submenu-open.png","C:\Users\BGF\OneDrive\Documents\rkreno\.audit-cache\prompt-1-2\differences\mobile\plaster-ceiling-contractor-kl-the-ultimate-design-pricing-guide-2026\submenu-open.png","390","844","390","844","true","19935","329160","6.056325191396281","7.143083404220845","24","0.5","true"
"/plaster-ceiling-contractor-kl-the-ultimate-design-pricing-guide-2026/","mobile","footer","C:\Users\BGF\OneDrive\Documents\rkreno\.audit-cache\prompt-1-2\source\mobile\plaster-ceiling-contractor-kl-the-ultimate-design-pricing-guide-2026\footer.png","C:\Users\BGF\OneDrive\Documents\rkreno\.audit-cache\prompt-1-2\staging\mobile\plaster-ceiling-contractor-kl-the-ultimate-design-pricing-guide-2026\footer.png","C:\Users\BGF\OneDrive\Documents\rkreno\.audit-cache\prompt-1-2\differences\mobile\plaster-ceiling-contractor-kl-the-ultimate-design-pricing-guide-2026\footer.png","390","1397","390","1426","false","166871","556140","30.005214514330923","53.70788770213735","24","0.5","true"
"/plaster-ceiling-contractor-kl-the-ultimate-design-pricing-guide-2026/","mobile","floating-actions","C:\Users\BGF\OneDrive\Documents\rkreno\.audit-cache\prompt-1-2\source\mobile\plaster-ceiling-contractor-kl-the-ultimate-design-pricing-guide-2026\floating-actions.png","C:\Users\BGF\OneDrive\Documents\rkreno\.audit-cache\prompt-1-2\staging\mobile\plaster-ceiling-contractor-kl-the-ultimate-design-pricing-guide-2026\floating-actions.png","C:\Users\BGF\OneDrive\Documents\rkreno\.audit-cache\prompt-1-2\differences\mobile\plaster-ceiling-contractor-kl-the-ultimate-design-pricing-guide-2026\floating-actions.png","390","844","390","844","true","62792","329160","19.076436991128933","32.47212703042087","24","0.5","true"
"/aircond-installation-kl-the-ultimate-2026-guide-rk-reno-solution/","desktop","header-initial","C:\Users\BGF\OneDrive\Documents\rkreno\.audit-cache\prompt-1-2\source\desktop\aircond-installation-kl-the-ultimate-2026-guide-rk-reno-solution\header-initial.png","C:\Users\BGF\OneDrive\Documents\rkreno\.audit-cache\prompt-1-2\staging\desktop\aircond-installation-kl-the-ultimate-2026-guide-rk-reno-solution\header-initial.png","C:\Users\BGF\OneDrive\Documents\rkreno\.audit-cache\prompt-1-2\differences\desktop\aircond-installation-kl-the-ultimate-2026-guide-rk-reno-solution\header-initial.png","1440","171","1440","171","true","129826","246240","52.72335932423652","107.85634205111545","24","0.5","true"
"/aircond-installation-kl-the-ultimate-2026-guide-rk-reno-solution/","desktop","header-sticky","C:\Users\BGF\OneDrive\Documents\rkreno\.audit-cache\prompt-1-2\source\desktop\aircond-installation-kl-the-ultimate-2026-guide-rk-reno-solution\header-sticky.png","C:\Users\BGF\OneDrive\Documents\rkreno\.audit-cache\prompt-1-2\staging\desktop\aircond-installation-kl-the-ultimate-2026-guide-rk-reno-solution\header-sticky.png","C:\Users\BGF\OneDrive\Documents\rkreno\.audit-cache\prompt-1-2\differences\desktop\aircond-installation-kl-the-ultimate-2026-guide-rk-reno-solution\header-sticky.png","1440","100","1440","100","true","28790","144000","19.993055555555557","24.687453703703703","24","0.5","true"
"/aircond-installation-kl-the-ultimate-2026-guide-rk-reno-solution/","desktop","dropdown-open","C:\Users\BGF\OneDrive\Documents\rkreno\.audit-cache\prompt-1-2\source\desktop\aircond-installation-kl-the-ultimate-2026-guide-rk-reno-solution\dropdown-open.png","C:\Users\BGF\OneDrive\Documents\rkreno\.audit-cache\prompt-1-2\staging\desktop\aircond-installation-kl-the-ultimate-2026-guide-rk-reno-solution\dropdown-open.png","C:\Users\BGF\OneDrive\Documents\rkreno\.audit-cache\prompt-1-2\differences\desktop\aircond-installation-kl-the-ultimate-2026-guide-rk-reno-solution\dropdown-open.png","339","459","340","458","false","18635","156060","11.940920158913238","15.437408688965782","24","0.5","true"
"/aircond-installation-kl-the-ultimate-2026-guide-rk-reno-solution/","desktop","footer","C:\Users\BGF\OneDrive\Documents\rkreno\.audit-cache\prompt-1-2\source\desktop\aircond-installation-kl-the-ultimate-2026-guide-rk-reno-solution\footer.png","C:\Users\BGF\OneDrive\Documents\rkreno\.audit-cache\prompt-1-2\staging\desktop\aircond-installation-kl-the-ultimate-2026-guide-rk-reno-solution\footer.png","C:\Users\BGF\OneDrive\Documents\rkreno\.audit-cache\prompt-1-2\differences\desktop\aircond-installation-kl-the-ultimate-2026-guide-rk-reno-solution\footer.png","1440","774","1440","733","false","265997","1114560","23.86565101923629","37.51473376638913","24","0.5","true"
"/aircond-installation-kl-the-ultimate-2026-guide-rk-reno-solution/","desktop","floating-actions","C:\Users\BGF\OneDrive\Documents\rkreno\.audit-cache\prompt-1-2\source\desktop\aircond-installation-kl-the-ultimate-2026-guide-rk-reno-solution\floating-actions.png","C:\Users\BGF\OneDrive\Documents\rkreno\.audit-cache\prompt-1-2\staging\desktop\aircond-installation-kl-the-ultimate-2026-guide-rk-reno-solution\floating-actions.png","C:\Users\BGF\OneDrive\Documents\rkreno\.audit-cache\prompt-1-2\differences\desktop\aircond-installation-kl-the-ultimate-2026-guide-rk-reno-solution\floating-actions.png","1440","1000","1440","1000","true","347875","1440000","24.15798611111111","36.22097013888889","24","0.5","true"
"/aircond-installation-kl-the-ultimate-2026-guide-rk-reno-solution/","tablet","header-initial","C:\Users\BGF\OneDrive\Documents\rkreno\.audit-cache\prompt-1-2\source\tablet\aircond-installation-kl-the-ultimate-2026-guide-rk-reno-solution\header-initial.png","C:\Users\BGF\OneDrive\Documents\rkreno\.audit-cache\prompt-1-2\staging\tablet\aircond-installation-kl-the-ultimate-2026-guide-rk-reno-solution\header-initial.png","C:\Users\BGF\OneDrive\Documents\rkreno\.audit-cache\prompt-1-2\differences\tablet\aircond-installation-kl-the-ultimate-2026-guide-rk-reno-solution\header-initial.png","768","90","768","90","true","168","69120","0.24305555555555555","0.055357831790123456","24","0.5","true"
"/aircond-installation-kl-the-ultimate-2026-guide-rk-reno-solution/","tablet","header-sticky","C:\Users\BGF\OneDrive\Documents\rkreno\.audit-cache\prompt-1-2\source\tablet\aircond-installation-kl-the-ultimate-2026-guide-rk-reno-solution\header-sticky.png","C:\Users\BGF\OneDrive\Documents\rkreno\.audit-cache\prompt-1-2\staging\tablet\aircond-installation-kl-the-ultimate-2026-guide-rk-reno-solution\header-sticky.png","C:\Users\BGF\OneDrive\Documents\rkreno\.audit-cache\prompt-1-2\differences\tablet\aircond-installation-kl-the-ultimate-2026-guide-rk-reno-solution\header-sticky.png","768","90","768","90","true","168","69120","0.24305555555555555","0.05539641203703704","24","0.5","true"
"/aircond-installation-kl-the-ultimate-2026-guide-rk-reno-solution/","tablet","menu-open","C:\Users\BGF\OneDrive\Documents\rkreno\.audit-cache\prompt-1-2\source\tablet\aircond-installation-kl-the-ultimate-2026-guide-rk-reno-solution\menu-open.png","C:\Users\BGF\OneDrive\Documents\rkreno\.audit-cache\prompt-1-2\staging\tablet\aircond-installation-kl-the-ultimate-2026-guide-rk-reno-solution\menu-open.png","C:\Users\BGF\OneDrive\Documents\rkreno\.audit-cache\prompt-1-2\differences\tablet\aircond-installation-kl-the-ultimate-2026-guide-rk-reno-solution\menu-open.png","768","1024","768","1024","true","126152","786432","16.041056315104164","11.2337523566352","24","0.5","true"
"/aircond-installation-kl-the-ultimate-2026-guide-rk-reno-solution/","tablet","submenu-open","C:\Users\BGF\OneDrive\Documents\rkreno\.audit-cache\prompt-1-2\source\tablet\aircond-installation-kl-the-ultimate-2026-guide-rk-reno-solution\submenu-open.png","C:\Users\BGF\OneDrive\Documents\rkreno\.audit-cache\prompt-1-2\staging\tablet\aircond-installation-kl-the-ultimate-2026-guide-rk-reno-solution\submenu-open.png","C:\Users\BGF\OneDrive\Documents\rkreno\.audit-cache\prompt-1-2\differences\tablet\aircond-installation-kl-the-ultimate-2026-guide-rk-reno-solution\submenu-open.png","768","1024","768","1024","true","145780","786432","18.536885579427086","14.235977596706814","24","0.5","true"
"/aircond-installation-kl-the-ultimate-2026-guide-rk-reno-solution/","tablet","footer","C:\Users\BGF\OneDrive\Documents\rkreno\.audit-cache\prompt-1-2\source\tablet\aircond-installation-kl-the-ultimate-2026-guide-rk-reno-solution\footer.png","C:\Users\BGF\OneDrive\Documents\rkreno\.audit-cache\prompt-1-2\staging\tablet\aircond-installation-kl-the-ultimate-2026-guide-rk-reno-solution\footer.png","C:\Users\BGF\OneDrive\Documents\rkreno\.audit-cache\prompt-1-2\differences\tablet\aircond-installation-kl-the-ultimate-2026-guide-rk-reno-solution\footer.png","768","759","768","1117","false","405856","857856","47.310504327066546","102.14544204777181","24","0.5","true"
"/aircond-installation-kl-the-ultimate-2026-guide-rk-reno-solution/","tablet","floating-actions","C:\Users\BGF\OneDrive\Documents\rkreno\.audit-cache\prompt-1-2\source\tablet\aircond-installation-kl-the-ultimate-2026-guide-rk-reno-solution\floating-actions.png","C:\Users\BGF\OneDrive\Documents\rkreno\.audit-cache\prompt-1-2\staging\tablet\aircond-installation-kl-the-ultimate-2026-guide-rk-reno-solution\floating-actions.png","C:\Users\BGF\OneDrive\Documents\rkreno\.audit-cache\prompt-1-2\differences\tablet\aircond-installation-kl-the-ultimate-2026-guide-rk-reno-solution\floating-actions.png","768","1024","768","1024","true","344451","786432","43.79920959472656","88.84159554375543","24","0.5","true"
"/aircond-installation-kl-the-ultimate-2026-guide-rk-reno-solution/","mobile","header-initial","C:\Users\BGF\OneDrive\Documents\rkreno\.audit-cache\prompt-1-2\source\mobile\aircond-installation-kl-the-ultimate-2026-guide-rk-reno-solution\header-initial.png","C:\Users\BGF\OneDrive\Documents\rkreno\.audit-cache\prompt-1-2\staging\mobile\aircond-installation-kl-the-ultimate-2026-guide-rk-reno-solution\header-initial.png","C:\Users\BGF\OneDrive\Documents\rkreno\.audit-cache\prompt-1-2\differences\mobile\aircond-installation-kl-the-ultimate-2026-guide-rk-reno-solution\header-initial.png","390","90","390","90","true","168","35100","0.47863247863247865","0.10901234567901234","24","0.5","true"
"/aircond-installation-kl-the-ultimate-2026-guide-rk-reno-solution/","mobile","header-sticky","C:\Users\BGF\OneDrive\Documents\rkreno\.audit-cache\prompt-1-2\source\mobile\aircond-installation-kl-the-ultimate-2026-guide-rk-reno-solution\header-sticky.png","C:\Users\BGF\OneDrive\Documents\rkreno\.audit-cache\prompt-1-2\staging\mobile\aircond-installation-kl-the-ultimate-2026-guide-rk-reno-solution\header-sticky.png","C:\Users\BGF\OneDrive\Documents\rkreno\.audit-cache\prompt-1-2\differences\mobile\aircond-installation-kl-the-ultimate-2026-guide-rk-reno-solution\header-sticky.png","390","90","390","90","true","168","35100","0.47863247863247865","0.10908831908831909","24","0.5","true"
"/aircond-installation-kl-the-ultimate-2026-guide-rk-reno-solution/","mobile","menu-open","C:\Users\BGF\OneDrive\Documents\rkreno\.audit-cache\prompt-1-2\source\mobile\aircond-installation-kl-the-ultimate-2026-guide-rk-reno-solution\menu-open.png","C:\Users\BGF\OneDrive\Documents\rkreno\.audit-cache\prompt-1-2\staging\mobile\aircond-installation-kl-the-ultimate-2026-guide-rk-reno-solution\menu-open.png","C:\Users\BGF\OneDrive\Documents\rkreno\.audit-cache\prompt-1-2\differences\mobile\aircond-installation-kl-the-ultimate-2026-guide-rk-reno-solution\menu-open.png","390","844","390","844","true","4354","329160","1.3227609673107303","1.7186120225219752","24","0.5","true"
"/aircond-installation-kl-the-ultimate-2026-guide-rk-reno-solution/","mobile","submenu-open","C:\Users\BGF\OneDrive\Documents\rkreno\.audit-cache\prompt-1-2\source\mobile\aircond-installation-kl-the-ultimate-2026-guide-rk-reno-solution\submenu-open.png","C:\Users\BGF\OneDrive\Documents\rkreno\.audit-cache\prompt-1-2\staging\mobile\aircond-installation-kl-the-ultimate-2026-guide-rk-reno-solution\submenu-open.png","C:\Users\BGF\OneDrive\Documents\rkreno\.audit-cache\prompt-1-2\differences\mobile\aircond-installation-kl-the-ultimate-2026-guide-rk-reno-solution\submenu-open.png","390","844","390","844","true","19935","329160","6.056325191396281","7.143083404220845","24","0.5","true"
"/aircond-installation-kl-the-ultimate-2026-guide-rk-reno-solution/","mobile","footer","C:\Users\BGF\OneDrive\Documents\rkreno\.audit-cache\prompt-1-2\source\mobile\aircond-installation-kl-the-ultimate-2026-guide-rk-reno-solution\footer.png","C:\Users\BGF\OneDrive\Documents\rkreno\.audit-cache\prompt-1-2\staging\mobile\aircond-installation-kl-the-ultimate-2026-guide-rk-reno-solution\footer.png","C:\Users\BGF\OneDrive\Documents\rkreno\.audit-cache\prompt-1-2\differences\mobile\aircond-installation-kl-the-ultimate-2026-guide-rk-reno-solution\footer.png","390","1397","390","1426","false","168004","556140","30.208940194914952","54.27415399000252","24","0.5","true"
"/aircond-installation-kl-the-ultimate-2026-guide-rk-reno-solution/","mobile","floating-actions","C:\Users\BGF\OneDrive\Documents\rkreno\.audit-cache\prompt-1-2\source\mobile\aircond-installation-kl-the-ultimate-2026-guide-rk-reno-solution\floating-actions.png","C:\Users\BGF\OneDrive\Documents\rkreno\.audit-cache\prompt-1-2\staging\mobile\aircond-installation-kl-the-ultimate-2026-guide-rk-reno-solution\floating-actions.png","C:\Users\BGF\OneDrive\Documents\rkreno\.audit-cache\prompt-1-2\differences\mobile\aircond-installation-kl-the-ultimate-2026-guide-rk-reno-solution\floating-actions.png","390","844","390","844","true","62541","329160","19.000182282172805","32.291525904322114","24","0.5","true"
"/electrical-services-selangor-the-complete-safety-pricing-guide-2026-edition/","desktop","header-initial","C:\Users\BGF\OneDrive\Documents\rkreno\.audit-cache\prompt-1-2\source\desktop\electrical-services-selangor-the-complete-safety-pricing-guide-2026-edition\header-initial.png","C:\Users\BGF\OneDrive\Documents\rkreno\.audit-cache\prompt-1-2\staging\desktop\electrical-services-selangor-the-complete-safety-pricing-guide-2026-edition\header-initial.png","C:\Users\BGF\OneDrive\Documents\rkreno\.audit-cache\prompt-1-2\differences\desktop\electrical-services-selangor-the-complete-safety-pricing-guide-2026-edition\header-initial.png","1440","171","1440","171","true","129826","246240","52.72335932423652","107.85634205111545","24","0.5","true"
"/electrical-services-selangor-the-complete-safety-pricing-guide-2026-edition/","desktop","header-sticky","C:\Users\BGF\OneDrive\Documents\rkreno\.audit-cache\prompt-1-2\source\desktop\electrical-services-selangor-the-complete-safety-pricing-guide-2026-edition\header-sticky.png","C:\Users\BGF\OneDrive\Documents\rkreno\.audit-cache\prompt-1-2\staging\desktop\electrical-services-selangor-the-complete-safety-pricing-guide-2026-edition\header-sticky.png","C:\Users\BGF\OneDrive\Documents\rkreno\.audit-cache\prompt-1-2\differences\desktop\electrical-services-selangor-the-complete-safety-pricing-guide-2026-edition\header-sticky.png","1440","100","1440","100","true","28790","144000","19.993055555555557","24.687453703703703","24","0.5","true"
"/electrical-services-selangor-the-complete-safety-pricing-guide-2026-edition/","desktop","dropdown-open","C:\Users\BGF\OneDrive\Documents\rkreno\.audit-cache\prompt-1-2\source\desktop\electrical-services-selangor-the-complete-safety-pricing-guide-2026-edition\dropdown-open.png","C:\Users\BGF\OneDrive\Documents\rkreno\.audit-cache\prompt-1-2\staging\desktop\electrical-services-selangor-the-complete-safety-pricing-guide-2026-edition\dropdown-open.png","C:\Users\BGF\OneDrive\Documents\rkreno\.audit-cache\prompt-1-2\differences\desktop\electrical-services-selangor-the-complete-safety-pricing-guide-2026-edition\dropdown-open.png","339","459","340","458","false","18592","156060","11.913366653851083","15.428463411508394","24","0.5","true"
"/electrical-services-selangor-the-complete-safety-pricing-guide-2026-edition/","desktop","footer","C:\Users\BGF\OneDrive\Documents\rkreno\.audit-cache\prompt-1-2\source\desktop\electrical-services-selangor-the-complete-safety-pricing-guide-2026-edition\footer.png","C:\Users\BGF\OneDrive\Documents\rkreno\.audit-cache\prompt-1-2\staging\desktop\electrical-services-selangor-the-complete-safety-pricing-guide-2026-edition\footer.png","C:\Users\BGF\OneDrive\Documents\rkreno\.audit-cache\prompt-1-2\differences\desktop\electrical-services-selangor-the-complete-safety-pricing-guide-2026-edition\footer.png","1440","774","1440","733","false","266322","1114560","23.8948105081826","37.70415889080295","24","0.5","true"
"/electrical-services-selangor-the-complete-safety-pricing-guide-2026-edition/","desktop","floating-actions","C:\Users\BGF\OneDrive\Documents\rkreno\.audit-cache\prompt-1-2\source\desktop\electrical-services-selangor-the-complete-safety-pricing-guide-2026-edition\floating-actions.png","C:\Users\BGF\OneDrive\Documents\rkreno\.audit-cache\prompt-1-2\staging\desktop\electrical-services-selangor-the-complete-safety-pricing-guide-2026-edition\floating-actions.png","C:\Users\BGF\OneDrive\Documents\rkreno\.audit-cache\prompt-1-2\differences\desktop\electrical-services-selangor-the-complete-safety-pricing-guide-2026-edition\floating-actions.png","1440","1000","1440","1000","true","349090","1440000","24.24236111111111","36.40060648148148","24","0.5","true"
"/electrical-services-selangor-the-complete-safety-pricing-guide-2026-edition/","tablet","header-initial","C:\Users\BGF\OneDrive\Documents\rkreno\.audit-cache\prompt-1-2\source\tablet\electrical-services-selangor-the-complete-safety-pricing-guide-2026-edition\header-initial.png","C:\Users\BGF\OneDrive\Documents\rkreno\.audit-cache\prompt-1-2\staging\tablet\electrical-services-selangor-the-complete-safety-pricing-guide-2026-edition\header-initial.png","C:\Users\BGF\OneDrive\Documents\rkreno\.audit-cache\prompt-1-2\differences\tablet\electrical-services-selangor-the-complete-safety-pricing-guide-2026-edition\header-initial.png","768","90","768","90","true","168","69120","0.24305555555555555","0.055357831790123456","24","0.5","true"
"/electrical-services-selangor-the-complete-safety-pricing-guide-2026-edition/","tablet","header-sticky","C:\Users\BGF\OneDrive\Documents\rkreno\.audit-cache\prompt-1-2\source\tablet\electrical-services-selangor-the-complete-safety-pricing-guide-2026-edition\header-sticky.png","C:\Users\BGF\OneDrive\Documents\rkreno\.audit-cache\prompt-1-2\staging\tablet\electrical-services-selangor-the-complete-safety-pricing-guide-2026-edition\header-sticky.png","C:\Users\BGF\OneDrive\Documents\rkreno\.audit-cache\prompt-1-2\differences\tablet\electrical-services-selangor-the-complete-safety-pricing-guide-2026-edition\header-sticky.png","768","90","768","90","true","168","69120","0.24305555555555555","0.05539641203703704","24","0.5","true"
"/electrical-services-selangor-the-complete-safety-pricing-guide-2026-edition/","tablet","menu-open","C:\Users\BGF\OneDrive\Documents\rkreno\.audit-cache\prompt-1-2\source\tablet\electrical-services-selangor-the-complete-safety-pricing-guide-2026-edition\menu-open.png","C:\Users\BGF\OneDrive\Documents\rkreno\.audit-cache\prompt-1-2\staging\tablet\electrical-services-selangor-the-complete-safety-pricing-guide-2026-edition\menu-open.png","C:\Users\BGF\OneDrive\Documents\rkreno\.audit-cache\prompt-1-2\differences\tablet\electrical-services-selangor-the-complete-safety-pricing-guide-2026-edition\menu-open.png","768","1024","768","1024","true","126299","786432","16.059748331705727","11.373661888970268","24","0.5","true"
"/electrical-services-selangor-the-complete-safety-pricing-guide-2026-edition/","tablet","submenu-open","C:\Users\BGF\OneDrive\Documents\rkreno\.audit-cache\prompt-1-2\source\tablet\electrical-services-selangor-the-complete-safety-pricing-guide-2026-edition\submenu-open.png","C:\Users\BGF\OneDrive\Documents\rkreno\.audit-cache\prompt-1-2\staging\tablet\electrical-services-selangor-the-complete-safety-pricing-guide-2026-edition\submenu-open.png","C:\Users\BGF\OneDrive\Documents\rkreno\.audit-cache\prompt-1-2\differences\tablet\electrical-services-selangor-the-complete-safety-pricing-guide-2026-edition\submenu-open.png","768","1024","768","1024","true","145927","786432","18.555577596028648","14.375887129041883","24","0.5","true"
"/electrical-services-selangor-the-complete-safety-pricing-guide-2026-edition/","tablet","footer","C:\Users\BGF\OneDrive\Documents\rkreno\.audit-cache\prompt-1-2\source\tablet\electrical-services-selangor-the-complete-safety-pricing-guide-2026-edition\footer.png","C:\Users\BGF\OneDrive\Documents\rkreno\.audit-cache\prompt-1-2\staging\tablet\electrical-services-selangor-the-complete-safety-pricing-guide-2026-edition\footer.png","C:\Users\BGF\OneDrive\Documents\rkreno\.audit-cache\prompt-1-2\differences\tablet\electrical-services-selangor-the-complete-safety-pricing-guide-2026-edition\footer.png","768","759","768","1117","false","407217","857856","47.46915566248881","102.56326003431812","24","0.5","true"
"/electrical-services-selangor-the-complete-safety-pricing-guide-2026-edition/","tablet","floating-actions","C:\Users\BGF\OneDrive\Documents\rkreno\.audit-cache\prompt-1-2\source\tablet\electrical-services-selangor-the-complete-safety-pricing-guide-2026-edition\floating-actions.png","C:\Users\BGF\OneDrive\Documents\rkreno\.audit-cache\prompt-1-2\staging\tablet\electrical-services-selangor-the-complete-safety-pricing-guide-2026-edition\floating-actions.png","C:\Users\BGF\OneDrive\Documents\rkreno\.audit-cache\prompt-1-2\differences\tablet\electrical-services-selangor-the-complete-safety-pricing-guide-2026-edition\floating-actions.png","768","1024","768","1024","true","346728","786432","44.0887451171875","89.06449762980144","24","0.5","true"
"/electrical-services-selangor-the-complete-safety-pricing-guide-2026-edition/","mobile","header-initial","C:\Users\BGF\OneDrive\Documents\rkreno\.audit-cache\prompt-1-2\source\mobile\electrical-services-selangor-the-complete-safety-pricing-guide-2026-edition\header-initial.png","C:\Users\BGF\OneDrive\Documents\rkreno\.audit-cache\prompt-1-2\staging\mobile\electrical-services-selangor-the-complete-safety-pricing-guide-2026-edition\header-initial.png","C:\Users\BGF\OneDrive\Documents\rkreno\.audit-cache\prompt-1-2\differences\mobile\electrical-services-selangor-the-complete-safety-pricing-guide-2026-edition\header-initial.png","390","90","390","90","true","168","35100","0.47863247863247865","0.10901234567901234","24","0.5","true"
"/electrical-services-selangor-the-complete-safety-pricing-guide-2026-edition/","mobile","header-sticky","C:\Users\BGF\OneDrive\Documents\rkreno\.audit-cache\prompt-1-2\source\mobile\electrical-services-selangor-the-complete-safety-pricing-guide-2026-edition\header-sticky.png","C:\Users\BGF\OneDrive\Documents\rkreno\.audit-cache\prompt-1-2\staging\mobile\electrical-services-selangor-the-complete-safety-pricing-guide-2026-edition\header-sticky.png","C:\Users\BGF\OneDrive\Documents\rkreno\.audit-cache\prompt-1-2\differences\mobile\electrical-services-selangor-the-complete-safety-pricing-guide-2026-edition\header-sticky.png","390","90","390","90","true","168","35100","0.47863247863247865","0.10908831908831909","24","0.5","true"
"/electrical-services-selangor-the-complete-safety-pricing-guide-2026-edition/","mobile","menu-open","C:\Users\BGF\OneDrive\Documents\rkreno\.audit-cache\prompt-1-2\source\mobile\electrical-services-selangor-the-complete-safety-pricing-guide-2026-edition\menu-open.png","C:\Users\BGF\OneDrive\Documents\rkreno\.audit-cache\prompt-1-2\staging\mobile\electrical-services-selangor-the-complete-safety-pricing-guide-2026-edition\menu-open.png","C:\Users\BGF\OneDrive\Documents\rkreno\.audit-cache\prompt-1-2\differences\mobile\electrical-services-selangor-the-complete-safety-pricing-guide-2026-edition\menu-open.png","390","844","390","844","true","4354","329160","1.3227609673107303","1.7186120225219752","24","0.5","true"
"/electrical-services-selangor-the-complete-safety-pricing-guide-2026-edition/","mobile","submenu-open","C:\Users\BGF\OneDrive\Documents\rkreno\.audit-cache\prompt-1-2\source\mobile\electrical-services-selangor-the-complete-safety-pricing-guide-2026-edition\submenu-open.png","C:\Users\BGF\OneDrive\Documents\rkreno\.audit-cache\prompt-1-2\staging\mobile\electrical-services-selangor-the-complete-safety-pricing-guide-2026-edition\submenu-open.png","C:\Users\BGF\OneDrive\Documents\rkreno\.audit-cache\prompt-1-2\differences\mobile\electrical-services-selangor-the-complete-safety-pricing-guide-2026-edition\submenu-open.png","390","844","390","844","true","19935","329160","6.056325191396281","7.143083404220845","24","0.5","true"
"/electrical-services-selangor-the-complete-safety-pricing-guide-2026-edition/","mobile","footer","C:\Users\BGF\OneDrive\Documents\rkreno\.audit-cache\prompt-1-2\source\mobile\electrical-services-selangor-the-complete-safety-pricing-guide-2026-edition\footer.png","C:\Users\BGF\OneDrive\Documents\rkreno\.audit-cache\prompt-1-2\staging\mobile\electrical-services-selangor-the-complete-safety-pricing-guide-2026-edition\footer.png","C:\Users\BGF\OneDrive\Documents\rkreno\.audit-cache\prompt-1-2\differences\mobile\electrical-services-selangor-the-complete-safety-pricing-guide-2026-edition\footer.png","390","1397","390","1426","false","168328","556140","30.2671989067501","54.09360892341257","24","0.5","true"
"/electrical-services-selangor-the-complete-safety-pricing-guide-2026-edition/","mobile","floating-actions","C:\Users\BGF\OneDrive\Documents\rkreno\.audit-cache\prompt-1-2\source\mobile\electrical-services-selangor-the-complete-safety-pricing-guide-2026-edition\floating-actions.png","C:\Users\BGF\OneDrive\Documents\rkreno\.audit-cache\prompt-1-2\staging\mobile\electrical-services-selangor-the-complete-safety-pricing-guide-2026-edition\floating-actions.png","C:\Users\BGF\OneDrive\Documents\rkreno\.audit-cache\prompt-1-2\differences\mobile\electrical-services-selangor-the-complete-safety-pricing-guide-2026-edition\floating-actions.png","390","844","390","844","true","62777","329160","19.07187993680885","32.462308097379186","24","0.5","true"
"/house-renovation-in-kuala-lumpur-the-ultimate-planning-cost-guide-2026/","desktop","header-initial","C:\Users\BGF\OneDrive\Documents\rkreno\.audit-cache\prompt-1-2\source\desktop\house-renovation-in-kuala-lumpur-the-ultimate-planning-cost-guide-2026\header-initial.png","C:\Users\BGF\OneDrive\Documents\rkreno\.audit-cache\prompt-1-2\staging\desktop\house-renovation-in-kuala-lumpur-the-ultimate-planning-cost-guide-2026\header-initial.png","C:\Users\BGF\OneDrive\Documents\rkreno\.audit-cache\prompt-1-2\differences\desktop\house-renovation-in-kuala-lumpur-the-ultimate-planning-cost-guide-2026\header-initial.png","1440","171","1440","171","true","129826","246240","52.72335932423652","107.85634205111545","24","0.5","true"
"/house-renovation-in-kuala-lumpur-the-ultimate-planning-cost-guide-2026/","desktop","header-sticky","C:\Users\BGF\OneDrive\Documents\rkreno\.audit-cache\prompt-1-2\source\desktop\house-renovation-in-kuala-lumpur-the-ultimate-planning-cost-guide-2026\header-sticky.png","C:\Users\BGF\OneDrive\Documents\rkreno\.audit-cache\prompt-1-2\staging\desktop\house-renovation-in-kuala-lumpur-the-ultimate-planning-cost-guide-2026\header-sticky.png","C:\Users\BGF\OneDrive\Documents\rkreno\.audit-cache\prompt-1-2\differences\desktop\house-renovation-in-kuala-lumpur-the-ultimate-planning-cost-guide-2026\header-sticky.png","1440","100","1440","100","true","28790","144000","19.993055555555557","24.687453703703703","24","0.5","true"
"/house-renovation-in-kuala-lumpur-the-ultimate-planning-cost-guide-2026/","desktop","dropdown-open","C:\Users\BGF\OneDrive\Documents\rkreno\.audit-cache\prompt-1-2\source\desktop\house-renovation-in-kuala-lumpur-the-ultimate-planning-cost-guide-2026\dropdown-open.png","C:\Users\BGF\OneDrive\Documents\rkreno\.audit-cache\prompt-1-2\staging\desktop\house-renovation-in-kuala-lumpur-the-ultimate-planning-cost-guide-2026\dropdown-open.png","C:\Users\BGF\OneDrive\Documents\rkreno\.audit-cache\prompt-1-2\differences\desktop\house-renovation-in-kuala-lumpur-the-ultimate-planning-cost-guide-2026\dropdown-open.png","339","459","340","458","false","18671","156060","11.96398820966295","15.451952240591226","24","0.5","true"
"/house-renovation-in-kuala-lumpur-the-ultimate-planning-cost-guide-2026/","desktop","footer","C:\Users\BGF\OneDrive\Documents\rkreno\.audit-cache\prompt-1-2\source\desktop\house-renovation-in-kuala-lumpur-the-ultimate-planning-cost-guide-2026\footer.png","C:\Users\BGF\OneDrive\Documents\rkreno\.audit-cache\prompt-1-2\staging\desktop\house-renovation-in-kuala-lumpur-the-ultimate-planning-cost-guide-2026\footer.png","C:\Users\BGF\OneDrive\Documents\rkreno\.audit-cache\prompt-1-2\differences\desktop\house-renovation-in-kuala-lumpur-the-ultimate-planning-cost-guide-2026\footer.png","1440","774","1440","733","false","265946","1114560","23.86107522250933","37.41914477461958","24","0.5","true"
"/house-renovation-in-kuala-lumpur-the-ultimate-planning-cost-guide-2026/","desktop","floating-actions","C:\Users\BGF\OneDrive\Documents\rkreno\.audit-cache\prompt-1-2\source\desktop\house-renovation-in-kuala-lumpur-the-ultimate-planning-cost-guide-2026\floating-actions.png","C:\Users\BGF\OneDrive\Documents\rkreno\.audit-cache\prompt-1-2\staging\desktop\house-renovation-in-kuala-lumpur-the-ultimate-planning-cost-guide-2026\floating-actions.png","C:\Users\BGF\OneDrive\Documents\rkreno\.audit-cache\prompt-1-2\differences\desktop\house-renovation-in-kuala-lumpur-the-ultimate-planning-cost-guide-2026\floating-actions.png","1440","1000","1440","1000","true","348303","1440000","24.187708333333333","36.21278541666667","24","0.5","true"
"/house-renovation-in-kuala-lumpur-the-ultimate-planning-cost-guide-2026/","tablet","header-initial","C:\Users\BGF\OneDrive\Documents\rkreno\.audit-cache\prompt-1-2\source\tablet\house-renovation-in-kuala-lumpur-the-ultimate-planning-cost-guide-2026\header-initial.png","C:\Users\BGF\OneDrive\Documents\rkreno\.audit-cache\prompt-1-2\staging\tablet\house-renovation-in-kuala-lumpur-the-ultimate-planning-cost-guide-2026\header-initial.png","C:\Users\BGF\OneDrive\Documents\rkreno\.audit-cache\prompt-1-2\differences\tablet\house-renovation-in-kuala-lumpur-the-ultimate-planning-cost-guide-2026\header-initial.png","768","90","768","90","true","168","69120","0.24305555555555555","0.055357831790123456","24","0.5","true"
"/house-renovation-in-kuala-lumpur-the-ultimate-planning-cost-guide-2026/","tablet","header-sticky","C:\Users\BGF\OneDrive\Documents\rkreno\.audit-cache\prompt-1-2\source\tablet\house-renovation-in-kuala-lumpur-the-ultimate-planning-cost-guide-2026\header-sticky.png","C:\Users\BGF\OneDrive\Documents\rkreno\.audit-cache\prompt-1-2\staging\tablet\house-renovation-in-kuala-lumpur-the-ultimate-planning-cost-guide-2026\header-sticky.png","C:\Users\BGF\OneDrive\Documents\rkreno\.audit-cache\prompt-1-2\differences\tablet\house-renovation-in-kuala-lumpur-the-ultimate-planning-cost-guide-2026\header-sticky.png","768","90","768","90","true","168","69120","0.24305555555555555","0.05539641203703704","24","0.5","true"
"/house-renovation-in-kuala-lumpur-the-ultimate-planning-cost-guide-2026/","tablet","menu-open","C:\Users\BGF\OneDrive\Documents\rkreno\.audit-cache\prompt-1-2\source\tablet\house-renovation-in-kuala-lumpur-the-ultimate-planning-cost-guide-2026\menu-open.png","C:\Users\BGF\OneDrive\Documents\rkreno\.audit-cache\prompt-1-2\staging\tablet\house-renovation-in-kuala-lumpur-the-ultimate-planning-cost-guide-2026\menu-open.png","C:\Users\BGF\OneDrive\Documents\rkreno\.audit-cache\prompt-1-2\differences\tablet\house-renovation-in-kuala-lumpur-the-ultimate-planning-cost-guide-2026\menu-open.png","768","1024","768","1024","true","126918","786432","16.138458251953125","11.677099015977648","24","0.5","true"
"/house-renovation-in-kuala-lumpur-the-ultimate-planning-cost-guide-2026/","tablet","submenu-open","C:\Users\BGF\OneDrive\Documents\rkreno\.audit-cache\prompt-1-2\source\tablet\house-renovation-in-kuala-lumpur-the-ultimate-planning-cost-guide-2026\submenu-open.png","C:\Users\BGF\OneDrive\Documents\rkreno\.audit-cache\prompt-1-2\staging\tablet\house-renovation-in-kuala-lumpur-the-ultimate-planning-cost-guide-2026\submenu-open.png","C:\Users\BGF\OneDrive\Documents\rkreno\.audit-cache\prompt-1-2\differences\tablet\house-renovation-in-kuala-lumpur-the-ultimate-planning-cost-guide-2026\submenu-open.png","768","1024","768","1024","true","146546","786432","18.63428751627604","14.679324256049263","24","0.5","true"
"/house-renovation-in-kuala-lumpur-the-ultimate-planning-cost-guide-2026/","tablet","footer","C:\Users\BGF\OneDrive\Documents\rkreno\.audit-cache\prompt-1-2\source\tablet\house-renovation-in-kuala-lumpur-the-ultimate-planning-cost-guide-2026\footer.png","C:\Users\BGF\OneDrive\Documents\rkreno\.audit-cache\prompt-1-2\staging\tablet\house-renovation-in-kuala-lumpur-the-ultimate-planning-cost-guide-2026\footer.png","C:\Users\BGF\OneDrive\Documents\rkreno\.audit-cache\prompt-1-2\differences\tablet\house-renovation-in-kuala-lumpur-the-ultimate-planning-cost-guide-2026\footer.png","768","759","768","1116","false","404250","857088","47.165518593189965","101.71074109854142","24","0.5","true"
"/house-renovation-in-kuala-lumpur-the-ultimate-planning-cost-guide-2026/","tablet","floating-actions","C:\Users\BGF\OneDrive\Documents\rkreno\.audit-cache\prompt-1-2\source\tablet\house-renovation-in-kuala-lumpur-the-ultimate-planning-cost-guide-2026\floating-actions.png","C:\Users\BGF\OneDrive\Documents\rkreno\.audit-cache\prompt-1-2\staging\tablet\house-renovation-in-kuala-lumpur-the-ultimate-planning-cost-guide-2026\floating-actions.png","C:\Users\BGF\OneDrive\Documents\rkreno\.audit-cache\prompt-1-2\differences\tablet\house-renovation-in-kuala-lumpur-the-ultimate-planning-cost-guide-2026\floating-actions.png","768","1024","768","1024","true","344810","786432","43.844858805338546","88.95287280612521","24","0.5","true"
"/house-renovation-in-kuala-lumpur-the-ultimate-planning-cost-guide-2026/","mobile","header-initial","C:\Users\BGF\OneDrive\Documents\rkreno\.audit-cache\prompt-1-2\source\mobile\house-renovation-in-kuala-lumpur-the-ultimate-planning-cost-guide-2026\header-initial.png","C:\Users\BGF\OneDrive\Documents\rkreno\.audit-cache\prompt-1-2\staging\mobile\house-renovation-in-kuala-lumpur-the-ultimate-planning-cost-guide-2026\header-initial.png","C:\Users\BGF\OneDrive\Documents\rkreno\.audit-cache\prompt-1-2\differences\mobile\house-renovation-in-kuala-lumpur-the-ultimate-planning-cost-guide-2026\header-initial.png","390","90","390","90","true","168","35100","0.47863247863247865","0.10901234567901234","24","0.5","true"
"/house-renovation-in-kuala-lumpur-the-ultimate-planning-cost-guide-2026/","mobile","header-sticky","C:\Users\BGF\OneDrive\Documents\rkreno\.audit-cache\prompt-1-2\source\mobile\house-renovation-in-kuala-lumpur-the-ultimate-planning-cost-guide-2026\header-sticky.png","C:\Users\BGF\OneDrive\Documents\rkreno\.audit-cache\prompt-1-2\staging\mobile\house-renovation-in-kuala-lumpur-the-ultimate-planning-cost-guide-2026\header-sticky.png","C:\Users\BGF\OneDrive\Documents\rkreno\.audit-cache\prompt-1-2\differences\mobile\house-renovation-in-kuala-lumpur-the-ultimate-planning-cost-guide-2026\header-sticky.png","390","90","390","90","true","168","35100","0.47863247863247865","0.10908831908831909","24","0.5","true"
"/house-renovation-in-kuala-lumpur-the-ultimate-planning-cost-guide-2026/","mobile","menu-open","C:\Users\BGF\OneDrive\Documents\rkreno\.audit-cache\prompt-1-2\source\mobile\house-renovation-in-kuala-lumpur-the-ultimate-planning-cost-guide-2026\menu-open.png","C:\Users\BGF\OneDrive\Documents\rkreno\.audit-cache\prompt-1-2\staging\mobile\house-renovation-in-kuala-lumpur-the-ultimate-planning-cost-guide-2026\menu-open.png","C:\Users\BGF\OneDrive\Documents\rkreno\.audit-cache\prompt-1-2\differences\mobile\house-renovation-in-kuala-lumpur-the-ultimate-planning-cost-guide-2026\menu-open.png","390","844","390","844","true","4354","329160","1.3227609673107303","1.7186120225219752","24","0.5","true"
"/house-renovation-in-kuala-lumpur-the-ultimate-planning-cost-guide-2026/","mobile","submenu-open","C:\Users\BGF\OneDrive\Documents\rkreno\.audit-cache\prompt-1-2\source\mobile\house-renovation-in-kuala-lumpur-the-ultimate-planning-cost-guide-2026\submenu-open.png","C:\Users\BGF\OneDrive\Documents\rkreno\.audit-cache\prompt-1-2\staging\mobile\house-renovation-in-kuala-lumpur-the-ultimate-planning-cost-guide-2026\submenu-open.png","C:\Users\BGF\OneDrive\Documents\rkreno\.audit-cache\prompt-1-2\differences\mobile\house-renovation-in-kuala-lumpur-the-ultimate-planning-cost-guide-2026\submenu-open.png","390","844","390","844","true","19935","329160","6.056325191396281","7.143083404220845","24","0.5","true"
"/house-renovation-in-kuala-lumpur-the-ultimate-planning-cost-guide-2026/","mobile","footer","C:\Users\BGF\OneDrive\Documents\rkreno\.audit-cache\prompt-1-2\source\mobile\house-renovation-in-kuala-lumpur-the-ultimate-planning-cost-guide-2026\footer.png","C:\Users\BGF\OneDrive\Documents\rkreno\.audit-cache\prompt-1-2\staging\mobile\house-renovation-in-kuala-lumpur-the-ultimate-planning-cost-guide-2026\footer.png","C:\Users\BGF\OneDrive\Documents\rkreno\.audit-cache\prompt-1-2\differences\mobile\house-renovation-in-kuala-lumpur-the-ultimate-planning-cost-guide-2026\footer.png","390","1396","390","1426","false","169533","556140","30.483870967741932","54.74595725296987","24","0.5","true"
"/house-renovation-in-kuala-lumpur-the-ultimate-planning-cost-guide-2026/","mobile","floating-actions","C:\Users\BGF\OneDrive\Documents\rkreno\.audit-cache\prompt-1-2\source\mobile\house-renovation-in-kuala-lumpur-the-ultimate-planning-cost-guide-2026\floating-actions.png","C:\Users\BGF\OneDrive\Documents\rkreno\.audit-cache\prompt-1-2\staging\mobile\house-renovation-in-kuala-lumpur-the-ultimate-planning-cost-guide-2026\floating-actions.png","C:\Users\BGF\OneDrive\Documents\rkreno\.audit-cache\prompt-1-2\differences\mobile\house-renovation-in-kuala-lumpur-the-ultimate-planning-cost-guide-2026\floating-actions.png","390","844","390","844","true","62748","329160","19.06306963179001","32.44942884919188","24","0.5","true"
"/house-renovation-in-selangor-the-ultimate-2026-guide-to-extending-your-home/","desktop","header-initial","C:\Users\BGF\OneDrive\Documents\rkreno\.audit-cache\prompt-1-2\source\desktop\house-renovation-in-selangor-the-ultimate-2026-guide-to-extending-your-home\header-initial.png","C:\Users\BGF\OneDrive\Documents\rkreno\.audit-cache\prompt-1-2\staging\desktop\house-renovation-in-selangor-the-ultimate-2026-guide-to-extending-your-home\header-initial.png","C:\Users\BGF\OneDrive\Documents\rkreno\.audit-cache\prompt-1-2\differences\desktop\house-renovation-in-selangor-the-ultimate-2026-guide-to-extending-your-home\header-initial.png","1440","171","1440","171","true","129826","246240","52.72335932423652","107.85634205111545","24","0.5","true"
"/house-renovation-in-selangor-the-ultimate-2026-guide-to-extending-your-home/","desktop","header-sticky","C:\Users\BGF\OneDrive\Documents\rkreno\.audit-cache\prompt-1-2\source\desktop\house-renovation-in-selangor-the-ultimate-2026-guide-to-extending-your-home\header-sticky.png","C:\Users\BGF\OneDrive\Documents\rkreno\.audit-cache\prompt-1-2\staging\desktop\house-renovation-in-selangor-the-ultimate-2026-guide-to-extending-your-home\header-sticky.png","C:\Users\BGF\OneDrive\Documents\rkreno\.audit-cache\prompt-1-2\differences\desktop\house-renovation-in-selangor-the-ultimate-2026-guide-to-extending-your-home\header-sticky.png","1440","100","1440","100","true","28790","144000","19.993055555555557","24.687453703703703","24","0.5","true"
"/house-renovation-in-selangor-the-ultimate-2026-guide-to-extending-your-home/","desktop","dropdown-open","C:\Users\BGF\OneDrive\Documents\rkreno\.audit-cache\prompt-1-2\source\desktop\house-renovation-in-selangor-the-ultimate-2026-guide-to-extending-your-home\dropdown-open.png","C:\Users\BGF\OneDrive\Documents\rkreno\.audit-cache\prompt-1-2\staging\desktop\house-renovation-in-selangor-the-ultimate-2026-guide-to-extending-your-home\dropdown-open.png","C:\Users\BGF\OneDrive\Documents\rkreno\.audit-cache\prompt-1-2\differences\desktop\house-renovation-in-selangor-the-ultimate-2026-guide-to-extending-your-home\dropdown-open.png","339","459","340","458","false","18620","156060","11.93130847110086","15.433106924687086","24","0.5","true"
"/house-renovation-in-selangor-the-ultimate-2026-guide-to-extending-your-home/","desktop","footer","C:\Users\BGF\OneDrive\Documents\rkreno\.audit-cache\prompt-1-2\source\desktop\house-renovation-in-selangor-the-ultimate-2026-guide-to-extending-your-home\footer.png","C:\Users\BGF\OneDrive\Documents\rkreno\.audit-cache\prompt-1-2\staging\desktop\house-renovation-in-selangor-the-ultimate-2026-guide-to-extending-your-home\footer.png","C:\Users\BGF\OneDrive\Documents\rkreno\.audit-cache\prompt-1-2\differences\desktop\house-renovation-in-selangor-the-ultimate-2026-guide-to-extending-your-home\footer.png","1440","774","1440","733","false","265865","1114560","23.853807780648868","37.97521114460714","24","0.5","true"
"/house-renovation-in-selangor-the-ultimate-2026-guide-to-extending-your-home/","desktop","floating-actions","C:\Users\BGF\OneDrive\Documents\rkreno\.audit-cache\prompt-1-2\source\desktop\house-renovation-in-selangor-the-ultimate-2026-guide-to-extending-your-home\floating-actions.png","C:\Users\BGF\OneDrive\Documents\rkreno\.audit-cache\prompt-1-2\staging\desktop\house-renovation-in-selangor-the-ultimate-2026-guide-to-extending-your-home\floating-actions.png","C:\Users\BGF\OneDrive\Documents\rkreno\.audit-cache\prompt-1-2\differences\desktop\house-renovation-in-selangor-the-ultimate-2026-guide-to-extending-your-home\floating-actions.png","1440","1000","1440","1000","true","346823","1440000","24.084930555555555","36.22689861111111","24","0.5","true"
"/house-renovation-in-selangor-the-ultimate-2026-guide-to-extending-your-home/","tablet","header-initial","C:\Users\BGF\OneDrive\Documents\rkreno\.audit-cache\prompt-1-2\source\tablet\house-renovation-in-selangor-the-ultimate-2026-guide-to-extending-your-home\header-initial.png","C:\Users\BGF\OneDrive\Documents\rkreno\.audit-cache\prompt-1-2\staging\tablet\house-renovation-in-selangor-the-ultimate-2026-guide-to-extending-your-home\header-initial.png","C:\Users\BGF\OneDrive\Documents\rkreno\.audit-cache\prompt-1-2\differences\tablet\house-renovation-in-selangor-the-ultimate-2026-guide-to-extending-your-home\header-initial.png","768","90","768","90","true","168","69120","0.24305555555555555","0.055357831790123456","24","0.5","true"
"/house-renovation-in-selangor-the-ultimate-2026-guide-to-extending-your-home/","tablet","header-sticky","C:\Users\BGF\OneDrive\Documents\rkreno\.audit-cache\prompt-1-2\source\tablet\house-renovation-in-selangor-the-ultimate-2026-guide-to-extending-your-home\header-sticky.png","C:\Users\BGF\OneDrive\Documents\rkreno\.audit-cache\prompt-1-2\staging\tablet\house-renovation-in-selangor-the-ultimate-2026-guide-to-extending-your-home\header-sticky.png","C:\Users\BGF\OneDrive\Documents\rkreno\.audit-cache\prompt-1-2\differences\tablet\house-renovation-in-selangor-the-ultimate-2026-guide-to-extending-your-home\header-sticky.png","768","90","768","90","true","168","69120","0.24305555555555555","0.05539641203703704","24","0.5","true"
"/house-renovation-in-selangor-the-ultimate-2026-guide-to-extending-your-home/","tablet","menu-open","C:\Users\BGF\OneDrive\Documents\rkreno\.audit-cache\prompt-1-2\source\tablet\house-renovation-in-selangor-the-ultimate-2026-guide-to-extending-your-home\menu-open.png","C:\Users\BGF\OneDrive\Documents\rkreno\.audit-cache\prompt-1-2\staging\tablet\house-renovation-in-selangor-the-ultimate-2026-guide-to-extending-your-home\menu-open.png","C:\Users\BGF\OneDrive\Documents\rkreno\.audit-cache\prompt-1-2\differences\tablet\house-renovation-in-selangor-the-ultimate-2026-guide-to-extending-your-home\menu-open.png","768","1024","768","1024","true","128963","786432","16.398493448893227","11.454596201578775","24","0.5","true"
"/house-renovation-in-selangor-the-ultimate-2026-guide-to-extending-your-home/","tablet","submenu-open","C:\Users\BGF\OneDrive\Documents\rkreno\.audit-cache\prompt-1-2\source\tablet\house-renovation-in-selangor-the-ultimate-2026-guide-to-extending-your-home\submenu-open.png","C:\Users\BGF\OneDrive\Documents\rkreno\.audit-cache\prompt-1-2\staging\tablet\house-renovation-in-selangor-the-ultimate-2026-guide-to-extending-your-home\submenu-open.png","C:\Users\BGF\OneDrive\Documents\rkreno\.audit-cache\prompt-1-2\differences\tablet\house-renovation-in-selangor-the-ultimate-2026-guide-to-extending-your-home\submenu-open.png","768","1024","768","1024","true","148591","786432","18.894322713216148","14.45682144165039","24","0.5","true"
"/house-renovation-in-selangor-the-ultimate-2026-guide-to-extending-your-home/","tablet","footer","C:\Users\BGF\OneDrive\Documents\rkreno\.audit-cache\prompt-1-2\source\tablet\house-renovation-in-selangor-the-ultimate-2026-guide-to-extending-your-home\footer.png","C:\Users\BGF\OneDrive\Documents\rkreno\.audit-cache\prompt-1-2\staging\tablet\house-renovation-in-selangor-the-ultimate-2026-guide-to-extending-your-home\footer.png","C:\Users\BGF\OneDrive\Documents\rkreno\.audit-cache\prompt-1-2\differences\tablet\house-renovation-in-selangor-the-ultimate-2026-guide-to-extending-your-home\footer.png","768","759","768","1117","false","405891","857856","47.31458426589078","102.17148643439769","24","0.5","true"
"/house-renovation-in-selangor-the-ultimate-2026-guide-to-extending-your-home/","tablet","floating-actions","C:\Users\BGF\OneDrive\Documents\rkreno\.audit-cache\prompt-1-2\source\tablet\house-renovation-in-selangor-the-ultimate-2026-guide-to-extending-your-home\floating-actions.png","C:\Users\BGF\OneDrive\Documents\rkreno\.audit-cache\prompt-1-2\staging\tablet\house-renovation-in-selangor-the-ultimate-2026-guide-to-extending-your-home\floating-actions.png","C:\Users\BGF\OneDrive\Documents\rkreno\.audit-cache\prompt-1-2\differences\tablet\house-renovation-in-selangor-the-ultimate-2026-guide-to-extending-your-home\floating-actions.png","768","1024","768","1024","true","344273","786432","43.77657572428386","88.82795503404405","24","0.5","true"
"/house-renovation-in-selangor-the-ultimate-2026-guide-to-extending-your-home/","mobile","header-initial","C:\Users\BGF\OneDrive\Documents\rkreno\.audit-cache\prompt-1-2\source\mobile\house-renovation-in-selangor-the-ultimate-2026-guide-to-extending-your-home\header-initial.png","C:\Users\BGF\OneDrive\Documents\rkreno\.audit-cache\prompt-1-2\staging\mobile\house-renovation-in-selangor-the-ultimate-2026-guide-to-extending-your-home\header-initial.png","C:\Users\BGF\OneDrive\Documents\rkreno\.audit-cache\prompt-1-2\differences\mobile\house-renovation-in-selangor-the-ultimate-2026-guide-to-extending-your-home\header-initial.png","390","90","390","90","true","168","35100","0.47863247863247865","0.10901234567901234","24","0.5","true"
"/house-renovation-in-selangor-the-ultimate-2026-guide-to-extending-your-home/","mobile","header-sticky","C:\Users\BGF\OneDrive\Documents\rkreno\.audit-cache\prompt-1-2\source\mobile\house-renovation-in-selangor-the-ultimate-2026-guide-to-extending-your-home\header-sticky.png","C:\Users\BGF\OneDrive\Documents\rkreno\.audit-cache\prompt-1-2\staging\mobile\house-renovation-in-selangor-the-ultimate-2026-guide-to-extending-your-home\header-sticky.png","C:\Users\BGF\OneDrive\Documents\rkreno\.audit-cache\prompt-1-2\differences\mobile\house-renovation-in-selangor-the-ultimate-2026-guide-to-extending-your-home\header-sticky.png","390","90","390","90","true","168","35100","0.47863247863247865","0.10908831908831909","24","0.5","true"
"/house-renovation-in-selangor-the-ultimate-2026-guide-to-extending-your-home/","mobile","menu-open","C:\Users\BGF\OneDrive\Documents\rkreno\.audit-cache\prompt-1-2\source\mobile\house-renovation-in-selangor-the-ultimate-2026-guide-to-extending-your-home\menu-open.png","C:\Users\BGF\OneDrive\Documents\rkreno\.audit-cache\prompt-1-2\staging\mobile\house-renovation-in-selangor-the-ultimate-2026-guide-to-extending-your-home\menu-open.png","C:\Users\BGF\OneDrive\Documents\rkreno\.audit-cache\prompt-1-2\differences\mobile\house-renovation-in-selangor-the-ultimate-2026-guide-to-extending-your-home\menu-open.png","390","844","390","844","true","4354","329160","1.3227609673107303","1.7186120225219752","24","0.5","true"
"/house-renovation-in-selangor-the-ultimate-2026-guide-to-extending-your-home/","mobile","submenu-open","C:\Users\BGF\OneDrive\Documents\rkreno\.audit-cache\prompt-1-2\source\mobile\house-renovation-in-selangor-the-ultimate-2026-guide-to-extending-your-home\submenu-open.png","C:\Users\BGF\OneDrive\Documents\rkreno\.audit-cache\prompt-1-2\staging\mobile\house-renovation-in-selangor-the-ultimate-2026-guide-to-extending-your-home\submenu-open.png","C:\Users\BGF\OneDrive\Documents\rkreno\.audit-cache\prompt-1-2\differences\mobile\house-renovation-in-selangor-the-ultimate-2026-guide-to-extending-your-home\submenu-open.png","390","844","390","844","true","19935","329160","6.056325191396281","7.143083404220845","24","0.5","true"
"/house-renovation-in-selangor-the-ultimate-2026-guide-to-extending-your-home/","mobile","footer","C:\Users\BGF\OneDrive\Documents\rkreno\.audit-cache\prompt-1-2\source\mobile\house-renovation-in-selangor-the-ultimate-2026-guide-to-extending-your-home\footer.png","C:\Users\BGF\OneDrive\Documents\rkreno\.audit-cache\prompt-1-2\staging\mobile\house-renovation-in-selangor-the-ultimate-2026-guide-to-extending-your-home\footer.png","C:\Users\BGF\OneDrive\Documents\rkreno\.audit-cache\prompt-1-2\differences\mobile\house-renovation-in-selangor-the-ultimate-2026-guide-to-extending-your-home\footer.png","390","1397","390","1426","false","168378","556140","30.27618944869997","54.1616751177761","24","0.5","true"
"/house-renovation-in-selangor-the-ultimate-2026-guide-to-extending-your-home/","mobile","floating-actions","C:\Users\BGF\OneDrive\Documents\rkreno\.audit-cache\prompt-1-2\source\mobile\house-renovation-in-selangor-the-ultimate-2026-guide-to-extending-your-home\floating-actions.png","C:\Users\BGF\OneDrive\Documents\rkreno\.audit-cache\prompt-1-2\staging\mobile\house-renovation-in-selangor-the-ultimate-2026-guide-to-extending-your-home\floating-actions.png","C:\Users\BGF\OneDrive\Documents\rkreno\.audit-cache\prompt-1-2\differences\mobile\house-renovation-in-selangor-the-ultimate-2026-guide-to-extending-your-home\floating-actions.png","390","844","390","844","true","62652","329160","19.033904484141452","32.43789950176206","24","0.5","true"
"/office-renovation-in-kuala-lumpur-the-2026-corporate-guide-to-productivity/","desktop","header-initial","C:\Users\BGF\OneDrive\Documents\rkreno\.audit-cache\prompt-1-2\source\desktop\office-renovation-in-kuala-lumpur-the-2026-corporate-guide-to-productivity\header-initial.png","C:\Users\BGF\OneDrive\Documents\rkreno\.audit-cache\prompt-1-2\staging\desktop\office-renovation-in-kuala-lumpur-the-2026-corporate-guide-to-productivity\header-initial.png","C:\Users\BGF\OneDrive\Documents\rkreno\.audit-cache\prompt-1-2\differences\desktop\office-renovation-in-kuala-lumpur-the-2026-corporate-guide-to-productivity\header-initial.png","1440","171","1440","171","true","129826","246240","52.72335932423652","107.85634205111545","24","0.5","true"
"/office-renovation-in-kuala-lumpur-the-2026-corporate-guide-to-productivity/","desktop","header-sticky","C:\Users\BGF\OneDrive\Documents\rkreno\.audit-cache\prompt-1-2\source\desktop\office-renovation-in-kuala-lumpur-the-2026-corporate-guide-to-productivity\header-sticky.png","C:\Users\BGF\OneDrive\Documents\rkreno\.audit-cache\prompt-1-2\staging\desktop\office-renovation-in-kuala-lumpur-the-2026-corporate-guide-to-productivity\header-sticky.png","C:\Users\BGF\OneDrive\Documents\rkreno\.audit-cache\prompt-1-2\differences\desktop\office-renovation-in-kuala-lumpur-the-2026-corporate-guide-to-productivity\header-sticky.png","1440","100","1440","100","true","28790","144000","19.993055555555557","24.687453703703703","24","0.5","true"
"/office-renovation-in-kuala-lumpur-the-2026-corporate-guide-to-productivity/","desktop","dropdown-open","C:\Users\BGF\OneDrive\Documents\rkreno\.audit-cache\prompt-1-2\source\desktop\office-renovation-in-kuala-lumpur-the-2026-corporate-guide-to-productivity\dropdown-open.png","C:\Users\BGF\OneDrive\Documents\rkreno\.audit-cache\prompt-1-2\staging\desktop\office-renovation-in-kuala-lumpur-the-2026-corporate-guide-to-productivity\dropdown-open.png","C:\Users\BGF\OneDrive\Documents\rkreno\.audit-cache\prompt-1-2\differences\desktop\office-renovation-in-kuala-lumpur-the-2026-corporate-guide-to-productivity\dropdown-open.png","339","459","340","458","false","18606","156060","11.92233756247597","15.43206886240335","24","0.5","true"
"/office-renovation-in-kuala-lumpur-the-2026-corporate-guide-to-productivity/","desktop","footer","C:\Users\BGF\OneDrive\Documents\rkreno\.audit-cache\prompt-1-2\source\desktop\office-renovation-in-kuala-lumpur-the-2026-corporate-guide-to-productivity\footer.png","C:\Users\BGF\OneDrive\Documents\rkreno\.audit-cache\prompt-1-2\staging\desktop\office-renovation-in-kuala-lumpur-the-2026-corporate-guide-to-productivity\footer.png","C:\Users\BGF\OneDrive\Documents\rkreno\.audit-cache\prompt-1-2\differences\desktop\office-renovation-in-kuala-lumpur-the-2026-corporate-guide-to-productivity\footer.png","1440","774","1440","733","false","266975","1114560","23.95339865058857","38.06439461910231","24","0.5","true"
"/office-renovation-in-kuala-lumpur-the-2026-corporate-guide-to-productivity/","desktop","floating-actions","C:\Users\BGF\OneDrive\Documents\rkreno\.audit-cache\prompt-1-2\source\desktop\office-renovation-in-kuala-lumpur-the-2026-corporate-guide-to-productivity\floating-actions.png","C:\Users\BGF\OneDrive\Documents\rkreno\.audit-cache\prompt-1-2\staging\desktop\office-renovation-in-kuala-lumpur-the-2026-corporate-guide-to-productivity\floating-actions.png","C:\Users\BGF\OneDrive\Documents\rkreno\.audit-cache\prompt-1-2\differences\desktop\office-renovation-in-kuala-lumpur-the-2026-corporate-guide-to-productivity\floating-actions.png","1440","1000","1440","1000","true","347748","1440000","24.149166666666666","36.32547037037037","24","0.5","true"
"/office-renovation-in-kuala-lumpur-the-2026-corporate-guide-to-productivity/","tablet","header-initial","C:\Users\BGF\OneDrive\Documents\rkreno\.audit-cache\prompt-1-2\source\tablet\office-renovation-in-kuala-lumpur-the-2026-corporate-guide-to-productivity\header-initial.png","C:\Users\BGF\OneDrive\Documents\rkreno\.audit-cache\prompt-1-2\staging\tablet\office-renovation-in-kuala-lumpur-the-2026-corporate-guide-to-productivity\header-initial.png","C:\Users\BGF\OneDrive\Documents\rkreno\.audit-cache\prompt-1-2\differences\tablet\office-renovation-in-kuala-lumpur-the-2026-corporate-guide-to-productivity\header-initial.png","768","90","768","90","true","168","69120","0.24305555555555555","0.055357831790123456","24","0.5","true"
"/office-renovation-in-kuala-lumpur-the-2026-corporate-guide-to-productivity/","tablet","header-sticky","C:\Users\BGF\OneDrive\Documents\rkreno\.audit-cache\prompt-1-2\source\tablet\office-renovation-in-kuala-lumpur-the-2026-corporate-guide-to-productivity\header-sticky.png","C:\Users\BGF\OneDrive\Documents\rkreno\.audit-cache\prompt-1-2\staging\tablet\office-renovation-in-kuala-lumpur-the-2026-corporate-guide-to-productivity\header-sticky.png","C:\Users\BGF\OneDrive\Documents\rkreno\.audit-cache\prompt-1-2\differences\tablet\office-renovation-in-kuala-lumpur-the-2026-corporate-guide-to-productivity\header-sticky.png","768","90","768","90","true","168","69120","0.24305555555555555","0.05539641203703704","24","0.5","true"
"/office-renovation-in-kuala-lumpur-the-2026-corporate-guide-to-productivity/","tablet","menu-open","C:\Users\BGF\OneDrive\Documents\rkreno\.audit-cache\prompt-1-2\source\tablet\office-renovation-in-kuala-lumpur-the-2026-corporate-guide-to-productivity\menu-open.png","C:\Users\BGF\OneDrive\Documents\rkreno\.audit-cache\prompt-1-2\staging\tablet\office-renovation-in-kuala-lumpur-the-2026-corporate-guide-to-productivity\menu-open.png","C:\Users\BGF\OneDrive\Documents\rkreno\.audit-cache\prompt-1-2\differences\tablet\office-renovation-in-kuala-lumpur-the-2026-corporate-guide-to-productivity\menu-open.png","768","1024","768","1024","true","128909","786432","16.391626993815102","11.373628404405382","24","0.5","true"
"/office-renovation-in-kuala-lumpur-the-2026-corporate-guide-to-productivity/","tablet","submenu-open","C:\Users\BGF\OneDrive\Documents\rkreno\.audit-cache\prompt-1-2\source\tablet\office-renovation-in-kuala-lumpur-the-2026-corporate-guide-to-productivity\submenu-open.png","C:\Users\BGF\OneDrive\Documents\rkreno\.audit-cache\prompt-1-2\staging\tablet\office-renovation-in-kuala-lumpur-the-2026-corporate-guide-to-productivity\submenu-open.png","C:\Users\BGF\OneDrive\Documents\rkreno\.audit-cache\prompt-1-2\differences\tablet\office-renovation-in-kuala-lumpur-the-2026-corporate-guide-to-productivity\submenu-open.png","768","1024","768","1024","true","148537","786432","18.887456258138023","14.375853644476997","24","0.5","true"
"/office-renovation-in-kuala-lumpur-the-2026-corporate-guide-to-productivity/","tablet","footer","C:\Users\BGF\OneDrive\Documents\rkreno\.audit-cache\prompt-1-2\source\tablet\office-renovation-in-kuala-lumpur-the-2026-corporate-guide-to-productivity\footer.png","C:\Users\BGF\OneDrive\Documents\rkreno\.audit-cache\prompt-1-2\staging\tablet\office-renovation-in-kuala-lumpur-the-2026-corporate-guide-to-productivity\footer.png","C:\Users\BGF\OneDrive\Documents\rkreno\.audit-cache\prompt-1-2\differences\tablet\office-renovation-in-kuala-lumpur-the-2026-corporate-guide-to-productivity\footer.png","768","759","768","1117","false","405784","857856","47.3021113100567","102.19060191920322","24","0.5","true"
"/office-renovation-in-kuala-lumpur-the-2026-corporate-guide-to-productivity/","tablet","floating-actions","C:\Users\BGF\OneDrive\Documents\rkreno\.audit-cache\prompt-1-2\source\tablet\office-renovation-in-kuala-lumpur-the-2026-corporate-guide-to-productivity\floating-actions.png","C:\Users\BGF\OneDrive\Documents\rkreno\.audit-cache\prompt-1-2\staging\tablet\office-renovation-in-kuala-lumpur-the-2026-corporate-guide-to-productivity\floating-actions.png","C:\Users\BGF\OneDrive\Documents\rkreno\.audit-cache\prompt-1-2\differences\tablet\office-renovation-in-kuala-lumpur-the-2026-corporate-guide-to-productivity\floating-actions.png","768","1024","768","1024","true","346619","786432","44.074885050455734","89.07694244384766","24","0.5","true"
"/office-renovation-in-kuala-lumpur-the-2026-corporate-guide-to-productivity/","mobile","header-initial","C:\Users\BGF\OneDrive\Documents\rkreno\.audit-cache\prompt-1-2\source\mobile\office-renovation-in-kuala-lumpur-the-2026-corporate-guide-to-productivity\header-initial.png","C:\Users\BGF\OneDrive\Documents\rkreno\.audit-cache\prompt-1-2\staging\mobile\office-renovation-in-kuala-lumpur-the-2026-corporate-guide-to-productivity\header-initial.png","C:\Users\BGF\OneDrive\Documents\rkreno\.audit-cache\prompt-1-2\differences\mobile\office-renovation-in-kuala-lumpur-the-2026-corporate-guide-to-productivity\header-initial.png","390","90","390","90","true","168","35100","0.47863247863247865","0.10901234567901234","24","0.5","true"
"/office-renovation-in-kuala-lumpur-the-2026-corporate-guide-to-productivity/","mobile","header-sticky","C:\Users\BGF\OneDrive\Documents\rkreno\.audit-cache\prompt-1-2\source\mobile\office-renovation-in-kuala-lumpur-the-2026-corporate-guide-to-productivity\header-sticky.png","C:\Users\BGF\OneDrive\Documents\rkreno\.audit-cache\prompt-1-2\staging\mobile\office-renovation-in-kuala-lumpur-the-2026-corporate-guide-to-productivity\header-sticky.png","C:\Users\BGF\OneDrive\Documents\rkreno\.audit-cache\prompt-1-2\differences\mobile\office-renovation-in-kuala-lumpur-the-2026-corporate-guide-to-productivity\header-sticky.png","390","90","390","90","true","168","35100","0.47863247863247865","0.10908831908831909","24","0.5","true"
"/office-renovation-in-kuala-lumpur-the-2026-corporate-guide-to-productivity/","mobile","menu-open","C:\Users\BGF\OneDrive\Documents\rkreno\.audit-cache\prompt-1-2\source\mobile\office-renovation-in-kuala-lumpur-the-2026-corporate-guide-to-productivity\menu-open.png","C:\Users\BGF\OneDrive\Documents\rkreno\.audit-cache\prompt-1-2\staging\mobile\office-renovation-in-kuala-lumpur-the-2026-corporate-guide-to-productivity\menu-open.png","C:\Users\BGF\OneDrive\Documents\rkreno\.audit-cache\prompt-1-2\differences\mobile\office-renovation-in-kuala-lumpur-the-2026-corporate-guide-to-productivity\menu-open.png","390","844","390","844","true","4354","329160","1.3227609673107303","1.7186120225219752","24","0.5","true"
"/office-renovation-in-kuala-lumpur-the-2026-corporate-guide-to-productivity/","mobile","submenu-open","C:\Users\BGF\OneDrive\Documents\rkreno\.audit-cache\prompt-1-2\source\mobile\office-renovation-in-kuala-lumpur-the-2026-corporate-guide-to-productivity\submenu-open.png","C:\Users\BGF\OneDrive\Documents\rkreno\.audit-cache\prompt-1-2\staging\mobile\office-renovation-in-kuala-lumpur-the-2026-corporate-guide-to-productivity\submenu-open.png","C:\Users\BGF\OneDrive\Documents\rkreno\.audit-cache\prompt-1-2\differences\mobile\office-renovation-in-kuala-lumpur-the-2026-corporate-guide-to-productivity\submenu-open.png","390","844","390","844","true","19935","329160","6.056325191396281","7.143083404220845","24","0.5","true"
"/office-renovation-in-kuala-lumpur-the-2026-corporate-guide-to-productivity/","mobile","footer","C:\Users\BGF\OneDrive\Documents\rkreno\.audit-cache\prompt-1-2\source\mobile\office-renovation-in-kuala-lumpur-the-2026-corporate-guide-to-productivity\footer.png","C:\Users\BGF\OneDrive\Documents\rkreno\.audit-cache\prompt-1-2\staging\mobile\office-renovation-in-kuala-lumpur-the-2026-corporate-guide-to-productivity\footer.png","C:\Users\BGF\OneDrive\Documents\rkreno\.audit-cache\prompt-1-2\differences\mobile\office-renovation-in-kuala-lumpur-the-2026-corporate-guide-to-productivity\footer.png","390","1397","390","1426","false","169290","556140","30.440176933865576","54.58728018124933","24","0.5","true"
"/office-renovation-in-kuala-lumpur-the-2026-corporate-guide-to-productivity/","mobile","floating-actions","C:\Users\BGF\OneDrive\Documents\rkreno\.audit-cache\prompt-1-2\source\mobile\office-renovation-in-kuala-lumpur-the-2026-corporate-guide-to-productivity\floating-actions.png","C:\Users\BGF\OneDrive\Documents\rkreno\.audit-cache\prompt-1-2\staging\mobile\office-renovation-in-kuala-lumpur-the-2026-corporate-guide-to-productivity\floating-actions.png","C:\Users\BGF\OneDrive\Documents\rkreno\.audit-cache\prompt-1-2\differences\mobile\office-renovation-in-kuala-lumpur-the-2026-corporate-guide-to-productivity\floating-actions.png","390","844","390","844","true","62747","329160","19.062765828168672","32.44673309839187","24","0.5","true"
"/pakej-deep-cleaning-rumah-kl-termasuk-pre-hari-raya/","desktop","header-initial","C:\Users\BGF\OneDrive\Documents\rkreno\.audit-cache\prompt-1-2\source\desktop\pakej-deep-cleaning-rumah-kl-termasuk-pre-hari-raya\header-initial.png","C:\Users\BGF\OneDrive\Documents\rkreno\.audit-cache\prompt-1-2\staging\desktop\pakej-deep-cleaning-rumah-kl-termasuk-pre-hari-raya\header-initial.png","C:\Users\BGF\OneDrive\Documents\rkreno\.audit-cache\prompt-1-2\differences\desktop\pakej-deep-cleaning-rumah-kl-termasuk-pre-hari-raya\header-initial.png","1440","171","1440","171","true","129826","246240","52.72335932423652","107.85323667966212","24","0.5","true"
"/pakej-deep-cleaning-rumah-kl-termasuk-pre-hari-raya/","desktop","header-sticky","C:\Users\BGF\OneDrive\Documents\rkreno\.audit-cache\prompt-1-2\source\desktop\pakej-deep-cleaning-rumah-kl-termasuk-pre-hari-raya\header-sticky.png","C:\Users\BGF\OneDrive\Documents\rkreno\.audit-cache\prompt-1-2\staging\desktop\pakej-deep-cleaning-rumah-kl-termasuk-pre-hari-raya\header-sticky.png","C:\Users\BGF\OneDrive\Documents\rkreno\.audit-cache\prompt-1-2\differences\desktop\pakej-deep-cleaning-rumah-kl-termasuk-pre-hari-raya\header-sticky.png","1440","100","1440","100","true","28790","144000","19.993055555555557","24.687453703703703","24","0.5","true"
"/pakej-deep-cleaning-rumah-kl-termasuk-pre-hari-raya/","desktop","dropdown-open","C:\Users\BGF\OneDrive\Documents\rkreno\.audit-cache\prompt-1-2\source\desktop\pakej-deep-cleaning-rumah-kl-termasuk-pre-hari-raya\dropdown-open.png","C:\Users\BGF\OneDrive\Documents\rkreno\.audit-cache\prompt-1-2\staging\desktop\pakej-deep-cleaning-rumah-kl-termasuk-pre-hari-raya\dropdown-open.png","C:\Users\BGF\OneDrive\Documents\rkreno\.audit-cache\prompt-1-2\differences\desktop\pakej-deep-cleaning-rumah-kl-termasuk-pre-hari-raya\dropdown-open.png","339","459","340","458","false","18646","156060","11.94796872997565","15.4419859882951","24","0.5","true"
"/pakej-deep-cleaning-rumah-kl-termasuk-pre-hari-raya/","desktop","footer","C:\Users\BGF\OneDrive\Documents\rkreno\.audit-cache\prompt-1-2\source\desktop\pakej-deep-cleaning-rumah-kl-termasuk-pre-hari-raya\footer.png","C:\Users\BGF\OneDrive\Documents\rkreno\.audit-cache\prompt-1-2\staging\desktop\pakej-deep-cleaning-rumah-kl-termasuk-pre-hari-raya\footer.png","C:\Users\BGF\OneDrive\Documents\rkreno\.audit-cache\prompt-1-2\differences\desktop\pakej-deep-cleaning-rumah-kl-termasuk-pre-hari-raya\footer.png","1440","774","1440","733","false","266881","1114560","23.944964829170257","37.74150965403388","24","0.5","true"
"/pakej-deep-cleaning-rumah-kl-termasuk-pre-hari-raya/","desktop","floating-actions","C:\Users\BGF\OneDrive\Documents\rkreno\.audit-cache\prompt-1-2\source\desktop\pakej-deep-cleaning-rumah-kl-termasuk-pre-hari-raya\floating-actions.png","C:\Users\BGF\OneDrive\Documents\rkreno\.audit-cache\prompt-1-2\staging\desktop\pakej-deep-cleaning-rumah-kl-termasuk-pre-hari-raya\floating-actions.png","C:\Users\BGF\OneDrive\Documents\rkreno\.audit-cache\prompt-1-2\differences\desktop\pakej-deep-cleaning-rumah-kl-termasuk-pre-hari-raya\floating-actions.png","1440","1000","1440","1000","true","346534","1440000","24.06486111111111","36.146539583333336","24","0.5","true"
"/pakej-deep-cleaning-rumah-kl-termasuk-pre-hari-raya/","tablet","header-initial","C:\Users\BGF\OneDrive\Documents\rkreno\.audit-cache\prompt-1-2\source\tablet\pakej-deep-cleaning-rumah-kl-termasuk-pre-hari-raya\header-initial.png","C:\Users\BGF\OneDrive\Documents\rkreno\.audit-cache\prompt-1-2\staging\tablet\pakej-deep-cleaning-rumah-kl-termasuk-pre-hari-raya\header-initial.png","C:\Users\BGF\OneDrive\Documents\rkreno\.audit-cache\prompt-1-2\differences\tablet\pakej-deep-cleaning-rumah-kl-termasuk-pre-hari-raya\header-initial.png","768","90","768","90","true","168","69120","0.24305555555555555","0.055357831790123456","24","0.5","true"
"/pakej-deep-cleaning-rumah-kl-termasuk-pre-hari-raya/","tablet","header-sticky","C:\Users\BGF\OneDrive\Documents\rkreno\.audit-cache\prompt-1-2\source\tablet\pakej-deep-cleaning-rumah-kl-termasuk-pre-hari-raya\header-sticky.png","C:\Users\BGF\OneDrive\Documents\rkreno\.audit-cache\prompt-1-2\staging\tablet\pakej-deep-cleaning-rumah-kl-termasuk-pre-hari-raya\header-sticky.png","C:\Users\BGF\OneDrive\Documents\rkreno\.audit-cache\prompt-1-2\differences\tablet\pakej-deep-cleaning-rumah-kl-termasuk-pre-hari-raya\header-sticky.png","768","90","768","90","true","168","69120","0.24305555555555555","0.05539641203703704","24","0.5","true"
"/pakej-deep-cleaning-rumah-kl-termasuk-pre-hari-raya/","tablet","menu-open","C:\Users\BGF\OneDrive\Documents\rkreno\.audit-cache\prompt-1-2\source\tablet\pakej-deep-cleaning-rumah-kl-termasuk-pre-hari-raya\menu-open.png","C:\Users\BGF\OneDrive\Documents\rkreno\.audit-cache\prompt-1-2\staging\tablet\pakej-deep-cleaning-rumah-kl-termasuk-pre-hari-raya\menu-open.png","C:\Users\BGF\OneDrive\Documents\rkreno\.audit-cache\prompt-1-2\differences\tablet\pakej-deep-cleaning-rumah-kl-termasuk-pre-hari-raya\menu-open.png","768","1024","768","1024","true","91531","786432","11.638768513997395","7.784706539577908","24","0.5","true"
"/pakej-deep-cleaning-rumah-kl-termasuk-pre-hari-raya/","tablet","submenu-open","C:\Users\BGF\OneDrive\Documents\rkreno\.audit-cache\prompt-1-2\source\tablet\pakej-deep-cleaning-rumah-kl-termasuk-pre-hari-raya\submenu-open.png","C:\Users\BGF\OneDrive\Documents\rkreno\.audit-cache\prompt-1-2\staging\tablet\pakej-deep-cleaning-rumah-kl-termasuk-pre-hari-raya\submenu-open.png","C:\Users\BGF\OneDrive\Documents\rkreno\.audit-cache\prompt-1-2\differences\tablet\pakej-deep-cleaning-rumah-kl-termasuk-pre-hari-raya\submenu-open.png","768","1024","768","1024","true","111161","786432","14.134852091471354","10.786802503797743","24","0.5","true"
"/pakej-deep-cleaning-rumah-kl-termasuk-pre-hari-raya/","tablet","footer","C:\Users\BGF\OneDrive\Documents\rkreno\.audit-cache\prompt-1-2\source\tablet\pakej-deep-cleaning-rumah-kl-termasuk-pre-hari-raya\footer.png","C:\Users\BGF\OneDrive\Documents\rkreno\.audit-cache\prompt-1-2\staging\tablet\pakej-deep-cleaning-rumah-kl-termasuk-pre-hari-raya\footer.png","C:\Users\BGF\OneDrive\Documents\rkreno\.audit-cache\prompt-1-2\differences\tablet\pakej-deep-cleaning-rumah-kl-termasuk-pre-hari-raya\footer.png","768","759","768","1117","false","405714","857856","47.293951432408235","102.09003337001393","24","0.5","true"
"/pakej-deep-cleaning-rumah-kl-termasuk-pre-hari-raya/","tablet","floating-actions","C:\Users\BGF\OneDrive\Documents\rkreno\.audit-cache\prompt-1-2\source\tablet\pakej-deep-cleaning-rumah-kl-termasuk-pre-hari-raya\floating-actions.png","C:\Users\BGF\OneDrive\Documents\rkreno\.audit-cache\prompt-1-2\staging\tablet\pakej-deep-cleaning-rumah-kl-termasuk-pre-hari-raya\floating-actions.png","C:\Users\BGF\OneDrive\Documents\rkreno\.audit-cache\prompt-1-2\differences\tablet\pakej-deep-cleaning-rumah-kl-termasuk-pre-hari-raya\floating-actions.png","768","1024","768","1024","true","344532","786432","43.80950927734375","88.82095633612738","24","0.5","true"
"/pakej-deep-cleaning-rumah-kl-termasuk-pre-hari-raya/","mobile","header-initial","C:\Users\BGF\OneDrive\Documents\rkreno\.audit-cache\prompt-1-2\source\mobile\pakej-deep-cleaning-rumah-kl-termasuk-pre-hari-raya\header-initial.png","C:\Users\BGF\OneDrive\Documents\rkreno\.audit-cache\prompt-1-2\staging\mobile\pakej-deep-cleaning-rumah-kl-termasuk-pre-hari-raya\header-initial.png","C:\Users\BGF\OneDrive\Documents\rkreno\.audit-cache\prompt-1-2\differences\mobile\pakej-deep-cleaning-rumah-kl-termasuk-pre-hari-raya\header-initial.png","390","90","390","90","true","168","35100","0.47863247863247865","0.10901234567901234","24","0.5","true"
"/pakej-deep-cleaning-rumah-kl-termasuk-pre-hari-raya/","mobile","header-sticky","C:\Users\BGF\OneDrive\Documents\rkreno\.audit-cache\prompt-1-2\source\mobile\pakej-deep-cleaning-rumah-kl-termasuk-pre-hari-raya\header-sticky.png","C:\Users\BGF\OneDrive\Documents\rkreno\.audit-cache\prompt-1-2\staging\mobile\pakej-deep-cleaning-rumah-kl-termasuk-pre-hari-raya\header-sticky.png","C:\Users\BGF\OneDrive\Documents\rkreno\.audit-cache\prompt-1-2\differences\mobile\pakej-deep-cleaning-rumah-kl-termasuk-pre-hari-raya\header-sticky.png","390","90","390","90","true","168","35100","0.47863247863247865","0.10908831908831909","24","0.5","true"
"/pakej-deep-cleaning-rumah-kl-termasuk-pre-hari-raya/","mobile","menu-open","C:\Users\BGF\OneDrive\Documents\rkreno\.audit-cache\prompt-1-2\source\mobile\pakej-deep-cleaning-rumah-kl-termasuk-pre-hari-raya\menu-open.png","C:\Users\BGF\OneDrive\Documents\rkreno\.audit-cache\prompt-1-2\staging\mobile\pakej-deep-cleaning-rumah-kl-termasuk-pre-hari-raya\menu-open.png","C:\Users\BGF\OneDrive\Documents\rkreno\.audit-cache\prompt-1-2\differences\mobile\pakej-deep-cleaning-rumah-kl-termasuk-pre-hari-raya\menu-open.png","390","844","390","844","true","4354","329160","1.3227609673107303","1.7186545550289627","24","0.5","true"
"/pakej-deep-cleaning-rumah-kl-termasuk-pre-hari-raya/","mobile","submenu-open","C:\Users\BGF\OneDrive\Documents\rkreno\.audit-cache\prompt-1-2\source\mobile\pakej-deep-cleaning-rumah-kl-termasuk-pre-hari-raya\submenu-open.png","C:\Users\BGF\OneDrive\Documents\rkreno\.audit-cache\prompt-1-2\staging\mobile\pakej-deep-cleaning-rumah-kl-termasuk-pre-hari-raya\submenu-open.png","C:\Users\BGF\OneDrive\Documents\rkreno\.audit-cache\prompt-1-2\differences\mobile\pakej-deep-cleaning-rumah-kl-termasuk-pre-hari-raya\submenu-open.png","390","844","390","844","true","19937","329160","6.05693279863896","7.143045935107547","24","0.5","true"
"/pakej-deep-cleaning-rumah-kl-termasuk-pre-hari-raya/","mobile","footer","C:\Users\BGF\OneDrive\Documents\rkreno\.audit-cache\prompt-1-2\source\mobile\pakej-deep-cleaning-rumah-kl-termasuk-pre-hari-raya\footer.png","C:\Users\BGF\OneDrive\Documents\rkreno\.audit-cache\prompt-1-2\staging\mobile\pakej-deep-cleaning-rumah-kl-termasuk-pre-hari-raya\footer.png","C:\Users\BGF\OneDrive\Documents\rkreno\.audit-cache\prompt-1-2\differences\mobile\pakej-deep-cleaning-rumah-kl-termasuk-pre-hari-raya\footer.png","390","1396","390","1426","false","168378","556140","30.27618944869997","54.16157262559787","24","0.5","true"
"/pakej-deep-cleaning-rumah-kl-termasuk-pre-hari-raya/","mobile","floating-actions","C:\Users\BGF\OneDrive\Documents\rkreno\.audit-cache\prompt-1-2\source\mobile\pakej-deep-cleaning-rumah-kl-termasuk-pre-hari-raya\floating-actions.png","C:\Users\BGF\OneDrive\Documents\rkreno\.audit-cache\prompt-1-2\staging\mobile\pakej-deep-cleaning-rumah-kl-termasuk-pre-hari-raya\floating-actions.png","C:\Users\BGF\OneDrive\Documents\rkreno\.audit-cache\prompt-1-2\differences\mobile\pakej-deep-cleaning-rumah-kl-termasuk-pre-hari-raya\floating-actions.png","390","844","390","844","true","62652","329160","19.033904484141452","32.437726333697896","24","0.5","true"
"/pu-injection-waterproofing-kl-how-to-fix-wall-cracks-permanently/","desktop","header-initial","C:\Users\BGF\OneDrive\Documents\rkreno\.audit-cache\prompt-1-2\source\desktop\pu-injection-waterproofing-kl-how-to-fix-wall-cracks-permanently\header-initial.png","C:\Users\BGF\OneDrive\Documents\rkreno\.audit-cache\prompt-1-2\staging\desktop\pu-injection-waterproofing-kl-how-to-fix-wall-cracks-permanently\header-initial.png","C:\Users\BGF\OneDrive\Documents\rkreno\.audit-cache\prompt-1-2\differences\desktop\pu-injection-waterproofing-kl-how-to-fix-wall-cracks-permanently\header-initial.png","1440","171","1440","171","true","129826","246240","52.72335932423652","107.85323667966212","24","0.5","true"
"/pu-injection-waterproofing-kl-how-to-fix-wall-cracks-permanently/","desktop","header-sticky","C:\Users\BGF\OneDrive\Documents\rkreno\.audit-cache\prompt-1-2\source\desktop\pu-injection-waterproofing-kl-how-to-fix-wall-cracks-permanently\header-sticky.png","C:\Users\BGF\OneDrive\Documents\rkreno\.audit-cache\prompt-1-2\staging\desktop\pu-injection-waterproofing-kl-how-to-fix-wall-cracks-permanently\header-sticky.png","C:\Users\BGF\OneDrive\Documents\rkreno\.audit-cache\prompt-1-2\differences\desktop\pu-injection-waterproofing-kl-how-to-fix-wall-cracks-permanently\header-sticky.png","1440","100","1440","100","true","28790","144000","19.993055555555557","24.687453703703703","24","0.5","true"
"/pu-injection-waterproofing-kl-how-to-fix-wall-cracks-permanently/","desktop","dropdown-open","C:\Users\BGF\OneDrive\Documents\rkreno\.audit-cache\prompt-1-2\source\desktop\pu-injection-waterproofing-kl-how-to-fix-wall-cracks-permanently\dropdown-open.png","C:\Users\BGF\OneDrive\Documents\rkreno\.audit-cache\prompt-1-2\staging\desktop\pu-injection-waterproofing-kl-how-to-fix-wall-cracks-permanently\dropdown-open.png","C:\Users\BGF\OneDrive\Documents\rkreno\.audit-cache\prompt-1-2\differences\desktop\pu-injection-waterproofing-kl-how-to-fix-wall-cracks-permanently\dropdown-open.png","339","459","340","458","false","18630","156060","11.937716262975778","15.439055491477637","24","0.5","true"
"/pu-injection-waterproofing-kl-how-to-fix-wall-cracks-permanently/","desktop","footer","C:\Users\BGF\OneDrive\Documents\rkreno\.audit-cache\prompt-1-2\source\desktop\pu-injection-waterproofing-kl-how-to-fix-wall-cracks-permanently\footer.png","C:\Users\BGF\OneDrive\Documents\rkreno\.audit-cache\prompt-1-2\staging\desktop\pu-injection-waterproofing-kl-how-to-fix-wall-cracks-permanently\footer.png","C:\Users\BGF\OneDrive\Documents\rkreno\.audit-cache\prompt-1-2\differences\desktop\pu-injection-waterproofing-kl-how-to-fix-wall-cracks-permanently\footer.png","1440","774","1440","733","false","267291","1114560","23.981750645994833","37.758154488467795","24","0.5","true"
"/pu-injection-waterproofing-kl-how-to-fix-wall-cracks-permanently/","desktop","floating-actions","C:\Users\BGF\OneDrive\Documents\rkreno\.audit-cache\prompt-1-2\source\desktop\pu-injection-waterproofing-kl-how-to-fix-wall-cracks-permanently\floating-actions.png","C:\Users\BGF\OneDrive\Documents\rkreno\.audit-cache\prompt-1-2\staging\desktop\pu-injection-waterproofing-kl-how-to-fix-wall-cracks-permanently\floating-actions.png","C:\Users\BGF\OneDrive\Documents\rkreno\.audit-cache\prompt-1-2\differences\desktop\pu-injection-waterproofing-kl-how-to-fix-wall-cracks-permanently\floating-actions.png","1440","1000","1440","1000","true","348234","1440000","24.182916666666667","36.303716666666666","24","0.5","true"
"/pu-injection-waterproofing-kl-how-to-fix-wall-cracks-permanently/","tablet","header-initial","C:\Users\BGF\OneDrive\Documents\rkreno\.audit-cache\prompt-1-2\source\tablet\pu-injection-waterproofing-kl-how-to-fix-wall-cracks-permanently\header-initial.png","C:\Users\BGF\OneDrive\Documents\rkreno\.audit-cache\prompt-1-2\staging\tablet\pu-injection-waterproofing-kl-how-to-fix-wall-cracks-permanently\header-initial.png","C:\Users\BGF\OneDrive\Documents\rkreno\.audit-cache\prompt-1-2\differences\tablet\pu-injection-waterproofing-kl-how-to-fix-wall-cracks-permanently\header-initial.png","768","90","768","90","true","168","69120","0.24305555555555555","0.055357831790123456","24","0.5","true"
"/pu-injection-waterproofing-kl-how-to-fix-wall-cracks-permanently/","tablet","header-sticky","C:\Users\BGF\OneDrive\Documents\rkreno\.audit-cache\prompt-1-2\source\tablet\pu-injection-waterproofing-kl-how-to-fix-wall-cracks-permanently\header-sticky.png","C:\Users\BGF\OneDrive\Documents\rkreno\.audit-cache\prompt-1-2\staging\tablet\pu-injection-waterproofing-kl-how-to-fix-wall-cracks-permanently\header-sticky.png","C:\Users\BGF\OneDrive\Documents\rkreno\.audit-cache\prompt-1-2\differences\tablet\pu-injection-waterproofing-kl-how-to-fix-wall-cracks-permanently\header-sticky.png","768","90","768","90","true","168","69120","0.24305555555555555","0.05539641203703704","24","0.5","true"
"/pu-injection-waterproofing-kl-how-to-fix-wall-cracks-permanently/","tablet","menu-open","C:\Users\BGF\OneDrive\Documents\rkreno\.audit-cache\prompt-1-2\source\tablet\pu-injection-waterproofing-kl-how-to-fix-wall-cracks-permanently\menu-open.png","C:\Users\BGF\OneDrive\Documents\rkreno\.audit-cache\prompt-1-2\staging\tablet\pu-injection-waterproofing-kl-how-to-fix-wall-cracks-permanently\menu-open.png","C:\Users\BGF\OneDrive\Documents\rkreno\.audit-cache\prompt-1-2\differences\tablet\pu-injection-waterproofing-kl-how-to-fix-wall-cracks-permanently\menu-open.png","768","1024","768","1024","true","123798","786432","15.741729736328125","10.883054521348742","24","0.5","true"
"/pu-injection-waterproofing-kl-how-to-fix-wall-cracks-permanently/","tablet","submenu-open","C:\Users\BGF\OneDrive\Documents\rkreno\.audit-cache\prompt-1-2\source\tablet\pu-injection-waterproofing-kl-how-to-fix-wall-cracks-permanently\submenu-open.png","C:\Users\BGF\OneDrive\Documents\rkreno\.audit-cache\prompt-1-2\staging\tablet\pu-injection-waterproofing-kl-how-to-fix-wall-cracks-permanently\submenu-open.png","C:\Users\BGF\OneDrive\Documents\rkreno\.audit-cache\prompt-1-2\differences\tablet\pu-injection-waterproofing-kl-how-to-fix-wall-cracks-permanently\submenu-open.png","768","1024","768","1024","true","143428","786432","18.237813313802086","13.885150485568577","24","0.5","true"
"/pu-injection-waterproofing-kl-how-to-fix-wall-cracks-permanently/","tablet","footer","C:\Users\BGF\OneDrive\Documents\rkreno\.audit-cache\prompt-1-2\source\tablet\pu-injection-waterproofing-kl-how-to-fix-wall-cracks-permanently\footer.png","C:\Users\BGF\OneDrive\Documents\rkreno\.audit-cache\prompt-1-2\staging\tablet\pu-injection-waterproofing-kl-how-to-fix-wall-cracks-permanently\footer.png","C:\Users\BGF\OneDrive\Documents\rkreno\.audit-cache\prompt-1-2\differences\tablet\pu-injection-waterproofing-kl-how-to-fix-wall-cracks-permanently\footer.png","768","759","768","1117","false","405719","857856","47.294534280811696","102.10699969847309","24","0.5","true"
"/pu-injection-waterproofing-kl-how-to-fix-wall-cracks-permanently/","tablet","floating-actions","C:\Users\BGF\OneDrive\Documents\rkreno\.audit-cache\prompt-1-2\source\tablet\pu-injection-waterproofing-kl-how-to-fix-wall-cracks-permanently\floating-actions.png","C:\Users\BGF\OneDrive\Documents\rkreno\.audit-cache\prompt-1-2\staging\tablet\pu-injection-waterproofing-kl-how-to-fix-wall-cracks-permanently\floating-actions.png","C:\Users\BGF\OneDrive\Documents\rkreno\.audit-cache\prompt-1-2\differences\tablet\pu-injection-waterproofing-kl-how-to-fix-wall-cracks-permanently\floating-actions.png","768","1024","768","1024","true","344472","786432","43.8018798828125","88.80794355604384","24","0.5","true"
"/pu-injection-waterproofing-kl-how-to-fix-wall-cracks-permanently/","mobile","header-initial","C:\Users\BGF\OneDrive\Documents\rkreno\.audit-cache\prompt-1-2\source\mobile\pu-injection-waterproofing-kl-how-to-fix-wall-cracks-permanently\header-initial.png","C:\Users\BGF\OneDrive\Documents\rkreno\.audit-cache\prompt-1-2\staging\mobile\pu-injection-waterproofing-kl-how-to-fix-wall-cracks-permanently\header-initial.png","C:\Users\BGF\OneDrive\Documents\rkreno\.audit-cache\prompt-1-2\differences\mobile\pu-injection-waterproofing-kl-how-to-fix-wall-cracks-permanently\header-initial.png","390","90","390","90","true","168","35100","0.47863247863247865","0.10901234567901234","24","0.5","true"
"/pu-injection-waterproofing-kl-how-to-fix-wall-cracks-permanently/","mobile","header-sticky","C:\Users\BGF\OneDrive\Documents\rkreno\.audit-cache\prompt-1-2\source\mobile\pu-injection-waterproofing-kl-how-to-fix-wall-cracks-permanently\header-sticky.png","C:\Users\BGF\OneDrive\Documents\rkreno\.audit-cache\prompt-1-2\staging\mobile\pu-injection-waterproofing-kl-how-to-fix-wall-cracks-permanently\header-sticky.png","C:\Users\BGF\OneDrive\Documents\rkreno\.audit-cache\prompt-1-2\differences\mobile\pu-injection-waterproofing-kl-how-to-fix-wall-cracks-permanently\header-sticky.png","390","90","390","90","true","168","35100","0.47863247863247865","0.10908831908831909","24","0.5","true"
"/pu-injection-waterproofing-kl-how-to-fix-wall-cracks-permanently/","mobile","menu-open","C:\Users\BGF\OneDrive\Documents\rkreno\.audit-cache\prompt-1-2\source\mobile\pu-injection-waterproofing-kl-how-to-fix-wall-cracks-permanently\menu-open.png","C:\Users\BGF\OneDrive\Documents\rkreno\.audit-cache\prompt-1-2\staging\mobile\pu-injection-waterproofing-kl-how-to-fix-wall-cracks-permanently\menu-open.png","C:\Users\BGF\OneDrive\Documents\rkreno\.audit-cache\prompt-1-2\differences\mobile\pu-injection-waterproofing-kl-how-to-fix-wall-cracks-permanently\menu-open.png","390","844","390","844","true","4354","329160","1.3227609673107303","1.7186545550289627","24","0.5","true"
"/pu-injection-waterproofing-kl-how-to-fix-wall-cracks-permanently/","mobile","submenu-open","C:\Users\BGF\OneDrive\Documents\rkreno\.audit-cache\prompt-1-2\source\mobile\pu-injection-waterproofing-kl-how-to-fix-wall-cracks-permanently\submenu-open.png","C:\Users\BGF\OneDrive\Documents\rkreno\.audit-cache\prompt-1-2\staging\mobile\pu-injection-waterproofing-kl-how-to-fix-wall-cracks-permanently\submenu-open.png","C:\Users\BGF\OneDrive\Documents\rkreno\.audit-cache\prompt-1-2\differences\mobile\pu-injection-waterproofing-kl-how-to-fix-wall-cracks-permanently\submenu-open.png","390","844","390","844","true","19937","329160","6.05693279863896","7.143045935107547","24","0.5","true"
"/pu-injection-waterproofing-kl-how-to-fix-wall-cracks-permanently/","mobile","footer","C:\Users\BGF\OneDrive\Documents\rkreno\.audit-cache\prompt-1-2\source\mobile\pu-injection-waterproofing-kl-how-to-fix-wall-cracks-permanently\footer.png","C:\Users\BGF\OneDrive\Documents\rkreno\.audit-cache\prompt-1-2\staging\mobile\pu-injection-waterproofing-kl-how-to-fix-wall-cracks-permanently\footer.png","C:\Users\BGF\OneDrive\Documents\rkreno\.audit-cache\prompt-1-2\differences\mobile\pu-injection-waterproofing-kl-how-to-fix-wall-cracks-permanently\footer.png","390","1397","390","1427","false","169377","556530","30.43447792571829","54.57678651645015","24","0.5","true"
"/pu-injection-waterproofing-kl-how-to-fix-wall-cracks-permanently/","mobile","floating-actions","C:\Users\BGF\OneDrive\Documents\rkreno\.audit-cache\prompt-1-2\source\mobile\pu-injection-waterproofing-kl-how-to-fix-wall-cracks-permanently\floating-actions.png","C:\Users\BGF\OneDrive\Documents\rkreno\.audit-cache\prompt-1-2\staging\mobile\pu-injection-waterproofing-kl-how-to-fix-wall-cracks-permanently\floating-actions.png","C:\Users\BGF\OneDrive\Documents\rkreno\.audit-cache\prompt-1-2\differences\mobile\pu-injection-waterproofing-kl-how-to-fix-wall-cracks-permanently\floating-actions.png","390","844","390","844","true","62481","329160","18.981954064892452","32.300656215822094","24","0.5","true"
"/servis-aircond-murah-kl-the-ultimate-2026-guide-to-a-colder-home/","desktop","header-initial","C:\Users\BGF\OneDrive\Documents\rkreno\.audit-cache\prompt-1-2\source\desktop\servis-aircond-murah-kl-the-ultimate-2026-guide-to-a-colder-home\header-initial.png","C:\Users\BGF\OneDrive\Documents\rkreno\.audit-cache\prompt-1-2\staging\desktop\servis-aircond-murah-kl-the-ultimate-2026-guide-to-a-colder-home\header-initial.png","C:\Users\BGF\OneDrive\Documents\rkreno\.audit-cache\prompt-1-2\differences\desktop\servis-aircond-murah-kl-the-ultimate-2026-guide-to-a-colder-home\header-initial.png","1440","171","1440","171","true","129826","246240","52.72335932423652","107.85634205111545","24","0.5","true"
"/servis-aircond-murah-kl-the-ultimate-2026-guide-to-a-colder-home/","desktop","header-sticky","C:\Users\BGF\OneDrive\Documents\rkreno\.audit-cache\prompt-1-2\source\desktop\servis-aircond-murah-kl-the-ultimate-2026-guide-to-a-colder-home\header-sticky.png","C:\Users\BGF\OneDrive\Documents\rkreno\.audit-cache\prompt-1-2\staging\desktop\servis-aircond-murah-kl-the-ultimate-2026-guide-to-a-colder-home\header-sticky.png","C:\Users\BGF\OneDrive\Documents\rkreno\.audit-cache\prompt-1-2\differences\desktop\servis-aircond-murah-kl-the-ultimate-2026-guide-to-a-colder-home\header-sticky.png","1440","100","1440","100","true","28790","144000","19.993055555555557","24.687453703703703","24","0.5","true"
"/servis-aircond-murah-kl-the-ultimate-2026-guide-to-a-colder-home/","desktop","dropdown-open","C:\Users\BGF\OneDrive\Documents\rkreno\.audit-cache\prompt-1-2\source\desktop\servis-aircond-murah-kl-the-ultimate-2026-guide-to-a-colder-home\dropdown-open.png","C:\Users\BGF\OneDrive\Documents\rkreno\.audit-cache\prompt-1-2\staging\desktop\servis-aircond-murah-kl-the-ultimate-2026-guide-to-a-colder-home\dropdown-open.png","C:\Users\BGF\OneDrive\Documents\rkreno\.audit-cache\prompt-1-2\differences\desktop\servis-aircond-murah-kl-the-ultimate-2026-guide-to-a-colder-home\dropdown-open.png","339","459","340","458","false","18651","156060","11.951172625913111","15.446255713614422","24","0.5","true"
"/servis-aircond-murah-kl-the-ultimate-2026-guide-to-a-colder-home/","desktop","footer","C:\Users\BGF\OneDrive\Documents\rkreno\.audit-cache\prompt-1-2\source\desktop\servis-aircond-murah-kl-the-ultimate-2026-guide-to-a-colder-home\footer.png","C:\Users\BGF\OneDrive\Documents\rkreno\.audit-cache\prompt-1-2\staging\desktop\servis-aircond-murah-kl-the-ultimate-2026-guide-to-a-colder-home\footer.png","C:\Users\BGF\OneDrive\Documents\rkreno\.audit-cache\prompt-1-2\differences\desktop\servis-aircond-murah-kl-the-ultimate-2026-guide-to-a-colder-home\footer.png","1440","774","1440","733","false","266799","1114560","23.93760766580534","38.06180615369892","24","0.5","true"
"/servis-aircond-murah-kl-the-ultimate-2026-guide-to-a-colder-home/","desktop","floating-actions","C:\Users\BGF\OneDrive\Documents\rkreno\.audit-cache\prompt-1-2\source\desktop\servis-aircond-murah-kl-the-ultimate-2026-guide-to-a-colder-home\floating-actions.png","C:\Users\BGF\OneDrive\Documents\rkreno\.audit-cache\prompt-1-2\staging\desktop\servis-aircond-murah-kl-the-ultimate-2026-guide-to-a-colder-home\floating-actions.png","C:\Users\BGF\OneDrive\Documents\rkreno\.audit-cache\prompt-1-2\differences\desktop\servis-aircond-murah-kl-the-ultimate-2026-guide-to-a-colder-home\floating-actions.png","1440","1000","1440","1000","true","346437","1440000","24.058125","36.21042523148148","24","0.5","true"
"/servis-aircond-murah-kl-the-ultimate-2026-guide-to-a-colder-home/","tablet","header-initial","C:\Users\BGF\OneDrive\Documents\rkreno\.audit-cache\prompt-1-2\source\tablet\servis-aircond-murah-kl-the-ultimate-2026-guide-to-a-colder-home\header-initial.png","C:\Users\BGF\OneDrive\Documents\rkreno\.audit-cache\prompt-1-2\staging\tablet\servis-aircond-murah-kl-the-ultimate-2026-guide-to-a-colder-home\header-initial.png","C:\Users\BGF\OneDrive\Documents\rkreno\.audit-cache\prompt-1-2\differences\tablet\servis-aircond-murah-kl-the-ultimate-2026-guide-to-a-colder-home\header-initial.png","768","90","768","90","true","168","69120","0.24305555555555555","0.055357831790123456","24","0.5","true"
"/servis-aircond-murah-kl-the-ultimate-2026-guide-to-a-colder-home/","tablet","header-sticky","C:\Users\BGF\OneDrive\Documents\rkreno\.audit-cache\prompt-1-2\source\tablet\servis-aircond-murah-kl-the-ultimate-2026-guide-to-a-colder-home\header-sticky.png","C:\Users\BGF\OneDrive\Documents\rkreno\.audit-cache\prompt-1-2\staging\tablet\servis-aircond-murah-kl-the-ultimate-2026-guide-to-a-colder-home\header-sticky.png","C:\Users\BGF\OneDrive\Documents\rkreno\.audit-cache\prompt-1-2\differences\tablet\servis-aircond-murah-kl-the-ultimate-2026-guide-to-a-colder-home\header-sticky.png","768","90","768","90","true","168","69120","0.24305555555555555","0.05539641203703704","24","0.5","true"
"/servis-aircond-murah-kl-the-ultimate-2026-guide-to-a-colder-home/","tablet","menu-open","C:\Users\BGF\OneDrive\Documents\rkreno\.audit-cache\prompt-1-2\source\tablet\servis-aircond-murah-kl-the-ultimate-2026-guide-to-a-colder-home\menu-open.png","C:\Users\BGF\OneDrive\Documents\rkreno\.audit-cache\prompt-1-2\staging\tablet\servis-aircond-murah-kl-the-ultimate-2026-guide-to-a-colder-home\menu-open.png","C:\Users\BGF\OneDrive\Documents\rkreno\.audit-cache\prompt-1-2\differences\tablet\servis-aircond-murah-kl-the-ultimate-2026-guide-to-a-colder-home\menu-open.png","768","1024","768","1024","true","119549","786432","15.201441446940104","10.633460574679905","24","0.5","true"
"/servis-aircond-murah-kl-the-ultimate-2026-guide-to-a-colder-home/","tablet","submenu-open","C:\Users\BGF\OneDrive\Documents\rkreno\.audit-cache\prompt-1-2\source\tablet\servis-aircond-murah-kl-the-ultimate-2026-guide-to-a-colder-home\submenu-open.png","C:\Users\BGF\OneDrive\Documents\rkreno\.audit-cache\prompt-1-2\staging\tablet\servis-aircond-murah-kl-the-ultimate-2026-guide-to-a-colder-home\submenu-open.png","C:\Users\BGF\OneDrive\Documents\rkreno\.audit-cache\prompt-1-2\differences\tablet\servis-aircond-murah-kl-the-ultimate-2026-guide-to-a-colder-home\submenu-open.png","768","1024","768","1024","true","139177","786432","17.697270711263023","13.635685814751518","24","0.5","true"
"/servis-aircond-murah-kl-the-ultimate-2026-guide-to-a-colder-home/","tablet","footer","C:\Users\BGF\OneDrive\Documents\rkreno\.audit-cache\prompt-1-2\source\tablet\servis-aircond-murah-kl-the-ultimate-2026-guide-to-a-colder-home\footer.png","C:\Users\BGF\OneDrive\Documents\rkreno\.audit-cache\prompt-1-2\staging\tablet\servis-aircond-murah-kl-the-ultimate-2026-guide-to-a-colder-home\footer.png","C:\Users\BGF\OneDrive\Documents\rkreno\.audit-cache\prompt-1-2\differences\tablet\servis-aircond-murah-kl-the-ultimate-2026-guide-to-a-colder-home\footer.png","768","759","768","1117","false","407196","857856","47.466707699194274","102.6377810883567","24","0.5","true"
"/servis-aircond-murah-kl-the-ultimate-2026-guide-to-a-colder-home/","tablet","floating-actions","C:\Users\BGF\OneDrive\Documents\rkreno\.audit-cache\prompt-1-2\source\tablet\servis-aircond-murah-kl-the-ultimate-2026-guide-to-a-colder-home\floating-actions.png","C:\Users\BGF\OneDrive\Documents\rkreno\.audit-cache\prompt-1-2\staging\tablet\servis-aircond-murah-kl-the-ultimate-2026-guide-to-a-colder-home\floating-actions.png","C:\Users\BGF\OneDrive\Documents\rkreno\.audit-cache\prompt-1-2\differences\tablet\servis-aircond-murah-kl-the-ultimate-2026-guide-to-a-colder-home\floating-actions.png","768","1024","768","1024","true","343655","786432","43.697992960611984","88.72682401869032","24","0.5","true"
"/servis-aircond-murah-kl-the-ultimate-2026-guide-to-a-colder-home/","mobile","header-initial","C:\Users\BGF\OneDrive\Documents\rkreno\.audit-cache\prompt-1-2\source\mobile\servis-aircond-murah-kl-the-ultimate-2026-guide-to-a-colder-home\header-initial.png","C:\Users\BGF\OneDrive\Documents\rkreno\.audit-cache\prompt-1-2\staging\mobile\servis-aircond-murah-kl-the-ultimate-2026-guide-to-a-colder-home\header-initial.png","C:\Users\BGF\OneDrive\Documents\rkreno\.audit-cache\prompt-1-2\differences\mobile\servis-aircond-murah-kl-the-ultimate-2026-guide-to-a-colder-home\header-initial.png","390","90","390","90","true","168","35100","0.47863247863247865","0.10901234567901234","24","0.5","true"
"/servis-aircond-murah-kl-the-ultimate-2026-guide-to-a-colder-home/","mobile","header-sticky","C:\Users\BGF\OneDrive\Documents\rkreno\.audit-cache\prompt-1-2\source\mobile\servis-aircond-murah-kl-the-ultimate-2026-guide-to-a-colder-home\header-sticky.png","C:\Users\BGF\OneDrive\Documents\rkreno\.audit-cache\prompt-1-2\staging\mobile\servis-aircond-murah-kl-the-ultimate-2026-guide-to-a-colder-home\header-sticky.png","C:\Users\BGF\OneDrive\Documents\rkreno\.audit-cache\prompt-1-2\differences\mobile\servis-aircond-murah-kl-the-ultimate-2026-guide-to-a-colder-home\header-sticky.png","390","90","390","90","true","168","35100","0.47863247863247865","0.10908831908831909","24","0.5","true"
"/servis-aircond-murah-kl-the-ultimate-2026-guide-to-a-colder-home/","mobile","menu-open","C:\Users\BGF\OneDrive\Documents\rkreno\.audit-cache\prompt-1-2\source\mobile\servis-aircond-murah-kl-the-ultimate-2026-guide-to-a-colder-home\menu-open.png","C:\Users\BGF\OneDrive\Documents\rkreno\.audit-cache\prompt-1-2\staging\mobile\servis-aircond-murah-kl-the-ultimate-2026-guide-to-a-colder-home\menu-open.png","C:\Users\BGF\OneDrive\Documents\rkreno\.audit-cache\prompt-1-2\differences\mobile\servis-aircond-murah-kl-the-ultimate-2026-guide-to-a-colder-home\menu-open.png","390","844","390","844","true","4354","329160","1.3227609673107303","1.7186120225219752","24","0.5","true"
"/servis-aircond-murah-kl-the-ultimate-2026-guide-to-a-colder-home/","mobile","submenu-open","C:\Users\BGF\OneDrive\Documents\rkreno\.audit-cache\prompt-1-2\source\mobile\servis-aircond-murah-kl-the-ultimate-2026-guide-to-a-colder-home\submenu-open.png","C:\Users\BGF\OneDrive\Documents\rkreno\.audit-cache\prompt-1-2\staging\mobile\servis-aircond-murah-kl-the-ultimate-2026-guide-to-a-colder-home\submenu-open.png","C:\Users\BGF\OneDrive\Documents\rkreno\.audit-cache\prompt-1-2\differences\mobile\servis-aircond-murah-kl-the-ultimate-2026-guide-to-a-colder-home\submenu-open.png","390","844","390","844","true","19935","329160","6.056325191396281","7.143083404220845","24","0.5","true"
"/servis-aircond-murah-kl-the-ultimate-2026-guide-to-a-colder-home/","mobile","footer","C:\Users\BGF\OneDrive\Documents\rkreno\.audit-cache\prompt-1-2\source\mobile\servis-aircond-murah-kl-the-ultimate-2026-guide-to-a-colder-home\footer.png","C:\Users\BGF\OneDrive\Documents\rkreno\.audit-cache\prompt-1-2\staging\mobile\servis-aircond-murah-kl-the-ultimate-2026-guide-to-a-colder-home\footer.png","C:\Users\BGF\OneDrive\Documents\rkreno\.audit-cache\prompt-1-2\differences\mobile\servis-aircond-murah-kl-the-ultimate-2026-guide-to-a-colder-home\footer.png","390","1397","390","1426","false","169814","556140","30.534397813500195","54.79721413073447","24","0.5","true"
"/servis-aircond-murah-kl-the-ultimate-2026-guide-to-a-colder-home/","mobile","floating-actions","C:\Users\BGF\OneDrive\Documents\rkreno\.audit-cache\prompt-1-2\source\mobile\servis-aircond-murah-kl-the-ultimate-2026-guide-to-a-colder-home\floating-actions.png","C:\Users\BGF\OneDrive\Documents\rkreno\.audit-cache\prompt-1-2\staging\mobile\servis-aircond-murah-kl-the-ultimate-2026-guide-to-a-colder-home\floating-actions.png","C:\Users\BGF\OneDrive\Documents\rkreno\.audit-cache\prompt-1-2\differences\mobile\servis-aircond-murah-kl-the-ultimate-2026-guide-to-a-colder-home\floating-actions.png","390","844","390","844","true","62541","329160","19.000182282172805","32.29154413253939","24","0.5","true"
"/servis-cuci-rumah-kl-the-ultimate-2026-guide-to-a-spotless-home/","desktop","header-initial","C:\Users\BGF\OneDrive\Documents\rkreno\.audit-cache\prompt-1-2\source\desktop\servis-cuci-rumah-kl-the-ultimate-2026-guide-to-a-spotless-home\header-initial.png","C:\Users\BGF\OneDrive\Documents\rkreno\.audit-cache\prompt-1-2\staging\desktop\servis-cuci-rumah-kl-the-ultimate-2026-guide-to-a-spotless-home\header-initial.png","C:\Users\BGF\OneDrive\Documents\rkreno\.audit-cache\prompt-1-2\differences\desktop\servis-cuci-rumah-kl-the-ultimate-2026-guide-to-a-spotless-home\header-initial.png","1440","171","1440","171","true","129826","246240","52.72335932423652","107.85634205111545","24","0.5","true"
"/servis-cuci-rumah-kl-the-ultimate-2026-guide-to-a-spotless-home/","desktop","header-sticky","C:\Users\BGF\OneDrive\Documents\rkreno\.audit-cache\prompt-1-2\source\desktop\servis-cuci-rumah-kl-the-ultimate-2026-guide-to-a-spotless-home\header-sticky.png","C:\Users\BGF\OneDrive\Documents\rkreno\.audit-cache\prompt-1-2\staging\desktop\servis-cuci-rumah-kl-the-ultimate-2026-guide-to-a-spotless-home\header-sticky.png","C:\Users\BGF\OneDrive\Documents\rkreno\.audit-cache\prompt-1-2\differences\desktop\servis-cuci-rumah-kl-the-ultimate-2026-guide-to-a-spotless-home\header-sticky.png","1440","100","1440","100","true","28790","144000","19.993055555555557","24.687453703703703","24","0.5","true"
"/servis-cuci-rumah-kl-the-ultimate-2026-guide-to-a-spotless-home/","desktop","dropdown-open","C:\Users\BGF\OneDrive\Documents\rkreno\.audit-cache\prompt-1-2\source\desktop\servis-cuci-rumah-kl-the-ultimate-2026-guide-to-a-spotless-home\dropdown-open.png","C:\Users\BGF\OneDrive\Documents\rkreno\.audit-cache\prompt-1-2\staging\desktop\servis-cuci-rumah-kl-the-ultimate-2026-guide-to-a-spotless-home\dropdown-open.png","C:\Users\BGF\OneDrive\Documents\rkreno\.audit-cache\prompt-1-2\differences\desktop\servis-cuci-rumah-kl-the-ultimate-2026-guide-to-a-spotless-home\dropdown-open.png","339","459","340","458","false","18643","156060","11.946046392413175","15.445313768208809","24","0.5","true"
"/servis-cuci-rumah-kl-the-ultimate-2026-guide-to-a-spotless-home/","desktop","footer","C:\Users\BGF\OneDrive\Documents\rkreno\.audit-cache\prompt-1-2\source\desktop\servis-cuci-rumah-kl-the-ultimate-2026-guide-to-a-spotless-home\footer.png","C:\Users\BGF\OneDrive\Documents\rkreno\.audit-cache\prompt-1-2\staging\desktop\servis-cuci-rumah-kl-the-ultimate-2026-guide-to-a-spotless-home\footer.png","C:\Users\BGF\OneDrive\Documents\rkreno\.audit-cache\prompt-1-2\differences\desktop\servis-cuci-rumah-kl-the-ultimate-2026-guide-to-a-spotless-home\footer.png","1440","774","1440","733","false","267334","1114560","23.98560867068619","37.718438666379555","24","0.5","true"
"/servis-cuci-rumah-kl-the-ultimate-2026-guide-to-a-spotless-home/","desktop","floating-actions","C:\Users\BGF\OneDrive\Documents\rkreno\.audit-cache\prompt-1-2\source\desktop\servis-cuci-rumah-kl-the-ultimate-2026-guide-to-a-spotless-home\floating-actions.png","C:\Users\BGF\OneDrive\Documents\rkreno\.audit-cache\prompt-1-2\staging\desktop\servis-cuci-rumah-kl-the-ultimate-2026-guide-to-a-spotless-home\floating-actions.png","C:\Users\BGF\OneDrive\Documents\rkreno\.audit-cache\prompt-1-2\differences\desktop\servis-cuci-rumah-kl-the-ultimate-2026-guide-to-a-spotless-home\floating-actions.png","1440","1000","1440","1000","true","348789","1440000","24.221458333333334","36.298013194444444","24","0.5","true"
"/servis-cuci-rumah-kl-the-ultimate-2026-guide-to-a-spotless-home/","tablet","header-initial","C:\Users\BGF\OneDrive\Documents\rkreno\.audit-cache\prompt-1-2\source\tablet\servis-cuci-rumah-kl-the-ultimate-2026-guide-to-a-spotless-home\header-initial.png","C:\Users\BGF\OneDrive\Documents\rkreno\.audit-cache\prompt-1-2\staging\tablet\servis-cuci-rumah-kl-the-ultimate-2026-guide-to-a-spotless-home\header-initial.png","C:\Users\BGF\OneDrive\Documents\rkreno\.audit-cache\prompt-1-2\differences\tablet\servis-cuci-rumah-kl-the-ultimate-2026-guide-to-a-spotless-home\header-initial.png","768","90","768","90","true","168","69120","0.24305555555555555","0.055357831790123456","24","0.5","true"
"/servis-cuci-rumah-kl-the-ultimate-2026-guide-to-a-spotless-home/","tablet","header-sticky","C:\Users\BGF\OneDrive\Documents\rkreno\.audit-cache\prompt-1-2\source\tablet\servis-cuci-rumah-kl-the-ultimate-2026-guide-to-a-spotless-home\header-sticky.png","C:\Users\BGF\OneDrive\Documents\rkreno\.audit-cache\prompt-1-2\staging\tablet\servis-cuci-rumah-kl-the-ultimate-2026-guide-to-a-spotless-home\header-sticky.png","C:\Users\BGF\OneDrive\Documents\rkreno\.audit-cache\prompt-1-2\differences\tablet\servis-cuci-rumah-kl-the-ultimate-2026-guide-to-a-spotless-home\header-sticky.png","768","90","768","90","true","168","69120","0.24305555555555555","0.05539641203703704","24","0.5","true"
"/servis-cuci-rumah-kl-the-ultimate-2026-guide-to-a-spotless-home/","tablet","menu-open","C:\Users\BGF\OneDrive\Documents\rkreno\.audit-cache\prompt-1-2\source\tablet\servis-cuci-rumah-kl-the-ultimate-2026-guide-to-a-spotless-home\menu-open.png","C:\Users\BGF\OneDrive\Documents\rkreno\.audit-cache\prompt-1-2\staging\tablet\servis-cuci-rumah-kl-the-ultimate-2026-guide-to-a-spotless-home\menu-open.png","C:\Users\BGF\OneDrive\Documents\rkreno\.audit-cache\prompt-1-2\differences\tablet\servis-cuci-rumah-kl-the-ultimate-2026-guide-to-a-spotless-home\menu-open.png","768","1024","768","1024","true","121651","786432","15.468724568684896","10.689748128255209","24","0.5","true"
"/servis-cuci-rumah-kl-the-ultimate-2026-guide-to-a-spotless-home/","tablet","submenu-open","C:\Users\BGF\OneDrive\Documents\rkreno\.audit-cache\prompt-1-2\source\tablet\servis-cuci-rumah-kl-the-ultimate-2026-guide-to-a-spotless-home\submenu-open.png","C:\Users\BGF\OneDrive\Documents\rkreno\.audit-cache\prompt-1-2\staging\tablet\servis-cuci-rumah-kl-the-ultimate-2026-guide-to-a-spotless-home\submenu-open.png","C:\Users\BGF\OneDrive\Documents\rkreno\.audit-cache\prompt-1-2\differences\tablet\servis-cuci-rumah-kl-the-ultimate-2026-guide-to-a-spotless-home\submenu-open.png","768","1024","768","1024","true","141279","786432","17.964553833007812","13.691973368326822","24","0.5","true"
"/servis-cuci-rumah-kl-the-ultimate-2026-guide-to-a-spotless-home/","tablet","footer","C:\Users\BGF\OneDrive\Documents\rkreno\.audit-cache\prompt-1-2\source\tablet\servis-cuci-rumah-kl-the-ultimate-2026-guide-to-a-spotless-home\footer.png","C:\Users\BGF\OneDrive\Documents\rkreno\.audit-cache\prompt-1-2\staging\tablet\servis-cuci-rumah-kl-the-ultimate-2026-guide-to-a-spotless-home\footer.png","C:\Users\BGF\OneDrive\Documents\rkreno\.audit-cache\prompt-1-2\differences\tablet\servis-cuci-rumah-kl-the-ultimate-2026-guide-to-a-spotless-home\footer.png","768","759","768","1117","false","404296","857856","47.12865562518651","101.80072685081568","24","0.5","true"
"/servis-cuci-rumah-kl-the-ultimate-2026-guide-to-a-spotless-home/","tablet","floating-actions","C:\Users\BGF\OneDrive\Documents\rkreno\.audit-cache\prompt-1-2\source\tablet\servis-cuci-rumah-kl-the-ultimate-2026-guide-to-a-spotless-home\floating-actions.png","C:\Users\BGF\OneDrive\Documents\rkreno\.audit-cache\prompt-1-2\staging\tablet\servis-cuci-rumah-kl-the-ultimate-2026-guide-to-a-spotless-home\floating-actions.png","C:\Users\BGF\OneDrive\Documents\rkreno\.audit-cache\prompt-1-2\differences\tablet\servis-cuci-rumah-kl-the-ultimate-2026-guide-to-a-spotless-home\floating-actions.png","768","1024","768","1024","true","344174","786432","43.763987223307296","88.80335023668077","24","0.5","true"
"/servis-cuci-rumah-kl-the-ultimate-2026-guide-to-a-spotless-home/","mobile","header-initial","C:\Users\BGF\OneDrive\Documents\rkreno\.audit-cache\prompt-1-2\source\mobile\servis-cuci-rumah-kl-the-ultimate-2026-guide-to-a-spotless-home\header-initial.png","C:\Users\BGF\OneDrive\Documents\rkreno\.audit-cache\prompt-1-2\staging\mobile\servis-cuci-rumah-kl-the-ultimate-2026-guide-to-a-spotless-home\header-initial.png","C:\Users\BGF\OneDrive\Documents\rkreno\.audit-cache\prompt-1-2\differences\mobile\servis-cuci-rumah-kl-the-ultimate-2026-guide-to-a-spotless-home\header-initial.png","390","90","390","90","true","168","35100","0.47863247863247865","0.10901234567901234","24","0.5","true"
"/servis-cuci-rumah-kl-the-ultimate-2026-guide-to-a-spotless-home/","mobile","header-sticky","C:\Users\BGF\OneDrive\Documents\rkreno\.audit-cache\prompt-1-2\source\mobile\servis-cuci-rumah-kl-the-ultimate-2026-guide-to-a-spotless-home\header-sticky.png","C:\Users\BGF\OneDrive\Documents\rkreno\.audit-cache\prompt-1-2\staging\mobile\servis-cuci-rumah-kl-the-ultimate-2026-guide-to-a-spotless-home\header-sticky.png","C:\Users\BGF\OneDrive\Documents\rkreno\.audit-cache\prompt-1-2\differences\mobile\servis-cuci-rumah-kl-the-ultimate-2026-guide-to-a-spotless-home\header-sticky.png","390","90","390","90","true","168","35100","0.47863247863247865","0.10908831908831909","24","0.5","true"
"/servis-cuci-rumah-kl-the-ultimate-2026-guide-to-a-spotless-home/","mobile","menu-open","C:\Users\BGF\OneDrive\Documents\rkreno\.audit-cache\prompt-1-2\source\mobile\servis-cuci-rumah-kl-the-ultimate-2026-guide-to-a-spotless-home\menu-open.png","C:\Users\BGF\OneDrive\Documents\rkreno\.audit-cache\prompt-1-2\staging\mobile\servis-cuci-rumah-kl-the-ultimate-2026-guide-to-a-spotless-home\menu-open.png","C:\Users\BGF\OneDrive\Documents\rkreno\.audit-cache\prompt-1-2\differences\mobile\servis-cuci-rumah-kl-the-ultimate-2026-guide-to-a-spotless-home\menu-open.png","390","844","390","844","true","4354","329160","1.3227609673107303","1.7186120225219752","24","0.5","true"
"/servis-cuci-rumah-kl-the-ultimate-2026-guide-to-a-spotless-home/","mobile","submenu-open","C:\Users\BGF\OneDrive\Documents\rkreno\.audit-cache\prompt-1-2\source\mobile\servis-cuci-rumah-kl-the-ultimate-2026-guide-to-a-spotless-home\submenu-open.png","C:\Users\BGF\OneDrive\Documents\rkreno\.audit-cache\prompt-1-2\staging\mobile\servis-cuci-rumah-kl-the-ultimate-2026-guide-to-a-spotless-home\submenu-open.png","C:\Users\BGF\OneDrive\Documents\rkreno\.audit-cache\prompt-1-2\differences\mobile\servis-cuci-rumah-kl-the-ultimate-2026-guide-to-a-spotless-home\submenu-open.png","390","844","390","844","true","19935","329160","6.056325191396281","7.143083404220845","24","0.5","true"
"/servis-cuci-rumah-kl-the-ultimate-2026-guide-to-a-spotless-home/","mobile","footer","C:\Users\BGF\OneDrive\Documents\rkreno\.audit-cache\prompt-1-2\source\mobile\servis-cuci-rumah-kl-the-ultimate-2026-guide-to-a-spotless-home\footer.png","C:\Users\BGF\OneDrive\Documents\rkreno\.audit-cache\prompt-1-2\staging\mobile\servis-cuci-rumah-kl-the-ultimate-2026-guide-to-a-spotless-home\footer.png","C:\Users\BGF\OneDrive\Documents\rkreno\.audit-cache\prompt-1-2\differences\mobile\servis-cuci-rumah-kl-the-ultimate-2026-guide-to-a-spotless-home\footer.png","390","1396","390","1426","false","169290","556140","30.440176933865576","54.58730235791947","24","0.5","true"
"/servis-cuci-rumah-kl-the-ultimate-2026-guide-to-a-spotless-home/","mobile","floating-actions","C:\Users\BGF\OneDrive\Documents\rkreno\.audit-cache\prompt-1-2\source\mobile\servis-cuci-rumah-kl-the-ultimate-2026-guide-to-a-spotless-home\floating-actions.png","C:\Users\BGF\OneDrive\Documents\rkreno\.audit-cache\prompt-1-2\staging\mobile\servis-cuci-rumah-kl-the-ultimate-2026-guide-to-a-spotless-home\floating-actions.png","C:\Users\BGF\OneDrive\Documents\rkreno\.audit-cache\prompt-1-2\differences\mobile\servis-cuci-rumah-kl-the-ultimate-2026-guide-to-a-spotless-home\floating-actions.png","390","844","390","844","true","62747","329160","19.062765828168672","32.44673309839187","24","0.5","true"
"/servis-cuci-rumah-kl/","desktop","header-initial","C:\Users\BGF\OneDrive\Documents\rkreno\.audit-cache\prompt-1-2\source\desktop\servis-cuci-rumah-kl\header-initial.png","C:\Users\BGF\OneDrive\Documents\rkreno\.audit-cache\prompt-1-2\staging\desktop\servis-cuci-rumah-kl\header-initial.png","C:\Users\BGF\OneDrive\Documents\rkreno\.audit-cache\prompt-1-2\differences\desktop\servis-cuci-rumah-kl\header-initial.png","1440","171","1440","171","true","129811","246240","52.71726770630279","107.76706329867879","24","0.5","true"
"/servis-cuci-rumah-kl/","desktop","header-sticky","C:\Users\BGF\OneDrive\Documents\rkreno\.audit-cache\prompt-1-2\source\desktop\servis-cuci-rumah-kl\header-sticky.png","C:\Users\BGF\OneDrive\Documents\rkreno\.audit-cache\prompt-1-2\staging\desktop\servis-cuci-rumah-kl\header-sticky.png","C:\Users\BGF\OneDrive\Documents\rkreno\.audit-cache\prompt-1-2\differences\desktop\servis-cuci-rumah-kl\header-sticky.png","1440","100","1440","100","true","28802","144000","20.001388888888886","24.470916666666668","24","0.5","true"
"/servis-cuci-rumah-kl/","desktop","dropdown-open","C:\Users\BGF\OneDrive\Documents\rkreno\.audit-cache\prompt-1-2\source\desktop\servis-cuci-rumah-kl\dropdown-open.png","C:\Users\BGF\OneDrive\Documents\rkreno\.audit-cache\prompt-1-2\staging\desktop\servis-cuci-rumah-kl\dropdown-open.png","C:\Users\BGF\OneDrive\Documents\rkreno\.audit-cache\prompt-1-2\differences\desktop\servis-cuci-rumah-kl\dropdown-open.png","339","459","340","458","false","19256","156060","12.338844034345763","15.41514801999231","24","0.5","true"
"/servis-cuci-rumah-kl/","desktop","footer","C:\Users\BGF\OneDrive\Documents\rkreno\.audit-cache\prompt-1-2\source\desktop\servis-cuci-rumah-kl\footer.png","C:\Users\BGF\OneDrive\Documents\rkreno\.audit-cache\prompt-1-2\staging\desktop\servis-cuci-rumah-kl\footer.png","C:\Users\BGF\OneDrive\Documents\rkreno\.audit-cache\prompt-1-2\differences\desktop\servis-cuci-rumah-kl\footer.png","1440","774","1440","733","false","266830","1114560","23.940389032443296","38.295359005646475","24","0.5","true"
"/servis-cuci-rumah-kl/","desktop","floating-actions","C:\Users\BGF\OneDrive\Documents\rkreno\.audit-cache\prompt-1-2\source\desktop\servis-cuci-rumah-kl\floating-actions.png","C:\Users\BGF\OneDrive\Documents\rkreno\.audit-cache\prompt-1-2\staging\desktop\servis-cuci-rumah-kl\floating-actions.png","C:\Users\BGF\OneDrive\Documents\rkreno\.audit-cache\prompt-1-2\differences\desktop\servis-cuci-rumah-kl\floating-actions.png","1440","1000","1440","1000","true","560449","1440000","38.920069444444444","62.21819490740741","24","0.5","true"
"/servis-cuci-rumah-kl/","tablet","header-initial","C:\Users\BGF\OneDrive\Documents\rkreno\.audit-cache\prompt-1-2\source\tablet\servis-cuci-rumah-kl\header-initial.png","C:\Users\BGF\OneDrive\Documents\rkreno\.audit-cache\prompt-1-2\staging\tablet\servis-cuci-rumah-kl\header-initial.png","C:\Users\BGF\OneDrive\Documents\rkreno\.audit-cache\prompt-1-2\differences\tablet\servis-cuci-rumah-kl\header-initial.png","768","90","768","90","true","168","69120","0.24305555555555555","0.055357831790123456","24","0.5","true"
"/servis-cuci-rumah-kl/","tablet","header-sticky","C:\Users\BGF\OneDrive\Documents\rkreno\.audit-cache\prompt-1-2\source\tablet\servis-cuci-rumah-kl\header-sticky.png","C:\Users\BGF\OneDrive\Documents\rkreno\.audit-cache\prompt-1-2\staging\tablet\servis-cuci-rumah-kl\header-sticky.png","C:\Users\BGF\OneDrive\Documents\rkreno\.audit-cache\prompt-1-2\differences\tablet\servis-cuci-rumah-kl\header-sticky.png","768","90","768","90","true","168","69120","0.24305555555555555","0.05539641203703704","24","0.5","true"
"/servis-cuci-rumah-kl/","tablet","menu-open","C:\Users\BGF\OneDrive\Documents\rkreno\.audit-cache\prompt-1-2\source\tablet\servis-cuci-rumah-kl\menu-open.png","C:\Users\BGF\OneDrive\Documents\rkreno\.audit-cache\prompt-1-2\staging\tablet\servis-cuci-rumah-kl\menu-open.png","C:\Users\BGF\OneDrive\Documents\rkreno\.audit-cache\prompt-1-2\differences\tablet\servis-cuci-rumah-kl\menu-open.png","768","1024","768","1024","true","140716","786432","17.892964680989586","13.971273634168837","24","0.5","true"
"/servis-cuci-rumah-kl/","tablet","submenu-open","C:\Users\BGF\OneDrive\Documents\rkreno\.audit-cache\prompt-1-2\source\tablet\servis-cuci-rumah-kl\submenu-open.png","C:\Users\BGF\OneDrive\Documents\rkreno\.audit-cache\prompt-1-2\staging\tablet\servis-cuci-rumah-kl\submenu-open.png","C:\Users\BGF\OneDrive\Documents\rkreno\.audit-cache\prompt-1-2\differences\tablet\servis-cuci-rumah-kl\submenu-open.png","768","1024","768","1024","true","160232","786432","20.374552408854164","16.909759097629124","24","0.5","true"
"/servis-cuci-rumah-kl/","tablet","footer","C:\Users\BGF\OneDrive\Documents\rkreno\.audit-cache\prompt-1-2\source\tablet\servis-cuci-rumah-kl\footer.png","C:\Users\BGF\OneDrive\Documents\rkreno\.audit-cache\prompt-1-2\staging\tablet\servis-cuci-rumah-kl\footer.png","C:\Users\BGF\OneDrive\Documents\rkreno\.audit-cache\prompt-1-2\differences\tablet\servis-cuci-rumah-kl\footer.png","768","759","768","1116","false","404436","857088","47.18721998207885","101.99806593177519","24","0.5","true"
"/servis-cuci-rumah-kl/","tablet","floating-actions","C:\Users\BGF\OneDrive\Documents\rkreno\.audit-cache\prompt-1-2\source\tablet\servis-cuci-rumah-kl\floating-actions.png","C:\Users\BGF\OneDrive\Documents\rkreno\.audit-cache\prompt-1-2\staging\tablet\servis-cuci-rumah-kl\floating-actions.png","C:\Users\BGF\OneDrive\Documents\rkreno\.audit-cache\prompt-1-2\differences\tablet\servis-cuci-rumah-kl\floating-actions.png","768","1024","768","1024","true","340509","786432","43.29795837402344","88.28927612304688","24","0.5","true"
"/servis-cuci-rumah-kl/","mobile","header-initial","C:\Users\BGF\OneDrive\Documents\rkreno\.audit-cache\prompt-1-2\source\mobile\servis-cuci-rumah-kl\header-initial.png","C:\Users\BGF\OneDrive\Documents\rkreno\.audit-cache\prompt-1-2\staging\mobile\servis-cuci-rumah-kl\header-initial.png","C:\Users\BGF\OneDrive\Documents\rkreno\.audit-cache\prompt-1-2\differences\mobile\servis-cuci-rumah-kl\header-initial.png","390","90","390","90","true","168","35100","0.47863247863247865","0.10901234567901234","24","0.5","true"
"/servis-cuci-rumah-kl/","mobile","header-sticky","C:\Users\BGF\OneDrive\Documents\rkreno\.audit-cache\prompt-1-2\source\mobile\servis-cuci-rumah-kl\header-sticky.png","C:\Users\BGF\OneDrive\Documents\rkreno\.audit-cache\prompt-1-2\staging\mobile\servis-cuci-rumah-kl\header-sticky.png","C:\Users\BGF\OneDrive\Documents\rkreno\.audit-cache\prompt-1-2\differences\mobile\servis-cuci-rumah-kl\header-sticky.png","390","90","390","90","true","168","35100","0.47863247863247865","0.10908831908831909","24","0.5","true"
"/servis-cuci-rumah-kl/","mobile","menu-open","C:\Users\BGF\OneDrive\Documents\rkreno\.audit-cache\prompt-1-2\source\mobile\servis-cuci-rumah-kl\menu-open.png","C:\Users\BGF\OneDrive\Documents\rkreno\.audit-cache\prompt-1-2\staging\mobile\servis-cuci-rumah-kl\menu-open.png","C:\Users\BGF\OneDrive\Documents\rkreno\.audit-cache\prompt-1-2\differences\mobile\servis-cuci-rumah-kl\menu-open.png","390","844","390","844","true","4374","329160","1.3288370397375138","1.6983746506258355","24","0.5","true"
"/servis-cuci-rumah-kl/","mobile","submenu-open","C:\Users\BGF\OneDrive\Documents\rkreno\.audit-cache\prompt-1-2\source\mobile\servis-cuci-rumah-kl\submenu-open.png","C:\Users\BGF\OneDrive\Documents\rkreno\.audit-cache\prompt-1-2\staging\mobile\servis-cuci-rumah-kl\submenu-open.png","C:\Users\BGF\OneDrive\Documents\rkreno\.audit-cache\prompt-1-2\differences\mobile\servis-cuci-rumah-kl\submenu-open.png","390","844","390","844","true","19878","329160","6.039008384979949","6.991879329201604","24","0.5","true"
"/servis-cuci-rumah-kl/","mobile","footer","C:\Users\BGF\OneDrive\Documents\rkreno\.audit-cache\prompt-1-2\source\mobile\servis-cuci-rumah-kl\footer.png","C:\Users\BGF\OneDrive\Documents\rkreno\.audit-cache\prompt-1-2\staging\mobile\servis-cuci-rumah-kl\footer.png","C:\Users\BGF\OneDrive\Documents\rkreno\.audit-cache\prompt-1-2\differences\mobile\servis-cuci-rumah-kl\footer.png","390","1397","390","1426","false","168606","556140","30.317186319991368","54.204021169729444","24","0.5","true"
"/servis-cuci-rumah-kl/","mobile","floating-actions","C:\Users\BGF\OneDrive\Documents\rkreno\.audit-cache\prompt-1-2\source\mobile\servis-cuci-rumah-kl\floating-actions.png","C:\Users\BGF\OneDrive\Documents\rkreno\.audit-cache\prompt-1-2\staging\mobile\servis-cuci-rumah-kl\floating-actions.png","C:\Users\BGF\OneDrive\Documents\rkreno\.audit-cache\prompt-1-2\differences\mobile\servis-cuci-rumah-kl\floating-actions.png","390","844","390","844","true","62697","329160","19.047575647101713","32.4631202657269","24","0.5","true"
"/thank-you/","desktop","header-initial","C:\Users\BGF\OneDrive\Documents\rkreno\.audit-cache\prompt-1-2\source\desktop\thank-you\header-initial.png","C:\Users\BGF\OneDrive\Documents\rkreno\.audit-cache\prompt-1-2\staging\desktop\thank-you\header-initial.png","C:\Users\BGF\OneDrive\Documents\rkreno\.audit-cache\prompt-1-2\differences\desktop\thank-you\header-initial.png","1440","171","1440","171","true","129826","246240","52.72335932423652","107.85633257526533","24","0.5","true"
"/thank-you/","desktop","header-sticky","C:\Users\BGF\OneDrive\Documents\rkreno\.audit-cache\prompt-1-2\source\desktop\thank-you\header-sticky.png","C:\Users\BGF\OneDrive\Documents\rkreno\.audit-cache\prompt-1-2\staging\desktop\thank-you\header-sticky.png","C:\Users\BGF\OneDrive\Documents\rkreno\.audit-cache\prompt-1-2\differences\desktop\thank-you\header-sticky.png","1440","100","1440","100","true","28790","144000","19.993055555555557","24.59","24","0.5","true"
"/thank-you/","desktop","dropdown-open","C:\Users\BGF\OneDrive\Documents\rkreno\.audit-cache\prompt-1-2\source\desktop\thank-you\dropdown-open.png","C:\Users\BGF\OneDrive\Documents\rkreno\.audit-cache\prompt-1-2\staging\desktop\thank-you\dropdown-open.png","C:\Users\BGF\OneDrive\Documents\rkreno\.audit-cache\prompt-1-2\differences\desktop\thank-you\dropdown-open.png","339","459","340","458","false","19311","156060","12.374086889657825","15.736567132299543","24","0.5","true"
"/thank-you/","desktop","footer","C:\Users\BGF\OneDrive\Documents\rkreno\.audit-cache\prompt-1-2\source\desktop\thank-you\footer.png","C:\Users\BGF\OneDrive\Documents\rkreno\.audit-cache\prompt-1-2\staging\desktop\thank-you\footer.png","C:\Users\BGF\OneDrive\Documents\rkreno\.audit-cache\prompt-1-2\differences\desktop\thank-you\footer.png","1440","774","1440","733","false","268395","1114560","24.080803186907836","38.222616099626755","24","0.5","true"
"/thank-you/","desktop","floating-actions","C:\Users\BGF\OneDrive\Documents\rkreno\.audit-cache\prompt-1-2\source\desktop\thank-you\floating-actions.png","C:\Users\BGF\OneDrive\Documents\rkreno\.audit-cache\prompt-1-2\staging\desktop\thank-you\floating-actions.png","C:\Users\BGF\OneDrive\Documents\rkreno\.audit-cache\prompt-1-2\differences\desktop\thank-you\floating-actions.png","1440","1000","1440","1000","true","352304","1440000","24.465555555555554","37.13085","24","0.5","true"
"/thank-you/","tablet","header-initial","C:\Users\BGF\OneDrive\Documents\rkreno\.audit-cache\prompt-1-2\source\tablet\thank-you\header-initial.png","C:\Users\BGF\OneDrive\Documents\rkreno\.audit-cache\prompt-1-2\staging\tablet\thank-you\header-initial.png","C:\Users\BGF\OneDrive\Documents\rkreno\.audit-cache\prompt-1-2\differences\tablet\thank-you\header-initial.png","768","90","768","90","true","168","69120","0.24305555555555555","0.055357831790123456","24","0.5","true"
"/thank-you/","tablet","header-sticky","C:\Users\BGF\OneDrive\Documents\rkreno\.audit-cache\prompt-1-2\source\tablet\thank-you\header-sticky.png","C:\Users\BGF\OneDrive\Documents\rkreno\.audit-cache\prompt-1-2\staging\tablet\thank-you\header-sticky.png","C:\Users\BGF\OneDrive\Documents\rkreno\.audit-cache\prompt-1-2\differences\tablet\thank-you\header-sticky.png","768","90","768","90","true","168","69120","0.24305555555555555","0.05539641203703704","24","0.5","true"
"/thank-you/","tablet","menu-open","C:\Users\BGF\OneDrive\Documents\rkreno\.audit-cache\prompt-1-2\source\tablet\thank-you\menu-open.png","C:\Users\BGF\OneDrive\Documents\rkreno\.audit-cache\prompt-1-2\staging\tablet\thank-you\menu-open.png","C:\Users\BGF\OneDrive\Documents\rkreno\.audit-cache\prompt-1-2\differences\tablet\thank-you\menu-open.png","768","1024","768","1024","true","71050","786432","9.034474690755207","6.1820831298828125","24","0.5","true"
"/thank-you/","tablet","submenu-open","C:\Users\BGF\OneDrive\Documents\rkreno\.audit-cache\prompt-1-2\source\tablet\thank-you\submenu-open.png","C:\Users\BGF\OneDrive\Documents\rkreno\.audit-cache\prompt-1-2\staging\tablet\thank-you\submenu-open.png","C:\Users\BGF\OneDrive\Documents\rkreno\.audit-cache\prompt-1-2\differences\tablet\thank-you\submenu-open.png","768","1024","768","1024","true","90678","786432","11.530303955078125","9.184308369954428","24","0.5","true"
"/thank-you/","tablet","footer","C:\Users\BGF\OneDrive\Documents\rkreno\.audit-cache\prompt-1-2\source\tablet\thank-you\footer.png","C:\Users\BGF\OneDrive\Documents\rkreno\.audit-cache\prompt-1-2\staging\tablet\thank-you\footer.png","C:\Users\BGF\OneDrive\Documents\rkreno\.audit-cache\prompt-1-2\differences\tablet\thank-you\footer.png","768","759","768","1117","false","407609","857856","47.51485097732021","102.72570221575648","24","0.5","true"
"/thank-you/","tablet","floating-actions","C:\Users\BGF\OneDrive\Documents\rkreno\.audit-cache\prompt-1-2\source\tablet\thank-you\floating-actions.png","C:\Users\BGF\OneDrive\Documents\rkreno\.audit-cache\prompt-1-2\staging\tablet\thank-you\floating-actions.png","C:\Users\BGF\OneDrive\Documents\rkreno\.audit-cache\prompt-1-2\differences\tablet\thank-you\floating-actions.png","768","1024","768","1024","true","342933","786432","43.60618591308594","88.6385849846734","24","0.5","true"
"/thank-you/","mobile","header-initial","C:\Users\BGF\OneDrive\Documents\rkreno\.audit-cache\prompt-1-2\source\mobile\thank-you\header-initial.png","C:\Users\BGF\OneDrive\Documents\rkreno\.audit-cache\prompt-1-2\staging\mobile\thank-you\header-initial.png","C:\Users\BGF\OneDrive\Documents\rkreno\.audit-cache\prompt-1-2\differences\mobile\thank-you\header-initial.png","390","90","390","90","true","168","35100","0.47863247863247865","0.10901234567901234","24","0.5","true"
"/thank-you/","mobile","header-sticky","C:\Users\BGF\OneDrive\Documents\rkreno\.audit-cache\prompt-1-2\source\mobile\thank-you\header-sticky.png","C:\Users\BGF\OneDrive\Documents\rkreno\.audit-cache\prompt-1-2\staging\mobile\thank-you\header-sticky.png","C:\Users\BGF\OneDrive\Documents\rkreno\.audit-cache\prompt-1-2\differences\mobile\thank-you\header-sticky.png","390","90","390","90","true","168","35100","0.47863247863247865","0.10908831908831909","24","0.5","true"
"/thank-you/","mobile","menu-open","C:\Users\BGF\OneDrive\Documents\rkreno\.audit-cache\prompt-1-2\source\mobile\thank-you\menu-open.png","C:\Users\BGF\OneDrive\Documents\rkreno\.audit-cache\prompt-1-2\staging\mobile\thank-you\menu-open.png","C:\Users\BGF\OneDrive\Documents\rkreno\.audit-cache\prompt-1-2\differences\mobile\thank-you\menu-open.png","390","844","390","844","true","4354","329160","1.3227609673107303","1.7186120225219752","24","0.5","true"
"/thank-you/","mobile","submenu-open","C:\Users\BGF\OneDrive\Documents\rkreno\.audit-cache\prompt-1-2\source\mobile\thank-you\submenu-open.png","C:\Users\BGF\OneDrive\Documents\rkreno\.audit-cache\prompt-1-2\staging\mobile\thank-you\submenu-open.png","C:\Users\BGF\OneDrive\Documents\rkreno\.audit-cache\prompt-1-2\differences\mobile\thank-you\submenu-open.png","390","844","390","844","true","19935","329160","6.056325191396281","7.143083404220845","24","0.5","true"
"/thank-you/","mobile","footer","C:\Users\BGF\OneDrive\Documents\rkreno\.audit-cache\prompt-1-2\source\mobile\thank-you\footer.png","C:\Users\BGF\OneDrive\Documents\rkreno\.audit-cache\prompt-1-2\staging\mobile\thank-you\footer.png","C:\Users\BGF\OneDrive\Documents\rkreno\.audit-cache\prompt-1-2\differences\mobile\thank-you\footer.png","390","1397","390","1426","false","169872","556140","30.544826842162042","54.803183251219714","24","0.5","true"
"/thank-you/","mobile","floating-actions","C:\Users\BGF\OneDrive\Documents\rkreno\.audit-cache\prompt-1-2\source\mobile\thank-you\floating-actions.png","C:\Users\BGF\OneDrive\Documents\rkreno\.audit-cache\prompt-1-2\staging\mobile\thank-you\floating-actions.png","C:\Users\BGF\OneDrive\Documents\rkreno\.audit-cache\prompt-1-2\differences\mobile\thank-you\floating-actions.png","390","844","390","844","true","62541","329160","19.000182282172805","32.291525904322114","24","0.5","true"
"/category/commercial/","desktop","header-initial","C:\Users\BGF\OneDrive\Documents\rkreno\.audit-cache\prompt-1-2\source\desktop\category__commercial\header-initial.png","C:\Users\BGF\OneDrive\Documents\rkreno\.audit-cache\prompt-1-2\staging\desktop\category__commercial\header-initial.png","C:\Users\BGF\OneDrive\Documents\rkreno\.audit-cache\prompt-1-2\differences\desktop\category__commercial\header-initial.png","1440","171","1440","171","true","129826","246240","52.72335932423652","107.85634205111545","24","0.5","true"
"/category/commercial/","desktop","header-sticky","C:\Users\BGF\OneDrive\Documents\rkreno\.audit-cache\prompt-1-2\source\desktop\category__commercial\header-sticky.png","C:\Users\BGF\OneDrive\Documents\rkreno\.audit-cache\prompt-1-2\staging\desktop\category__commercial\header-sticky.png","C:\Users\BGF\OneDrive\Documents\rkreno\.audit-cache\prompt-1-2\differences\desktop\category__commercial\header-sticky.png","1440","100","1440","100","true","28790","144000","19.993055555555557","24.601111111111113","24","0.5","true"
"/category/commercial/","desktop","dropdown-open","C:\Users\BGF\OneDrive\Documents\rkreno\.audit-cache\prompt-1-2\source\desktop\category__commercial\dropdown-open.png","C:\Users\BGF\OneDrive\Documents\rkreno\.audit-cache\prompt-1-2\staging\desktop\category__commercial\dropdown-open.png","C:\Users\BGF\OneDrive\Documents\rkreno\.audit-cache\prompt-1-2\differences\desktop\category__commercial\dropdown-open.png","339","459","340","458","false","19311","156060","12.374086889657825","15.736567132299543","24","0.5","true"
"/category/commercial/","desktop","footer","C:\Users\BGF\OneDrive\Documents\rkreno\.audit-cache\prompt-1-2\source\desktop\category__commercial\footer.png","C:\Users\BGF\OneDrive\Documents\rkreno\.audit-cache\prompt-1-2\staging\desktop\category__commercial\footer.png","C:\Users\BGF\OneDrive\Documents\rkreno\.audit-cache\prompt-1-2\differences\desktop\category__commercial\footer.png","1440","774","1440","733","false","267295","1114560","23.982109532012633","37.40117804335343","24","0.5","true"
"/category/commercial/","desktop","floating-actions","C:\Users\BGF\OneDrive\Documents\rkreno\.audit-cache\prompt-1-2\source\desktop\category__commercial\floating-actions.png","C:\Users\BGF\OneDrive\Documents\rkreno\.audit-cache\prompt-1-2\staging\desktop\category__commercial\floating-actions.png","C:\Users\BGF\OneDrive\Documents\rkreno\.audit-cache\prompt-1-2\differences\desktop\category__commercial\floating-actions.png","1440","1000","1440","1000","true","345598","1440000","23.999861111111112","36.558483564814814","24","0.5","true"
"/category/commercial/","tablet","header-initial","C:\Users\BGF\OneDrive\Documents\rkreno\.audit-cache\prompt-1-2\source\tablet\category__commercial\header-initial.png","C:\Users\BGF\OneDrive\Documents\rkreno\.audit-cache\prompt-1-2\staging\tablet\category__commercial\header-initial.png","C:\Users\BGF\OneDrive\Documents\rkreno\.audit-cache\prompt-1-2\differences\tablet\category__commercial\header-initial.png","768","90","768","90","true","168","69120","0.24305555555555555","0.055357831790123456","24","0.5","true"
"/category/commercial/","tablet","header-sticky","C:\Users\BGF\OneDrive\Documents\rkreno\.audit-cache\prompt-1-2\source\tablet\category__commercial\header-sticky.png","C:\Users\BGF\OneDrive\Documents\rkreno\.audit-cache\prompt-1-2\staging\tablet\category__commercial\header-sticky.png","C:\Users\BGF\OneDrive\Documents\rkreno\.audit-cache\prompt-1-2\differences\tablet\category__commercial\header-sticky.png","768","90","768","90","true","168","69120","0.24305555555555555","0.05539641203703704","24","0.5","true"
"/category/commercial/","tablet","menu-open","C:\Users\BGF\OneDrive\Documents\rkreno\.audit-cache\prompt-1-2\source\tablet\category__commercial\menu-open.png","C:\Users\BGF\OneDrive\Documents\rkreno\.audit-cache\prompt-1-2\staging\tablet\category__commercial\menu-open.png","C:\Users\BGF\OneDrive\Documents\rkreno\.audit-cache\prompt-1-2\differences\tablet\category__commercial\menu-open.png","768","1024","768","1024","true","226509","786432","28.802108764648438","19.946849822998047","24","0.5","true"
"/category/commercial/","tablet","submenu-open","C:\Users\BGF\OneDrive\Documents\rkreno\.audit-cache\prompt-1-2\source\tablet\category__commercial\submenu-open.png","C:\Users\BGF\OneDrive\Documents\rkreno\.audit-cache\prompt-1-2\staging\tablet\category__commercial\submenu-open.png","C:\Users\BGF\OneDrive\Documents\rkreno\.audit-cache\prompt-1-2\differences\tablet\category__commercial\submenu-open.png","768","1024","768","1024","true","246137","786432","31.297938028971355","22.94907506306966","24","0.5","true"
"/category/commercial/","tablet","footer","C:\Users\BGF\OneDrive\Documents\rkreno\.audit-cache\prompt-1-2\source\tablet\category__commercial\footer.png","C:\Users\BGF\OneDrive\Documents\rkreno\.audit-cache\prompt-1-2\staging\tablet\category__commercial\footer.png","C:\Users\BGF\OneDrive\Documents\rkreno\.audit-cache\prompt-1-2\differences\tablet\category__commercial\footer.png","768","759","768","1117","false","405751","857856","47.29826451059385","102.08062503108525","24","0.5","true"
"/category/commercial/","tablet","floating-actions","C:\Users\BGF\OneDrive\Documents\rkreno\.audit-cache\prompt-1-2\source\tablet\category__commercial\floating-actions.png","C:\Users\BGF\OneDrive\Documents\rkreno\.audit-cache\prompt-1-2\staging\tablet\category__commercial\floating-actions.png","C:\Users\BGF\OneDrive\Documents\rkreno\.audit-cache\prompt-1-2\differences\tablet\category__commercial\floating-actions.png","768","1024","768","1024","true","346987","786432","44.12167867024739","89.09185028076172","24","0.5","true"
"/category/commercial/","mobile","header-initial","C:\Users\BGF\OneDrive\Documents\rkreno\.audit-cache\prompt-1-2\source\mobile\category__commercial\header-initial.png","C:\Users\BGF\OneDrive\Documents\rkreno\.audit-cache\prompt-1-2\staging\mobile\category__commercial\header-initial.png","C:\Users\BGF\OneDrive\Documents\rkreno\.audit-cache\prompt-1-2\differences\mobile\category__commercial\header-initial.png","390","90","390","90","true","168","35100","0.47863247863247865","0.10901234567901234","24","0.5","true"
"/category/commercial/","mobile","header-sticky","C:\Users\BGF\OneDrive\Documents\rkreno\.audit-cache\prompt-1-2\source\mobile\category__commercial\header-sticky.png","C:\Users\BGF\OneDrive\Documents\rkreno\.audit-cache\prompt-1-2\staging\mobile\category__commercial\header-sticky.png","C:\Users\BGF\OneDrive\Documents\rkreno\.audit-cache\prompt-1-2\differences\mobile\category__commercial\header-sticky.png","390","90","390","90","true","168","35100","0.47863247863247865","0.10908831908831909","24","0.5","true"
"/category/commercial/","mobile","menu-open","C:\Users\BGF\OneDrive\Documents\rkreno\.audit-cache\prompt-1-2\source\mobile\category__commercial\menu-open.png","C:\Users\BGF\OneDrive\Documents\rkreno\.audit-cache\prompt-1-2\staging\mobile\category__commercial\menu-open.png","C:\Users\BGF\OneDrive\Documents\rkreno\.audit-cache\prompt-1-2\differences\mobile\category__commercial\menu-open.png","390","844","390","844","true","4354","329160","1.3227609673107303","1.7186120225219752","24","0.5","true"
"/category/commercial/","mobile","submenu-open","C:\Users\BGF\OneDrive\Documents\rkreno\.audit-cache\prompt-1-2\source\mobile\category__commercial\submenu-open.png","C:\Users\BGF\OneDrive\Documents\rkreno\.audit-cache\prompt-1-2\staging\mobile\category__commercial\submenu-open.png","C:\Users\BGF\OneDrive\Documents\rkreno\.audit-cache\prompt-1-2\differences\mobile\category__commercial\submenu-open.png","390","844","390","844","true","19935","329160","6.056325191396281","7.143083404220845","24","0.5","true"
"/category/commercial/","mobile","footer","C:\Users\BGF\OneDrive\Documents\rkreno\.audit-cache\prompt-1-2\source\mobile\category__commercial\footer.png","C:\Users\BGF\OneDrive\Documents\rkreno\.audit-cache\prompt-1-2\staging\mobile\category__commercial\footer.png","C:\Users\BGF\OneDrive\Documents\rkreno\.audit-cache\prompt-1-2\differences\mobile\category__commercial\footer.png","390","1397","390","1426","false","169261","556140","30.43496241953465","54.59640977691468","24","0.5","true"
"/category/commercial/","mobile","floating-actions","C:\Users\BGF\OneDrive\Documents\rkreno\.audit-cache\prompt-1-2\source\mobile\category__commercial\floating-actions.png","C:\Users\BGF\OneDrive\Documents\rkreno\.audit-cache\prompt-1-2\staging\mobile\category__commercial\floating-actions.png","C:\Users\BGF\OneDrive\Documents\rkreno\.audit-cache\prompt-1-2\differences\mobile\category__commercial\floating-actions.png","390","844","390","844","true","62557","329160","19.005043140114232","32.346445497630334","24","0.5","true"
"/category/hvac-guides/","desktop","header-initial","C:\Users\BGF\OneDrive\Documents\rkreno\.audit-cache\prompt-1-2\source\desktop\category__hvac-guides\header-initial.png","C:\Users\BGF\OneDrive\Documents\rkreno\.audit-cache\prompt-1-2\staging\desktop\category__hvac-guides\header-initial.png","C:\Users\BGF\OneDrive\Documents\rkreno\.audit-cache\prompt-1-2\differences\desktop\category__hvac-guides\header-initial.png","1440","171","1440","171","true","129826","246240","52.72335932423652","107.85634205111545","24","0.5","true"
"/category/hvac-guides/","desktop","header-sticky","C:\Users\BGF\OneDrive\Documents\rkreno\.audit-cache\prompt-1-2\source\desktop\category__hvac-guides\header-sticky.png","C:\Users\BGF\OneDrive\Documents\rkreno\.audit-cache\prompt-1-2\staging\desktop\category__hvac-guides\header-sticky.png","C:\Users\BGF\OneDrive\Documents\rkreno\.audit-cache\prompt-1-2\differences\desktop\category__hvac-guides\header-sticky.png","1440","100","1440","100","true","28790","144000","19.993055555555557","24.601111111111113","24","0.5","true"
"/category/hvac-guides/","desktop","dropdown-open","C:\Users\BGF\OneDrive\Documents\rkreno\.audit-cache\prompt-1-2\source\desktop\category__hvac-guides\dropdown-open.png","C:\Users\BGF\OneDrive\Documents\rkreno\.audit-cache\prompt-1-2\staging\desktop\category__hvac-guides\dropdown-open.png","C:\Users\BGF\OneDrive\Documents\rkreno\.audit-cache\prompt-1-2\differences\desktop\category__hvac-guides\dropdown-open.png","339","459","340","458","false","19311","156060","12.374086889657825","15.736567132299543","24","0.5","true"
"/category/hvac-guides/","desktop","footer","C:\Users\BGF\OneDrive\Documents\rkreno\.audit-cache\prompt-1-2\source\desktop\category__hvac-guides\footer.png","C:\Users\BGF\OneDrive\Documents\rkreno\.audit-cache\prompt-1-2\staging\desktop\category__hvac-guides\footer.png","C:\Users\BGF\OneDrive\Documents\rkreno\.audit-cache\prompt-1-2\differences\desktop\category__hvac-guides\footer.png","1440","774","1440","733","false","267209","1114560","23.974393482629917","37.34071382428941","24","0.5","true"
"/category/hvac-guides/","desktop","floating-actions","C:\Users\BGF\OneDrive\Documents\rkreno\.audit-cache\prompt-1-2\source\desktop\category__hvac-guides\floating-actions.png","C:\Users\BGF\OneDrive\Documents\rkreno\.audit-cache\prompt-1-2\staging\desktop\category__hvac-guides\floating-actions.png","C:\Users\BGF\OneDrive\Documents\rkreno\.audit-cache\prompt-1-2\differences\desktop\category__hvac-guides\floating-actions.png","1440","1000","1440","1000","true","345203","1440000","23.972430555555555","36.57217384259259","24","0.5","true"
"/category/hvac-guides/","tablet","header-initial","C:\Users\BGF\OneDrive\Documents\rkreno\.audit-cache\prompt-1-2\source\tablet\category__hvac-guides\header-initial.png","C:\Users\BGF\OneDrive\Documents\rkreno\.audit-cache\prompt-1-2\staging\tablet\category__hvac-guides\header-initial.png","C:\Users\BGF\OneDrive\Documents\rkreno\.audit-cache\prompt-1-2\differences\tablet\category__hvac-guides\header-initial.png","768","90","768","90","true","168","69120","0.24305555555555555","0.055357831790123456","24","0.5","true"
"/category/hvac-guides/","tablet","header-sticky","C:\Users\BGF\OneDrive\Documents\rkreno\.audit-cache\prompt-1-2\source\tablet\category__hvac-guides\header-sticky.png","C:\Users\BGF\OneDrive\Documents\rkreno\.audit-cache\prompt-1-2\staging\tablet\category__hvac-guides\header-sticky.png","C:\Users\BGF\OneDrive\Documents\rkreno\.audit-cache\prompt-1-2\differences\tablet\category__hvac-guides\header-sticky.png","768","90","768","90","true","168","69120","0.24305555555555555","0.05539641203703704","24","0.5","true"
"/category/hvac-guides/","tablet","menu-open","C:\Users\BGF\OneDrive\Documents\rkreno\.audit-cache\prompt-1-2\source\tablet\category__hvac-guides\menu-open.png","C:\Users\BGF\OneDrive\Documents\rkreno\.audit-cache\prompt-1-2\staging\tablet\category__hvac-guides\menu-open.png","C:\Users\BGF\OneDrive\Documents\rkreno\.audit-cache\prompt-1-2\differences\tablet\category__hvac-guides\menu-open.png","768","1024","768","1024","true","261520","786432","33.25398763020833","20.367104000515408","24","0.5","true"
"/category/hvac-guides/","tablet","submenu-open","C:\Users\BGF\OneDrive\Documents\rkreno\.audit-cache\prompt-1-2\source\tablet\category__hvac-guides\submenu-open.png","C:\Users\BGF\OneDrive\Documents\rkreno\.audit-cache\prompt-1-2\staging\tablet\category__hvac-guides\submenu-open.png","C:\Users\BGF\OneDrive\Documents\rkreno\.audit-cache\prompt-1-2\differences\tablet\category__hvac-guides\submenu-open.png","768","1024","768","1024","true","281148","786432","35.74981689453125","23.36932924058702","24","0.5","true"
"/category/hvac-guides/","tablet","footer","C:\Users\BGF\OneDrive\Documents\rkreno\.audit-cache\prompt-1-2\source\tablet\category__hvac-guides\footer.png","C:\Users\BGF\OneDrive\Documents\rkreno\.audit-cache\prompt-1-2\staging\tablet\category__hvac-guides\footer.png","C:\Users\BGF\OneDrive\Documents\rkreno\.audit-cache\prompt-1-2\differences\tablet\category__hvac-guides\footer.png","768","759","768","1117","false","407231","857856","47.4707876380185","102.56733997314234","24","0.5","true"
"/category/hvac-guides/","tablet","floating-actions","C:\Users\BGF\OneDrive\Documents\rkreno\.audit-cache\prompt-1-2\source\tablet\category__hvac-guides\floating-actions.png","C:\Users\BGF\OneDrive\Documents\rkreno\.audit-cache\prompt-1-2\staging\tablet\category__hvac-guides\floating-actions.png","C:\Users\BGF\OneDrive\Documents\rkreno\.audit-cache\prompt-1-2\differences\tablet\category__hvac-guides\floating-actions.png","768","1024","768","1024","true","346656","786432","44.07958984375","89.0485242207845","24","0.5","true"
"/category/hvac-guides/","mobile","header-initial","C:\Users\BGF\OneDrive\Documents\rkreno\.audit-cache\prompt-1-2\source\mobile\category__hvac-guides\header-initial.png","C:\Users\BGF\OneDrive\Documents\rkreno\.audit-cache\prompt-1-2\staging\mobile\category__hvac-guides\header-initial.png","C:\Users\BGF\OneDrive\Documents\rkreno\.audit-cache\prompt-1-2\differences\mobile\category__hvac-guides\header-initial.png","390","90","390","90","true","168","35100","0.47863247863247865","0.10901234567901234","24","0.5","true"
"/category/hvac-guides/","mobile","header-sticky","C:\Users\BGF\OneDrive\Documents\rkreno\.audit-cache\prompt-1-2\source\mobile\category__hvac-guides\header-sticky.png","C:\Users\BGF\OneDrive\Documents\rkreno\.audit-cache\prompt-1-2\staging\mobile\category__hvac-guides\header-sticky.png","C:\Users\BGF\OneDrive\Documents\rkreno\.audit-cache\prompt-1-2\differences\mobile\category__hvac-guides\header-sticky.png","390","90","390","90","true","168","35100","0.47863247863247865","0.10908831908831909","24","0.5","true"
"/category/hvac-guides/","mobile","menu-open","C:\Users\BGF\OneDrive\Documents\rkreno\.audit-cache\prompt-1-2\source\mobile\category__hvac-guides\menu-open.png","C:\Users\BGF\OneDrive\Documents\rkreno\.audit-cache\prompt-1-2\staging\mobile\category__hvac-guides\menu-open.png","C:\Users\BGF\OneDrive\Documents\rkreno\.audit-cache\prompt-1-2\differences\mobile\category__hvac-guides\menu-open.png","390","844","390","844","true","4354","329160","1.3227609673107303","1.7186120225219752","24","0.5","true"
"/category/hvac-guides/","mobile","submenu-open","C:\Users\BGF\OneDrive\Documents\rkreno\.audit-cache\prompt-1-2\source\mobile\category__hvac-guides\submenu-open.png","C:\Users\BGF\OneDrive\Documents\rkreno\.audit-cache\prompt-1-2\staging\mobile\category__hvac-guides\submenu-open.png","C:\Users\BGF\OneDrive\Documents\rkreno\.audit-cache\prompt-1-2\differences\mobile\category__hvac-guides\submenu-open.png","390","844","390","844","true","19935","329160","6.056325191396281","7.143083404220845","24","0.5","true"
"/category/hvac-guides/","mobile","footer","C:\Users\BGF\OneDrive\Documents\rkreno\.audit-cache\prompt-1-2\source\mobile\category__hvac-guides\footer.png","C:\Users\BGF\OneDrive\Documents\rkreno\.audit-cache\prompt-1-2\staging\mobile\category__hvac-guides\footer.png","C:\Users\BGF\OneDrive\Documents\rkreno\.audit-cache\prompt-1-2\differences\mobile\category__hvac-guides\footer.png","390","1397","390","1426","false","169472","556140","30.472902506563095","54.62517291809017","24","0.5","true"
"/category/hvac-guides/","mobile","floating-actions","C:\Users\BGF\OneDrive\Documents\rkreno\.audit-cache\prompt-1-2\source\mobile\category__hvac-guides\floating-actions.png","C:\Users\BGF\OneDrive\Documents\rkreno\.audit-cache\prompt-1-2\staging\mobile\category__hvac-guides\floating-actions.png","C:\Users\BGF\OneDrive\Documents\rkreno\.audit-cache\prompt-1-2\differences\mobile\category__hvac-guides\floating-actions.png","390","844","390","844","true","62541","329160","19.000182282172805","32.29155020861182","24","0.5","true"
"/category/maintenance/","desktop","header-initial","C:\Users\BGF\OneDrive\Documents\rkreno\.audit-cache\prompt-1-2\source\desktop\category__maintenance\header-initial.png","C:\Users\BGF\OneDrive\Documents\rkreno\.audit-cache\prompt-1-2\staging\desktop\category__maintenance\header-initial.png","C:\Users\BGF\OneDrive\Documents\rkreno\.audit-cache\prompt-1-2\differences\desktop\category__maintenance\header-initial.png","1440","171","1440","171","true","129826","246240","52.72335932423652","107.85634205111545","24","0.5","true"
"/category/maintenance/","desktop","header-sticky","C:\Users\BGF\OneDrive\Documents\rkreno\.audit-cache\prompt-1-2\source\desktop\category__maintenance\header-sticky.png","C:\Users\BGF\OneDrive\Documents\rkreno\.audit-cache\prompt-1-2\staging\desktop\category__maintenance\header-sticky.png","C:\Users\BGF\OneDrive\Documents\rkreno\.audit-cache\prompt-1-2\differences\desktop\category__maintenance\header-sticky.png","1440","100","1440","100","true","28790","144000","19.993055555555557","24.601111111111113","24","0.5","true"
"/category/maintenance/","desktop","dropdown-open","C:\Users\BGF\OneDrive\Documents\rkreno\.audit-cache\prompt-1-2\source\desktop\category__maintenance\dropdown-open.png","C:\Users\BGF\OneDrive\Documents\rkreno\.audit-cache\prompt-1-2\staging\desktop\category__maintenance\dropdown-open.png","C:\Users\BGF\OneDrive\Documents\rkreno\.audit-cache\prompt-1-2\differences\desktop\category__maintenance\dropdown-open.png","339","459","340","458","false","19311","156060","12.374086889657825","15.736567132299543","24","0.5","true"
"/category/maintenance/","desktop","footer","C:\Users\BGF\OneDrive\Documents\rkreno\.audit-cache\prompt-1-2\source\desktop\category__maintenance\footer.png","C:\Users\BGF\OneDrive\Documents\rkreno\.audit-cache\prompt-1-2\staging\desktop\category__maintenance\footer.png","C:\Users\BGF\OneDrive\Documents\rkreno\.audit-cache\prompt-1-2\differences\desktop\category__maintenance\footer.png","1440","774","1440","733","false","266866","1114560","23.9436190066035","37.23112110010527","24","0.5","true"
"/category/maintenance/","desktop","floating-actions","C:\Users\BGF\OneDrive\Documents\rkreno\.audit-cache\prompt-1-2\source\desktop\category__maintenance\floating-actions.png","C:\Users\BGF\OneDrive\Documents\rkreno\.audit-cache\prompt-1-2\staging\desktop\category__maintenance\floating-actions.png","C:\Users\BGF\OneDrive\Documents\rkreno\.audit-cache\prompt-1-2\differences\desktop\category__maintenance\floating-actions.png","1440","1000","1440","1000","true","345938","1440000","24.02347222222222","36.64438148148148","24","0.5","true"
"/category/maintenance/","tablet","header-initial","C:\Users\BGF\OneDrive\Documents\rkreno\.audit-cache\prompt-1-2\source\tablet\category__maintenance\header-initial.png","C:\Users\BGF\OneDrive\Documents\rkreno\.audit-cache\prompt-1-2\staging\tablet\category__maintenance\header-initial.png","C:\Users\BGF\OneDrive\Documents\rkreno\.audit-cache\prompt-1-2\differences\tablet\category__maintenance\header-initial.png","768","90","768","90","true","168","69120","0.24305555555555555","0.055357831790123456","24","0.5","true"
"/category/maintenance/","tablet","header-sticky","C:\Users\BGF\OneDrive\Documents\rkreno\.audit-cache\prompt-1-2\source\tablet\category__maintenance\header-sticky.png","C:\Users\BGF\OneDrive\Documents\rkreno\.audit-cache\prompt-1-2\staging\tablet\category__maintenance\header-sticky.png","C:\Users\BGF\OneDrive\Documents\rkreno\.audit-cache\prompt-1-2\differences\tablet\category__maintenance\header-sticky.png","768","90","768","90","true","168","69120","0.24305555555555555","0.05539641203703704","24","0.5","true"
"/category/maintenance/","tablet","menu-open","C:\Users\BGF\OneDrive\Documents\rkreno\.audit-cache\prompt-1-2\source\tablet\category__maintenance\menu-open.png","C:\Users\BGF\OneDrive\Documents\rkreno\.audit-cache\prompt-1-2\staging\tablet\category__maintenance\menu-open.png","C:\Users\BGF\OneDrive\Documents\rkreno\.audit-cache\prompt-1-2\differences\tablet\category__maintenance\menu-open.png","768","1024","768","1024","true","204288","786432","25.9765625","15.877502017550999","24","0.5","true"
"/category/maintenance/","tablet","submenu-open","C:\Users\BGF\OneDrive\Documents\rkreno\.audit-cache\prompt-1-2\source\tablet\category__maintenance\submenu-open.png","C:\Users\BGF\OneDrive\Documents\rkreno\.audit-cache\prompt-1-2\staging\tablet\category__maintenance\submenu-open.png","C:\Users\BGF\OneDrive\Documents\rkreno\.audit-cache\prompt-1-2\differences\tablet\category__maintenance\submenu-open.png","768","1024","768","1024","true","223916","786432","28.472391764322918","18.879727257622612","24","0.5","true"
"/category/maintenance/","tablet","footer","C:\Users\BGF\OneDrive\Documents\rkreno\.audit-cache\prompt-1-2\source\tablet\category__maintenance\footer.png","C:\Users\BGF\OneDrive\Documents\rkreno\.audit-cache\prompt-1-2\staging\tablet\category__maintenance\footer.png","C:\Users\BGF\OneDrive\Documents\rkreno\.audit-cache\prompt-1-2\differences\tablet\category__maintenance\footer.png","768","759","768","1117","false","407250","857856","47.47300246195166","102.60487230180046","24","0.5","true"
"/category/maintenance/","tablet","floating-actions","C:\Users\BGF\OneDrive\Documents\rkreno\.audit-cache\prompt-1-2\source\tablet\category__maintenance\floating-actions.png","C:\Users\BGF\OneDrive\Documents\rkreno\.audit-cache\prompt-1-2\staging\tablet\category__maintenance\floating-actions.png","C:\Users\BGF\OneDrive\Documents\rkreno\.audit-cache\prompt-1-2\differences\tablet\category__maintenance\floating-actions.png","768","1024","768","1024","true","346121","786432","44.01156107584636","88.99487855699327","24","0.5","true"
"/category/maintenance/","mobile","header-initial","C:\Users\BGF\OneDrive\Documents\rkreno\.audit-cache\prompt-1-2\source\mobile\category__maintenance\header-initial.png","C:\Users\BGF\OneDrive\Documents\rkreno\.audit-cache\prompt-1-2\staging\mobile\category__maintenance\header-initial.png","C:\Users\BGF\OneDrive\Documents\rkreno\.audit-cache\prompt-1-2\differences\mobile\category__maintenance\header-initial.png","390","90","390","90","true","168","35100","0.47863247863247865","0.10901234567901234","24","0.5","true"
"/category/maintenance/","mobile","header-sticky","C:\Users\BGF\OneDrive\Documents\rkreno\.audit-cache\prompt-1-2\source\mobile\category__maintenance\header-sticky.png","C:\Users\BGF\OneDrive\Documents\rkreno\.audit-cache\prompt-1-2\staging\mobile\category__maintenance\header-sticky.png","C:\Users\BGF\OneDrive\Documents\rkreno\.audit-cache\prompt-1-2\differences\mobile\category__maintenance\header-sticky.png","390","90","390","90","true","168","35100","0.47863247863247865","0.10908831908831909","24","0.5","true"
"/category/maintenance/","mobile","menu-open","C:\Users\BGF\OneDrive\Documents\rkreno\.audit-cache\prompt-1-2\source\mobile\category__maintenance\menu-open.png","C:\Users\BGF\OneDrive\Documents\rkreno\.audit-cache\prompt-1-2\staging\mobile\category__maintenance\menu-open.png","C:\Users\BGF\OneDrive\Documents\rkreno\.audit-cache\prompt-1-2\differences\mobile\category__maintenance\menu-open.png","390","844","390","844","true","4354","329160","1.3227609673107303","1.7186120225219752","24","0.5","true"
"/category/maintenance/","mobile","submenu-open","C:\Users\BGF\OneDrive\Documents\rkreno\.audit-cache\prompt-1-2\source\mobile\category__maintenance\submenu-open.png","C:\Users\BGF\OneDrive\Documents\rkreno\.audit-cache\prompt-1-2\staging\mobile\category__maintenance\submenu-open.png","C:\Users\BGF\OneDrive\Documents\rkreno\.audit-cache\prompt-1-2\differences\mobile\category__maintenance\submenu-open.png","390","844","390","844","true","19935","329160","6.056325191396281","7.143083404220845","24","0.5","true"
"/category/maintenance/","mobile","footer","C:\Users\BGF\OneDrive\Documents\rkreno\.audit-cache\prompt-1-2\source\mobile\category__maintenance\footer.png","C:\Users\BGF\OneDrive\Documents\rkreno\.audit-cache\prompt-1-2\staging\mobile\category__maintenance\footer.png","C:\Users\BGF\OneDrive\Documents\rkreno\.audit-cache\prompt-1-2\differences\mobile\category__maintenance\footer.png","390","1397","390","1426","false","169498","556140","30.477577588377024","54.642066146413974","24","0.5","true"
"/category/maintenance/","mobile","floating-actions","C:\Users\BGF\OneDrive\Documents\rkreno\.audit-cache\prompt-1-2\source\mobile\category__maintenance\floating-actions.png","C:\Users\BGF\OneDrive\Documents\rkreno\.audit-cache\prompt-1-2\staging\mobile\category__maintenance\floating-actions.png","C:\Users\BGF\OneDrive\Documents\rkreno\.audit-cache\prompt-1-2\differences\mobile\category__maintenance\floating-actions.png","390","844","390","844","true","62540","329160","18.999878478551462","32.28826102807145","24","0.5","true"
"/category/renovation/","desktop","header-initial","C:\Users\BGF\OneDrive\Documents\rkreno\.audit-cache\prompt-1-2\source\desktop\category__renovation\header-initial.png","C:\Users\BGF\OneDrive\Documents\rkreno\.audit-cache\prompt-1-2\staging\desktop\category__renovation\header-initial.png","C:\Users\BGF\OneDrive\Documents\rkreno\.audit-cache\prompt-1-2\differences\desktop\category__renovation\header-initial.png","1440","171","1440","171","true","129826","246240","52.72335932423652","107.85634205111545","24","0.5","true"
"/category/renovation/","desktop","header-sticky","C:\Users\BGF\OneDrive\Documents\rkreno\.audit-cache\prompt-1-2\source\desktop\category__renovation\header-sticky.png","C:\Users\BGF\OneDrive\Documents\rkreno\.audit-cache\prompt-1-2\staging\desktop\category__renovation\header-sticky.png","C:\Users\BGF\OneDrive\Documents\rkreno\.audit-cache\prompt-1-2\differences\desktop\category__renovation\header-sticky.png","1440","100","1440","100","true","28790","144000","19.993055555555557","24.601111111111113","24","0.5","true"
"/category/renovation/","desktop","dropdown-open","C:\Users\BGF\OneDrive\Documents\rkreno\.audit-cache\prompt-1-2\source\desktop\category__renovation\dropdown-open.png","C:\Users\BGF\OneDrive\Documents\rkreno\.audit-cache\prompt-1-2\staging\desktop\category__renovation\dropdown-open.png","C:\Users\BGF\OneDrive\Documents\rkreno\.audit-cache\prompt-1-2\differences\desktop\category__renovation\dropdown-open.png","339","459","340","458","false","19311","156060","12.374086889657825","15.736567132299543","24","0.5","true"
"/category/renovation/","desktop","footer","C:\Users\BGF\OneDrive\Documents\rkreno\.audit-cache\prompt-1-2\source\desktop\category__renovation\footer.png","C:\Users\BGF\OneDrive\Documents\rkreno\.audit-cache\prompt-1-2\staging\desktop\category__renovation\footer.png","C:\Users\BGF\OneDrive\Documents\rkreno\.audit-cache\prompt-1-2\differences\desktop\category__renovation\footer.png","1440","774","1440","733","false","267249","1114560","23.977982342807923","37.31800441429802","24","0.5","true"
"/category/renovation/","desktop","floating-actions","C:\Users\BGF\OneDrive\Documents\rkreno\.audit-cache\prompt-1-2\source\desktop\category__renovation\floating-actions.png","C:\Users\BGF\OneDrive\Documents\rkreno\.audit-cache\prompt-1-2\staging\desktop\category__renovation\floating-actions.png","C:\Users\BGF\OneDrive\Documents\rkreno\.audit-cache\prompt-1-2\differences\desktop\category__renovation\floating-actions.png","1440","1000","1440","1000","true","345180","1440000","23.97083333333333","36.477615972222225","24","0.5","true"
"/category/renovation/","tablet","header-initial","C:\Users\BGF\OneDrive\Documents\rkreno\.audit-cache\prompt-1-2\source\tablet\category__renovation\header-initial.png","C:\Users\BGF\OneDrive\Documents\rkreno\.audit-cache\prompt-1-2\staging\tablet\category__renovation\header-initial.png","C:\Users\BGF\OneDrive\Documents\rkreno\.audit-cache\prompt-1-2\differences\tablet\category__renovation\header-initial.png","768","90","768","90","true","168","69120","0.24305555555555555","0.055357831790123456","24","0.5","true"
"/category/renovation/","tablet","header-sticky","C:\Users\BGF\OneDrive\Documents\rkreno\.audit-cache\prompt-1-2\source\tablet\category__renovation\header-sticky.png","C:\Users\BGF\OneDrive\Documents\rkreno\.audit-cache\prompt-1-2\staging\tablet\category__renovation\header-sticky.png","C:\Users\BGF\OneDrive\Documents\rkreno\.audit-cache\prompt-1-2\differences\tablet\category__renovation\header-sticky.png","768","90","768","90","true","168","69120","0.24305555555555555","0.05539641203703704","24","0.5","true"
"/category/renovation/","tablet","menu-open","C:\Users\BGF\OneDrive\Documents\rkreno\.audit-cache\prompt-1-2\source\tablet\category__renovation\menu-open.png","C:\Users\BGF\OneDrive\Documents\rkreno\.audit-cache\prompt-1-2\staging\tablet\category__renovation\menu-open.png","C:\Users\BGF\OneDrive\Documents\rkreno\.audit-cache\prompt-1-2\differences\tablet\category__renovation\menu-open.png","768","1024","768","1024","true","229645","786432","29.20087178548177","20.251417371961807","24","0.5","true"
"/category/renovation/","tablet","submenu-open","C:\Users\BGF\OneDrive\Documents\rkreno\.audit-cache\prompt-1-2\source\tablet\category__renovation\submenu-open.png","C:\Users\BGF\OneDrive\Documents\rkreno\.audit-cache\prompt-1-2\staging\tablet\category__renovation\submenu-open.png","C:\Users\BGF\OneDrive\Documents\rkreno\.audit-cache\prompt-1-2\differences\tablet\category__renovation\submenu-open.png","768","1024","768","1024","true","249273","786432","31.696701049804688","23.25364261203342","24","0.5","true"
"/category/renovation/","tablet","footer","C:\Users\BGF\OneDrive\Documents\rkreno\.audit-cache\prompt-1-2\source\tablet\category__renovation\footer.png","C:\Users\BGF\OneDrive\Documents\rkreno\.audit-cache\prompt-1-2\staging\tablet\category__renovation\footer.png","C:\Users\BGF\OneDrive\Documents\rkreno\.audit-cache\prompt-1-2\differences\tablet\category__renovation\footer.png","768","759","768","1117","false","407269","857856","47.47521728588481","102.48089811499055","24","0.5","true"
"/category/renovation/","tablet","floating-actions","C:\Users\BGF\OneDrive\Documents\rkreno\.audit-cache\prompt-1-2\source\tablet\category__renovation\floating-actions.png","C:\Users\BGF\OneDrive\Documents\rkreno\.audit-cache\prompt-1-2\staging\tablet\category__renovation\floating-actions.png","C:\Users\BGF\OneDrive\Documents\rkreno\.audit-cache\prompt-1-2\differences\tablet\category__renovation\floating-actions.png","768","1024","768","1024","true","346878","786432","44.107818603515625","89.0710563659668","24","0.5","true"
"/category/renovation/","mobile","header-initial","C:\Users\BGF\OneDrive\Documents\rkreno\.audit-cache\prompt-1-2\source\mobile\category__renovation\header-initial.png","C:\Users\BGF\OneDrive\Documents\rkreno\.audit-cache\prompt-1-2\staging\mobile\category__renovation\header-initial.png","C:\Users\BGF\OneDrive\Documents\rkreno\.audit-cache\prompt-1-2\differences\mobile\category__renovation\header-initial.png","390","90","390","90","true","168","35100","0.47863247863247865","0.10901234567901234","24","0.5","true"
"/category/renovation/","mobile","header-sticky","C:\Users\BGF\OneDrive\Documents\rkreno\.audit-cache\prompt-1-2\source\mobile\category__renovation\header-sticky.png","C:\Users\BGF\OneDrive\Documents\rkreno\.audit-cache\prompt-1-2\staging\mobile\category__renovation\header-sticky.png","C:\Users\BGF\OneDrive\Documents\rkreno\.audit-cache\prompt-1-2\differences\mobile\category__renovation\header-sticky.png","390","90","390","90","true","168","35100","0.47863247863247865","0.10908831908831909","24","0.5","true"
"/category/renovation/","mobile","menu-open","C:\Users\BGF\OneDrive\Documents\rkreno\.audit-cache\prompt-1-2\source\mobile\category__renovation\menu-open.png","C:\Users\BGF\OneDrive\Documents\rkreno\.audit-cache\prompt-1-2\staging\mobile\category__renovation\menu-open.png","C:\Users\BGF\OneDrive\Documents\rkreno\.audit-cache\prompt-1-2\differences\mobile\category__renovation\menu-open.png","390","844","390","844","true","4354","329160","1.3227609673107303","1.7186120225219752","24","0.5","true"
"/category/renovation/","mobile","submenu-open","C:\Users\BGF\OneDrive\Documents\rkreno\.audit-cache\prompt-1-2\source\mobile\category__renovation\submenu-open.png","C:\Users\BGF\OneDrive\Documents\rkreno\.audit-cache\prompt-1-2\staging\mobile\category__renovation\submenu-open.png","C:\Users\BGF\OneDrive\Documents\rkreno\.audit-cache\prompt-1-2\differences\mobile\category__renovation\submenu-open.png","390","844","390","844","true","19935","329160","6.056325191396281","7.143083404220845","24","0.5","true"
"/category/renovation/","mobile","footer","C:\Users\BGF\OneDrive\Documents\rkreno\.audit-cache\prompt-1-2\source\mobile\category__renovation\footer.png","C:\Users\BGF\OneDrive\Documents\rkreno\.audit-cache\prompt-1-2\staging\mobile\category__renovation\footer.png","C:\Users\BGF\OneDrive\Documents\rkreno\.audit-cache\prompt-1-2\differences\mobile\category__renovation\footer.png","390","1397","390","1426","false","169820","556140","30.535476678534184","54.79683892545042","24","0.5","true"
"/category/renovation/","mobile","floating-actions","C:\Users\BGF\OneDrive\Documents\rkreno\.audit-cache\prompt-1-2\source\mobile\category__renovation\floating-actions.png","C:\Users\BGF\OneDrive\Documents\rkreno\.audit-cache\prompt-1-2\staging\mobile\category__renovation\floating-actions.png","C:\Users\BGF\OneDrive\Documents\rkreno\.audit-cache\prompt-1-2\differences\mobile\category__renovation\floating-actions.png","390","844","390","844","true","62541","329160","19.000182282172805","32.291525904322114","24","0.5","true"
"/category/servis-pembersihan/","desktop","header-initial","C:\Users\BGF\OneDrive\Documents\rkreno\.audit-cache\prompt-1-2\source\desktop\category__servis-pembersihan\header-initial.png","C:\Users\BGF\OneDrive\Documents\rkreno\.audit-cache\prompt-1-2\staging\desktop\category__servis-pembersihan\header-initial.png","C:\Users\BGF\OneDrive\Documents\rkreno\.audit-cache\prompt-1-2\differences\desktop\category__servis-pembersihan\header-initial.png","1440","171","1440","171","true","129826","246240","52.72335932423652","107.85634205111545","24","0.5","true"
"/category/servis-pembersihan/","desktop","header-sticky","C:\Users\BGF\OneDrive\Documents\rkreno\.audit-cache\prompt-1-2\source\desktop\category__servis-pembersihan\header-sticky.png","C:\Users\BGF\OneDrive\Documents\rkreno\.audit-cache\prompt-1-2\staging\desktop\category__servis-pembersihan\header-sticky.png","C:\Users\BGF\OneDrive\Documents\rkreno\.audit-cache\prompt-1-2\differences\desktop\category__servis-pembersihan\header-sticky.png","1440","100","1440","100","true","28790","144000","19.993055555555557","24.601111111111113","24","0.5","true"
"/category/servis-pembersihan/","desktop","dropdown-open","C:\Users\BGF\OneDrive\Documents\rkreno\.audit-cache\prompt-1-2\source\desktop\category__servis-pembersihan\dropdown-open.png","C:\Users\BGF\OneDrive\Documents\rkreno\.audit-cache\prompt-1-2\staging\desktop\category__servis-pembersihan\dropdown-open.png","C:\Users\BGF\OneDrive\Documents\rkreno\.audit-cache\prompt-1-2\differences\desktop\category__servis-pembersihan\dropdown-open.png","339","459","340","458","false","19272","156060","12.349096501345636","15.730313127429621","24","0.5","true"
"/category/servis-pembersihan/","desktop","footer","C:\Users\BGF\OneDrive\Documents\rkreno\.audit-cache\prompt-1-2\source\desktop\category__servis-pembersihan\footer.png","C:\Users\BGF\OneDrive\Documents\rkreno\.audit-cache\prompt-1-2\staging\desktop\category__servis-pembersihan\footer.png","C:\Users\BGF\OneDrive\Documents\rkreno\.audit-cache\prompt-1-2\differences\desktop\category__servis-pembersihan\footer.png","1440","774","1440","733","false","266198","1114560","23.883685041630777","37.58866787491626","24","0.5","true"
"/category/servis-pembersihan/","desktop","floating-actions","C:\Users\BGF\OneDrive\Documents\rkreno\.audit-cache\prompt-1-2\source\desktop\category__servis-pembersihan\floating-actions.png","C:\Users\BGF\OneDrive\Documents\rkreno\.audit-cache\prompt-1-2\staging\desktop\category__servis-pembersihan\floating-actions.png","C:\Users\BGF\OneDrive\Documents\rkreno\.audit-cache\prompt-1-2\differences\desktop\category__servis-pembersihan\floating-actions.png","1440","1000","1440","1000","true","344416","1440000","23.917777777777776","36.652406481481485","24","0.5","true"
"/category/servis-pembersihan/","tablet","header-initial","C:\Users\BGF\OneDrive\Documents\rkreno\.audit-cache\prompt-1-2\source\tablet\category__servis-pembersihan\header-initial.png","C:\Users\BGF\OneDrive\Documents\rkreno\.audit-cache\prompt-1-2\staging\tablet\category__servis-pembersihan\header-initial.png","C:\Users\BGF\OneDrive\Documents\rkreno\.audit-cache\prompt-1-2\differences\tablet\category__servis-pembersihan\header-initial.png","768","90","768","90","true","168","69120","0.24305555555555555","0.055357831790123456","24","0.5","true"
"/category/servis-pembersihan/","tablet","header-sticky","C:\Users\BGF\OneDrive\Documents\rkreno\.audit-cache\prompt-1-2\source\tablet\category__servis-pembersihan\header-sticky.png","C:\Users\BGF\OneDrive\Documents\rkreno\.audit-cache\prompt-1-2\staging\tablet\category__servis-pembersihan\header-sticky.png","C:\Users\BGF\OneDrive\Documents\rkreno\.audit-cache\prompt-1-2\differences\tablet\category__servis-pembersihan\header-sticky.png","768","90","768","90","true","168","69120","0.24305555555555555","0.05539641203703704","24","0.5","true"
"/category/servis-pembersihan/","tablet","menu-open","C:\Users\BGF\OneDrive\Documents\rkreno\.audit-cache\prompt-1-2\source\tablet\category__servis-pembersihan\menu-open.png","C:\Users\BGF\OneDrive\Documents\rkreno\.audit-cache\prompt-1-2\staging\tablet\category__servis-pembersihan\menu-open.png","C:\Users\BGF\OneDrive\Documents\rkreno\.audit-cache\prompt-1-2\differences\tablet\category__servis-pembersihan\menu-open.png","768","1024","768","1024","true","202688","786432","25.773111979166668","15.61456298828125","24","0.5","true"
"/category/servis-pembersihan/","tablet","submenu-open","C:\Users\BGF\OneDrive\Documents\rkreno\.audit-cache\prompt-1-2\source\tablet\category__servis-pembersihan\submenu-open.png","C:\Users\BGF\OneDrive\Documents\rkreno\.audit-cache\prompt-1-2\staging\tablet\category__servis-pembersihan\submenu-open.png","C:\Users\BGF\OneDrive\Documents\rkreno\.audit-cache\prompt-1-2\differences\tablet\category__servis-pembersihan\submenu-open.png","768","1024","768","1024","true","222316","786432","28.268941243489582","18.616788228352863","24","0.5","true"
"/category/servis-pembersihan/","tablet","footer","C:\Users\BGF\OneDrive\Documents\rkreno\.audit-cache\prompt-1-2\source\tablet\category__servis-pembersihan\footer.png","C:\Users\BGF\OneDrive\Documents\rkreno\.audit-cache\prompt-1-2\staging\tablet\category__servis-pembersihan\footer.png","C:\Users\BGF\OneDrive\Documents\rkreno\.audit-cache\prompt-1-2\differences\tablet\category__servis-pembersihan\footer.png","768","759","768","1117","false","407161","857856","47.46262776037004","102.49193920658013","24","0.5","true"
"/category/servis-pembersihan/","tablet","floating-actions","C:\Users\BGF\OneDrive\Documents\rkreno\.audit-cache\prompt-1-2\source\tablet\category__servis-pembersihan\floating-actions.png","C:\Users\BGF\OneDrive\Documents\rkreno\.audit-cache\prompt-1-2\staging\tablet\category__servis-pembersihan\floating-actions.png","C:\Users\BGF\OneDrive\Documents\rkreno\.audit-cache\prompt-1-2\differences\tablet\category__servis-pembersihan\floating-actions.png","768","1024","768","1024","true","346347","786432","44.04029846191406","89.01569196912978","24","0.5","true"
"/category/servis-pembersihan/","mobile","header-initial","C:\Users\BGF\OneDrive\Documents\rkreno\.audit-cache\prompt-1-2\source\mobile\category__servis-pembersihan\header-initial.png","C:\Users\BGF\OneDrive\Documents\rkreno\.audit-cache\prompt-1-2\staging\mobile\category__servis-pembersihan\header-initial.png","C:\Users\BGF\OneDrive\Documents\rkreno\.audit-cache\prompt-1-2\differences\mobile\category__servis-pembersihan\header-initial.png","390","90","390","90","true","168","35100","0.47863247863247865","0.10901234567901234","24","0.5","true"
"/category/servis-pembersihan/","mobile","header-sticky","C:\Users\BGF\OneDrive\Documents\rkreno\.audit-cache\prompt-1-2\source\mobile\category__servis-pembersihan\header-sticky.png","C:\Users\BGF\OneDrive\Documents\rkreno\.audit-cache\prompt-1-2\staging\mobile\category__servis-pembersihan\header-sticky.png","C:\Users\BGF\OneDrive\Documents\rkreno\.audit-cache\prompt-1-2\differences\mobile\category__servis-pembersihan\header-sticky.png","390","90","390","90","true","168","35100","0.47863247863247865","0.10908831908831909","24","0.5","true"
"/category/servis-pembersihan/","mobile","menu-open","C:\Users\BGF\OneDrive\Documents\rkreno\.audit-cache\prompt-1-2\source\mobile\category__servis-pembersihan\menu-open.png","C:\Users\BGF\OneDrive\Documents\rkreno\.audit-cache\prompt-1-2\staging\mobile\category__servis-pembersihan\menu-open.png","C:\Users\BGF\OneDrive\Documents\rkreno\.audit-cache\prompt-1-2\differences\mobile\category__servis-pembersihan\menu-open.png","390","844","390","844","true","4354","329160","1.3227609673107303","1.7186120225219752","24","0.5","true"
"/category/servis-pembersihan/","mobile","submenu-open","C:\Users\BGF\OneDrive\Documents\rkreno\.audit-cache\prompt-1-2\source\mobile\category__servis-pembersihan\submenu-open.png","C:\Users\BGF\OneDrive\Documents\rkreno\.audit-cache\prompt-1-2\staging\mobile\category__servis-pembersihan\submenu-open.png","C:\Users\BGF\OneDrive\Documents\rkreno\.audit-cache\prompt-1-2\differences\mobile\category__servis-pembersihan\submenu-open.png","390","844","390","844","true","19935","329160","6.056325191396281","7.143083404220845","24","0.5","true"
"/category/servis-pembersihan/","mobile","footer","C:\Users\BGF\OneDrive\Documents\rkreno\.audit-cache\prompt-1-2\source\mobile\category__servis-pembersihan\footer.png","C:\Users\BGF\OneDrive\Documents\rkreno\.audit-cache\prompt-1-2\staging\mobile\category__servis-pembersihan\footer.png","C:\Users\BGF\OneDrive\Documents\rkreno\.audit-cache\prompt-1-2\differences\mobile\category__servis-pembersihan\footer.png","390","1397","390","1426","false","169298","556140","30.44161542057755","54.60094160942688","24","0.5","true"
"/category/servis-pembersihan/","mobile","floating-actions","C:\Users\BGF\OneDrive\Documents\rkreno\.audit-cache\prompt-1-2\source\mobile\category__servis-pembersihan\floating-actions.png","C:\Users\BGF\OneDrive\Documents\rkreno\.audit-cache\prompt-1-2\staging\mobile\category__servis-pembersihan\floating-actions.png","C:\Users\BGF\OneDrive\Documents\rkreno\.audit-cache\prompt-1-2\differences\mobile\category__servis-pembersihan\floating-actions.png","390","844","390","844","true","62481","329160","18.981954064892452","32.30073925547859","24","0.5","true"
"/category/technical-guides/","desktop","header-initial","C:\Users\BGF\OneDrive\Documents\rkreno\.audit-cache\prompt-1-2\source\desktop\category__technical-guides\header-initial.png","C:\Users\BGF\OneDrive\Documents\rkreno\.audit-cache\prompt-1-2\staging\desktop\category__technical-guides\header-initial.png","C:\Users\BGF\OneDrive\Documents\rkreno\.audit-cache\prompt-1-2\differences\desktop\category__technical-guides\header-initial.png","1440","171","1440","171","true","129826","246240","52.72335932423652","107.85634205111545","24","0.5","true"
"/category/technical-guides/","desktop","header-sticky","C:\Users\BGF\OneDrive\Documents\rkreno\.audit-cache\prompt-1-2\source\desktop\category__technical-guides\header-sticky.png","C:\Users\BGF\OneDrive\Documents\rkreno\.audit-cache\prompt-1-2\staging\desktop\category__technical-guides\header-sticky.png","C:\Users\BGF\OneDrive\Documents\rkreno\.audit-cache\prompt-1-2\differences\desktop\category__technical-guides\header-sticky.png","1440","100","1440","100","true","28790","144000","19.993055555555557","24.601111111111113","24","0.5","true"
"/category/technical-guides/","desktop","dropdown-open","C:\Users\BGF\OneDrive\Documents\rkreno\.audit-cache\prompt-1-2\source\desktop\category__technical-guides\dropdown-open.png","C:\Users\BGF\OneDrive\Documents\rkreno\.audit-cache\prompt-1-2\staging\desktop\category__technical-guides\dropdown-open.png","C:\Users\BGF\OneDrive\Documents\rkreno\.audit-cache\prompt-1-2\differences\desktop\category__technical-guides\dropdown-open.png","339","459","340","458","false","19292","156060","12.361912085095476","15.732320902217095","24","0.5","true"
"/category/technical-guides/","desktop","footer","C:\Users\BGF\OneDrive\Documents\rkreno\.audit-cache\prompt-1-2\source\desktop\category__technical-guides\footer.png","C:\Users\BGF\OneDrive\Documents\rkreno\.audit-cache\prompt-1-2\staging\desktop\category__technical-guides\footer.png","C:\Users\BGF\OneDrive\Documents\rkreno\.audit-cache\prompt-1-2\differences\desktop\category__technical-guides\footer.png","1440","774","1440","733","false","267062","1114560","23.961204421475742","37.45619407359556","24","0.5","true"
"/category/technical-guides/","desktop","floating-actions","C:\Users\BGF\OneDrive\Documents\rkreno\.audit-cache\prompt-1-2\source\desktop\category__technical-guides\floating-actions.png","C:\Users\BGF\OneDrive\Documents\rkreno\.audit-cache\prompt-1-2\staging\desktop\category__technical-guides\floating-actions.png","C:\Users\BGF\OneDrive\Documents\rkreno\.audit-cache\prompt-1-2\differences\desktop\category__technical-guides\floating-actions.png","1440","1000","1440","1000","true","344832","1440000","23.946666666666665","36.55387592592593","24","0.5","true"
"/category/technical-guides/","tablet","header-initial","C:\Users\BGF\OneDrive\Documents\rkreno\.audit-cache\prompt-1-2\source\tablet\category__technical-guides\header-initial.png","C:\Users\BGF\OneDrive\Documents\rkreno\.audit-cache\prompt-1-2\staging\tablet\category__technical-guides\header-initial.png","C:\Users\BGF\OneDrive\Documents\rkreno\.audit-cache\prompt-1-2\differences\tablet\category__technical-guides\header-initial.png","768","90","768","90","true","168","69120","0.24305555555555555","0.055357831790123456","24","0.5","true"
"/category/technical-guides/","tablet","header-sticky","C:\Users\BGF\OneDrive\Documents\rkreno\.audit-cache\prompt-1-2\source\tablet\category__technical-guides\header-sticky.png","C:\Users\BGF\OneDrive\Documents\rkreno\.audit-cache\prompt-1-2\staging\tablet\category__technical-guides\header-sticky.png","C:\Users\BGF\OneDrive\Documents\rkreno\.audit-cache\prompt-1-2\differences\tablet\category__technical-guides\header-sticky.png","768","90","768","90","true","168","69120","0.24305555555555555","0.05539641203703704","24","0.5","true"
"/category/technical-guides/","tablet","menu-open","C:\Users\BGF\OneDrive\Documents\rkreno\.audit-cache\prompt-1-2\source\tablet\category__technical-guides\menu-open.png","C:\Users\BGF\OneDrive\Documents\rkreno\.audit-cache\prompt-1-2\staging\tablet\category__technical-guides\menu-open.png","C:\Users\BGF\OneDrive\Documents\rkreno\.audit-cache\prompt-1-2\differences\tablet\category__technical-guides\menu-open.png","768","1024","768","1024","true","264043","786432","33.57480367024739","20.482716878255207","24","0.5","true"
"/category/technical-guides/","tablet","submenu-open","C:\Users\BGF\OneDrive\Documents\rkreno\.audit-cache\prompt-1-2\source\tablet\category__technical-guides\submenu-open.png","C:\Users\BGF\OneDrive\Documents\rkreno\.audit-cache\prompt-1-2\staging\tablet\category__technical-guides\submenu-open.png","C:\Users\BGF\OneDrive\Documents\rkreno\.audit-cache\prompt-1-2\differences\tablet\category__technical-guides\submenu-open.png","768","1024","768","1024","true","283671","786432","36.07063293457031","23.484942118326824","24","0.5","true"
"/category/technical-guides/","tablet","footer","C:\Users\BGF\OneDrive\Documents\rkreno\.audit-cache\prompt-1-2\source\tablet\category__technical-guides\footer.png","C:\Users\BGF\OneDrive\Documents\rkreno\.audit-cache\prompt-1-2\staging\tablet\category__technical-guides\footer.png","C:\Users\BGF\OneDrive\Documents\rkreno\.audit-cache\prompt-1-2\differences\tablet\category__technical-guides\footer.png","768","759","768","1117","false","406499","857856","47.38545863175172","102.20057600964886","24","0.5","true"
"/category/technical-guides/","tablet","floating-actions","C:\Users\BGF\OneDrive\Documents\rkreno\.audit-cache\prompt-1-2\source\tablet\category__technical-guides\floating-actions.png","C:\Users\BGF\OneDrive\Documents\rkreno\.audit-cache\prompt-1-2\staging\tablet\category__technical-guides\floating-actions.png","C:\Users\BGF\OneDrive\Documents\rkreno\.audit-cache\prompt-1-2\differences\tablet\category__technical-guides\floating-actions.png","768","1024","768","1024","true","346592","786432","44.07145182291667","88.97224595811632","24","0.5","true"
"/category/technical-guides/","mobile","header-initial","C:\Users\BGF\OneDrive\Documents\rkreno\.audit-cache\prompt-1-2\source\mobile\category__technical-guides\header-initial.png","C:\Users\BGF\OneDrive\Documents\rkreno\.audit-cache\prompt-1-2\staging\mobile\category__technical-guides\header-initial.png","C:\Users\BGF\OneDrive\Documents\rkreno\.audit-cache\prompt-1-2\differences\mobile\category__technical-guides\header-initial.png","390","90","390","90","true","168","35100","0.47863247863247865","0.10901234567901234","24","0.5","true"
"/category/technical-guides/","mobile","header-sticky","C:\Users\BGF\OneDrive\Documents\rkreno\.audit-cache\prompt-1-2\source\mobile\category__technical-guides\header-sticky.png","C:\Users\BGF\OneDrive\Documents\rkreno\.audit-cache\prompt-1-2\staging\mobile\category__technical-guides\header-sticky.png","C:\Users\BGF\OneDrive\Documents\rkreno\.audit-cache\prompt-1-2\differences\mobile\category__technical-guides\header-sticky.png","390","90","390","90","true","168","35100","0.47863247863247865","0.10908831908831909","24","0.5","true"
"/category/technical-guides/","mobile","menu-open","C:\Users\BGF\OneDrive\Documents\rkreno\.audit-cache\prompt-1-2\source\mobile\category__technical-guides\menu-open.png","C:\Users\BGF\OneDrive\Documents\rkreno\.audit-cache\prompt-1-2\staging\mobile\category__technical-guides\menu-open.png","C:\Users\BGF\OneDrive\Documents\rkreno\.audit-cache\prompt-1-2\differences\mobile\category__technical-guides\menu-open.png","390","844","390","844","true","4354","329160","1.3227609673107303","1.7186120225219752","24","0.5","true"
"/category/technical-guides/","mobile","submenu-open","C:\Users\BGF\OneDrive\Documents\rkreno\.audit-cache\prompt-1-2\source\mobile\category__technical-guides\submenu-open.png","C:\Users\BGF\OneDrive\Documents\rkreno\.audit-cache\prompt-1-2\staging\mobile\category__technical-guides\submenu-open.png","C:\Users\BGF\OneDrive\Documents\rkreno\.audit-cache\prompt-1-2\differences\mobile\category__technical-guides\submenu-open.png","390","844","390","844","true","19935","329160","6.056325191396281","7.143083404220845","24","0.5","true"
"/category/technical-guides/","mobile","footer","C:\Users\BGF\OneDrive\Documents\rkreno\.audit-cache\prompt-1-2\source\mobile\category__technical-guides\footer.png","C:\Users\BGF\OneDrive\Documents\rkreno\.audit-cache\prompt-1-2\staging\mobile\category__technical-guides\footer.png","C:\Users\BGF\OneDrive\Documents\rkreno\.audit-cache\prompt-1-2\differences\mobile\category__technical-guides\footer.png","390","1397","390","1426","false","168287","556140","30.25982666235121","54.14220400139054","24","0.5","true"
"/category/technical-guides/","mobile","floating-actions","C:\Users\BGF\OneDrive\Documents\rkreno\.audit-cache\prompt-1-2\source\mobile\category__technical-guides\floating-actions.png","C:\Users\BGF\OneDrive\Documents\rkreno\.audit-cache\prompt-1-2\staging\mobile\category__technical-guides\floating-actions.png","C:\Users\BGF\OneDrive\Documents\rkreno\.audit-cache\prompt-1-2\differences\mobile\category__technical-guides\floating-actions.png","390","844","390","844","true","62481","329160","18.981954064892452","32.30073925547859","24","0.5","true"
"/tag/interior-finishing/","desktop","header-initial","C:\Users\BGF\OneDrive\Documents\rkreno\.audit-cache\prompt-1-2\source\desktop\tag__interior-finishing\header-initial.png","C:\Users\BGF\OneDrive\Documents\rkreno\.audit-cache\prompt-1-2\staging\desktop\tag__interior-finishing\header-initial.png","C:\Users\BGF\OneDrive\Documents\rkreno\.audit-cache\prompt-1-2\differences\desktop\tag__interior-finishing\header-initial.png","1440","171","1440","171","true","129826","246240","52.72335932423652","107.85634205111545","24","0.5","true"
"/tag/interior-finishing/","desktop","header-sticky","C:\Users\BGF\OneDrive\Documents\rkreno\.audit-cache\prompt-1-2\source\desktop\tag__interior-finishing\header-sticky.png","C:\Users\BGF\OneDrive\Documents\rkreno\.audit-cache\prompt-1-2\staging\desktop\tag__interior-finishing\header-sticky.png","C:\Users\BGF\OneDrive\Documents\rkreno\.audit-cache\prompt-1-2\differences\desktop\tag__interior-finishing\header-sticky.png","1440","100","1440","100","true","28790","144000","19.993055555555557","24.601111111111113","24","0.5","true"
"/tag/interior-finishing/","desktop","dropdown-open","C:\Users\BGF\OneDrive\Documents\rkreno\.audit-cache\prompt-1-2\source\desktop\tag__interior-finishing\dropdown-open.png","C:\Users\BGF\OneDrive\Documents\rkreno\.audit-cache\prompt-1-2\staging\desktop\tag__interior-finishing\dropdown-open.png","C:\Users\BGF\OneDrive\Documents\rkreno\.audit-cache\prompt-1-2\differences\desktop\tag__interior-finishing\dropdown-open.png","339","459","340","458","false","19282","156060","12.355504293220557","15.730571575035244","24","0.5","true"
"/tag/interior-finishing/","desktop","footer","C:\Users\BGF\OneDrive\Documents\rkreno\.audit-cache\prompt-1-2\source\desktop\tag__interior-finishing\footer.png","C:\Users\BGF\OneDrive\Documents\rkreno\.audit-cache\prompt-1-2\staging\desktop\tag__interior-finishing\footer.png","C:\Users\BGF\OneDrive\Documents\rkreno\.audit-cache\prompt-1-2\differences\desktop\tag__interior-finishing\footer.png","1440","774","1440","733","false","266237","1114560","23.887184180304335","37.27538071825055","24","0.5","true"
"/tag/interior-finishing/","desktop","floating-actions","C:\Users\BGF\OneDrive\Documents\rkreno\.audit-cache\prompt-1-2\source\desktop\tag__interior-finishing\floating-actions.png","C:\Users\BGF\OneDrive\Documents\rkreno\.audit-cache\prompt-1-2\staging\desktop\tag__interior-finishing\floating-actions.png","C:\Users\BGF\OneDrive\Documents\rkreno\.audit-cache\prompt-1-2\differences\desktop\tag__interior-finishing\floating-actions.png","1440","1000","1440","1000","true","345130","1440000","23.96736111111111","36.63551643518519","24","0.5","true"
"/tag/interior-finishing/","tablet","header-initial","C:\Users\BGF\OneDrive\Documents\rkreno\.audit-cache\prompt-1-2\source\tablet\tag__interior-finishing\header-initial.png","C:\Users\BGF\OneDrive\Documents\rkreno\.audit-cache\prompt-1-2\staging\tablet\tag__interior-finishing\header-initial.png","C:\Users\BGF\OneDrive\Documents\rkreno\.audit-cache\prompt-1-2\differences\tablet\tag__interior-finishing\header-initial.png","768","90","768","90","true","168","69120","0.24305555555555555","0.055357831790123456","24","0.5","true"
"/tag/interior-finishing/","tablet","header-sticky","C:\Users\BGF\OneDrive\Documents\rkreno\.audit-cache\prompt-1-2\source\tablet\tag__interior-finishing\header-sticky.png","C:\Users\BGF\OneDrive\Documents\rkreno\.audit-cache\prompt-1-2\staging\tablet\tag__interior-finishing\header-sticky.png","C:\Users\BGF\OneDrive\Documents\rkreno\.audit-cache\prompt-1-2\differences\tablet\tag__interior-finishing\header-sticky.png","768","90","768","90","true","168","69120","0.24305555555555555","0.05539641203703704","24","0.5","true"
"/tag/interior-finishing/","tablet","menu-open","C:\Users\BGF\OneDrive\Documents\rkreno\.audit-cache\prompt-1-2\source\tablet\tag__interior-finishing\menu-open.png","C:\Users\BGF\OneDrive\Documents\rkreno\.audit-cache\prompt-1-2\staging\tablet\tag__interior-finishing\menu-open.png","C:\Users\BGF\OneDrive\Documents\rkreno\.audit-cache\prompt-1-2\differences\tablet\tag__interior-finishing\menu-open.png","768","1024","768","1024","true","232510","786432","29.565175374348957","20.51814736260308","24","0.5","true"
"/tag/interior-finishing/","tablet","submenu-open","C:\Users\BGF\OneDrive\Documents\rkreno\.audit-cache\prompt-1-2\source\tablet\tag__interior-finishing\submenu-open.png","C:\Users\BGF\OneDrive\Documents\rkreno\.audit-cache\prompt-1-2\staging\tablet\tag__interior-finishing\submenu-open.png","C:\Users\BGF\OneDrive\Documents\rkreno\.audit-cache\prompt-1-2\differences\tablet\tag__interior-finishing\submenu-open.png","768","1024","768","1024","true","252138","786432","32.061004638671875","23.520372602674698","24","0.5","true"
"/tag/interior-finishing/","tablet","footer","C:\Users\BGF\OneDrive\Documents\rkreno\.audit-cache\prompt-1-2\source\tablet\tag__interior-finishing\footer.png","C:\Users\BGF\OneDrive\Documents\rkreno\.audit-cache\prompt-1-2\staging\tablet\tag__interior-finishing\footer.png","C:\Users\BGF\OneDrive\Documents\rkreno\.audit-cache\prompt-1-2\differences\tablet\tag__interior-finishing\footer.png","768","759","768","1116","false","405765","857088","47.34227990591398","102.21488925291219","24","0.5","true"
"/tag/interior-finishing/","tablet","floating-actions","C:\Users\BGF\OneDrive\Documents\rkreno\.audit-cache\prompt-1-2\source\tablet\tag__interior-finishing\floating-actions.png","C:\Users\BGF\OneDrive\Documents\rkreno\.audit-cache\prompt-1-2\staging\tablet\tag__interior-finishing\floating-actions.png","C:\Users\BGF\OneDrive\Documents\rkreno\.audit-cache\prompt-1-2\differences\tablet\tag__interior-finishing\floating-actions.png","768","1024","768","1024","true","346773","786432","44.09446716308594","89.05933634440105","24","0.5","true"
"/tag/interior-finishing/","mobile","header-initial","C:\Users\BGF\OneDrive\Documents\rkreno\.audit-cache\prompt-1-2\source\mobile\tag__interior-finishing\header-initial.png","C:\Users\BGF\OneDrive\Documents\rkreno\.audit-cache\prompt-1-2\staging\mobile\tag__interior-finishing\header-initial.png","C:\Users\BGF\OneDrive\Documents\rkreno\.audit-cache\prompt-1-2\differences\mobile\tag__interior-finishing\header-initial.png","390","90","390","90","true","168","35100","0.47863247863247865","0.10901234567901234","24","0.5","true"
"/tag/interior-finishing/","mobile","header-sticky","C:\Users\BGF\OneDrive\Documents\rkreno\.audit-cache\prompt-1-2\source\mobile\tag__interior-finishing\header-sticky.png","C:\Users\BGF\OneDrive\Documents\rkreno\.audit-cache\prompt-1-2\staging\mobile\tag__interior-finishing\header-sticky.png","C:\Users\BGF\OneDrive\Documents\rkreno\.audit-cache\prompt-1-2\differences\mobile\tag__interior-finishing\header-sticky.png","390","90","390","90","true","168","35100","0.47863247863247865","0.10908831908831909","24","0.5","true"
"/tag/interior-finishing/","mobile","menu-open","C:\Users\BGF\OneDrive\Documents\rkreno\.audit-cache\prompt-1-2\source\mobile\tag__interior-finishing\menu-open.png","C:\Users\BGF\OneDrive\Documents\rkreno\.audit-cache\prompt-1-2\staging\mobile\tag__interior-finishing\menu-open.png","C:\Users\BGF\OneDrive\Documents\rkreno\.audit-cache\prompt-1-2\differences\mobile\tag__interior-finishing\menu-open.png","390","844","390","844","true","4354","329160","1.3227609673107303","1.7186120225219752","24","0.5","true"
"/tag/interior-finishing/","mobile","submenu-open","C:\Users\BGF\OneDrive\Documents\rkreno\.audit-cache\prompt-1-2\source\mobile\tag__interior-finishing\submenu-open.png","C:\Users\BGF\OneDrive\Documents\rkreno\.audit-cache\prompt-1-2\staging\mobile\tag__interior-finishing\submenu-open.png","C:\Users\BGF\OneDrive\Documents\rkreno\.audit-cache\prompt-1-2\differences\mobile\tag__interior-finishing\submenu-open.png","390","844","390","844","true","19935","329160","6.056325191396281","7.143083404220845","24","0.5","true"
"/tag/interior-finishing/","mobile","footer","C:\Users\BGF\OneDrive\Documents\rkreno\.audit-cache\prompt-1-2\source\mobile\tag__interior-finishing\footer.png","C:\Users\BGF\OneDrive\Documents\rkreno\.audit-cache\prompt-1-2\staging\mobile\tag__interior-finishing\footer.png","C:\Users\BGF\OneDrive\Documents\rkreno\.audit-cache\prompt-1-2\differences\mobile\tag__interior-finishing\footer.png","390","1397","390","1426","false","168261","556140","30.255151580537277","54.130243583749895","24","0.5","true"
"/tag/interior-finishing/","mobile","floating-actions","C:\Users\BGF\OneDrive\Documents\rkreno\.audit-cache\prompt-1-2\source\mobile\tag__interior-finishing\floating-actions.png","C:\Users\BGF\OneDrive\Documents\rkreno\.audit-cache\prompt-1-2\staging\mobile\tag__interior-finishing\floating-actions.png","C:\Users\BGF\OneDrive\Documents\rkreno\.audit-cache\prompt-1-2\differences\mobile\tag__interior-finishing\floating-actions.png","390","844","390","844","true","62481","329160","18.981954064892452","32.30073925547859","24","0.5","true"
"/tag/office-fit-out/","desktop","header-initial","C:\Users\BGF\OneDrive\Documents\rkreno\.audit-cache\prompt-1-2\source\desktop\tag__office-fit-out\header-initial.png","C:\Users\BGF\OneDrive\Documents\rkreno\.audit-cache\prompt-1-2\staging\desktop\tag__office-fit-out\header-initial.png","C:\Users\BGF\OneDrive\Documents\rkreno\.audit-cache\prompt-1-2\differences\desktop\tag__office-fit-out\header-initial.png","1440","171","1440","171","true","129826","246240","52.72335932423652","107.85634205111545","24","0.5","true"
"/tag/office-fit-out/","desktop","header-sticky","C:\Users\BGF\OneDrive\Documents\rkreno\.audit-cache\prompt-1-2\source\desktop\tag__office-fit-out\header-sticky.png","C:\Users\BGF\OneDrive\Documents\rkreno\.audit-cache\prompt-1-2\staging\desktop\tag__office-fit-out\header-sticky.png","C:\Users\BGF\OneDrive\Documents\rkreno\.audit-cache\prompt-1-2\differences\desktop\tag__office-fit-out\header-sticky.png","1440","100","1440","100","true","28790","144000","19.993055555555557","24.601111111111113","24","0.5","true"
"/tag/office-fit-out/","desktop","dropdown-open","C:\Users\BGF\OneDrive\Documents\rkreno\.audit-cache\prompt-1-2\source\desktop\tag__office-fit-out\dropdown-open.png","C:\Users\BGF\OneDrive\Documents\rkreno\.audit-cache\prompt-1-2\staging\desktop\tag__office-fit-out\dropdown-open.png","C:\Users\BGF\OneDrive\Documents\rkreno\.audit-cache\prompt-1-2\differences\desktop\tag__office-fit-out\dropdown-open.png","339","459","340","458","false","19311","156060","12.374086889657825","15.736567132299543","24","0.5","true"
"/tag/office-fit-out/","desktop","footer","C:\Users\BGF\OneDrive\Documents\rkreno\.audit-cache\prompt-1-2\source\desktop\tag__office-fit-out\footer.png","C:\Users\BGF\OneDrive\Documents\rkreno\.audit-cache\prompt-1-2\staging\desktop\tag__office-fit-out\footer.png","C:\Users\BGF\OneDrive\Documents\rkreno\.audit-cache\prompt-1-2\differences\desktop\tag__office-fit-out\footer.png","1440","774","1440","733","false","266716","1114560","23.930160780935974","37.20012381567614","24","0.5","true"
"/tag/office-fit-out/","desktop","floating-actions","C:\Users\BGF\OneDrive\Documents\rkreno\.audit-cache\prompt-1-2\source\desktop\tag__office-fit-out\floating-actions.png","C:\Users\BGF\OneDrive\Documents\rkreno\.audit-cache\prompt-1-2\staging\desktop\tag__office-fit-out\floating-actions.png","C:\Users\BGF\OneDrive\Documents\rkreno\.audit-cache\prompt-1-2\differences\desktop\tag__office-fit-out\floating-actions.png","1440","1000","1440","1000","true","345426","1440000","23.987916666666667","36.478239351851855","24","0.5","true"
"/tag/office-fit-out/","tablet","header-initial","C:\Users\BGF\OneDrive\Documents\rkreno\.audit-cache\prompt-1-2\source\tablet\tag__office-fit-out\header-initial.png","C:\Users\BGF\OneDrive\Documents\rkreno\.audit-cache\prompt-1-2\staging\tablet\tag__office-fit-out\header-initial.png","C:\Users\BGF\OneDrive\Documents\rkreno\.audit-cache\prompt-1-2\differences\tablet\tag__office-fit-out\header-initial.png","768","90","768","90","true","168","69120","0.24305555555555555","0.055357831790123456","24","0.5","true"
"/tag/office-fit-out/","tablet","header-sticky","C:\Users\BGF\OneDrive\Documents\rkreno\.audit-cache\prompt-1-2\source\tablet\tag__office-fit-out\header-sticky.png","C:\Users\BGF\OneDrive\Documents\rkreno\.audit-cache\prompt-1-2\staging\tablet\tag__office-fit-out\header-sticky.png","C:\Users\BGF\OneDrive\Documents\rkreno\.audit-cache\prompt-1-2\differences\tablet\tag__office-fit-out\header-sticky.png","768","90","768","90","true","168","69120","0.24305555555555555","0.05539641203703704","24","0.5","true"
"/tag/office-fit-out/","tablet","menu-open","C:\Users\BGF\OneDrive\Documents\rkreno\.audit-cache\prompt-1-2\source\tablet\tag__office-fit-out\menu-open.png","C:\Users\BGF\OneDrive\Documents\rkreno\.audit-cache\prompt-1-2\staging\tablet\tag__office-fit-out\menu-open.png","C:\Users\BGF\OneDrive\Documents\rkreno\.audit-cache\prompt-1-2\differences\tablet\tag__office-fit-out\menu-open.png","768","1024","768","1024","true","216536","786432","27.533976236979168","18.606768290201824","24","0.5","true"
"/tag/office-fit-out/","tablet","submenu-open","C:\Users\BGF\OneDrive\Documents\rkreno\.audit-cache\prompt-1-2\source\tablet\tag__office-fit-out\submenu-open.png","C:\Users\BGF\OneDrive\Documents\rkreno\.audit-cache\prompt-1-2\staging\tablet\tag__office-fit-out\submenu-open.png","C:\Users\BGF\OneDrive\Documents\rkreno\.audit-cache\prompt-1-2\differences\tablet\tag__office-fit-out\submenu-open.png","768","1024","768","1024","true","236164","786432","30.029805501302082","21.608993530273438","24","0.5","true"
"/tag/office-fit-out/","tablet","footer","C:\Users\BGF\OneDrive\Documents\rkreno\.audit-cache\prompt-1-2\source\tablet\tag__office-fit-out\footer.png","C:\Users\BGF\OneDrive\Documents\rkreno\.audit-cache\prompt-1-2\staging\tablet\tag__office-fit-out\footer.png","C:\Users\BGF\OneDrive\Documents\rkreno\.audit-cache\prompt-1-2\differences\tablet\tag__office-fit-out\footer.png","768","759","768","1117","false","407202","857856","47.46740711727843","102.48894258865512","24","0.5","true"
"/tag/office-fit-out/","tablet","floating-actions","C:\Users\BGF\OneDrive\Documents\rkreno\.audit-cache\prompt-1-2\source\tablet\tag__office-fit-out\floating-actions.png","C:\Users\BGF\OneDrive\Documents\rkreno\.audit-cache\prompt-1-2\staging\tablet\tag__office-fit-out\floating-actions.png","C:\Users\BGF\OneDrive\Documents\rkreno\.audit-cache\prompt-1-2\differences\tablet\tag__office-fit-out\floating-actions.png","768","1024","768","1024","true","346549","786432","44.065984090169266","89.03653928968642","24","0.5","true"
"/tag/office-fit-out/","mobile","header-initial","C:\Users\BGF\OneDrive\Documents\rkreno\.audit-cache\prompt-1-2\source\mobile\tag__office-fit-out\header-initial.png","C:\Users\BGF\OneDrive\Documents\rkreno\.audit-cache\prompt-1-2\staging\mobile\tag__office-fit-out\header-initial.png","C:\Users\BGF\OneDrive\Documents\rkreno\.audit-cache\prompt-1-2\differences\mobile\tag__office-fit-out\header-initial.png","390","90","390","90","true","168","35100","0.47863247863247865","0.10901234567901234","24","0.5","true"
"/tag/office-fit-out/","mobile","header-sticky","C:\Users\BGF\OneDrive\Documents\rkreno\.audit-cache\prompt-1-2\source\mobile\tag__office-fit-out\header-sticky.png","C:\Users\BGF\OneDrive\Documents\rkreno\.audit-cache\prompt-1-2\staging\mobile\tag__office-fit-out\header-sticky.png","C:\Users\BGF\OneDrive\Documents\rkreno\.audit-cache\prompt-1-2\differences\mobile\tag__office-fit-out\header-sticky.png","390","90","390","90","true","168","35100","0.47863247863247865","0.10908831908831909","24","0.5","true"
"/tag/office-fit-out/","mobile","menu-open","C:\Users\BGF\OneDrive\Documents\rkreno\.audit-cache\prompt-1-2\source\mobile\tag__office-fit-out\menu-open.png","C:\Users\BGF\OneDrive\Documents\rkreno\.audit-cache\prompt-1-2\staging\mobile\tag__office-fit-out\menu-open.png","C:\Users\BGF\OneDrive\Documents\rkreno\.audit-cache\prompt-1-2\differences\mobile\tag__office-fit-out\menu-open.png","390","844","390","844","true","4354","329160","1.3227609673107303","1.7186120225219752","24","0.5","true"
"/tag/office-fit-out/","mobile","submenu-open","C:\Users\BGF\OneDrive\Documents\rkreno\.audit-cache\prompt-1-2\source\mobile\tag__office-fit-out\submenu-open.png","C:\Users\BGF\OneDrive\Documents\rkreno\.audit-cache\prompt-1-2\staging\mobile\tag__office-fit-out\submenu-open.png","C:\Users\BGF\OneDrive\Documents\rkreno\.audit-cache\prompt-1-2\differences\mobile\tag__office-fit-out\submenu-open.png","390","844","390","844","true","19935","329160","6.056325191396281","7.143083404220845","24","0.5","true"
"/tag/office-fit-out/","mobile","footer","C:\Users\BGF\OneDrive\Documents\rkreno\.audit-cache\prompt-1-2\source\mobile\tag__office-fit-out\footer.png","C:\Users\BGF\OneDrive\Documents\rkreno\.audit-cache\prompt-1-2\staging\mobile\tag__office-fit-out\footer.png","C:\Users\BGF\OneDrive\Documents\rkreno\.audit-cache\prompt-1-2\differences\mobile\tag__office-fit-out\footer.png","390","1397","390","1426","false","168363","556140","30.273492286115005","54.34084702892557","24","0.5","true"
"/tag/office-fit-out/","mobile","floating-actions","C:\Users\BGF\OneDrive\Documents\rkreno\.audit-cache\prompt-1-2\source\mobile\tag__office-fit-out\floating-actions.png","C:\Users\BGF\OneDrive\Documents\rkreno\.audit-cache\prompt-1-2\staging\mobile\tag__office-fit-out\floating-actions.png","C:\Users\BGF\OneDrive\Documents\rkreno\.audit-cache\prompt-1-2\differences\mobile\tag__office-fit-out\floating-actions.png","390","844","390","844","true","62541","329160","19.000182282172805","32.291578563616476","24","0.5","true"
"/tag/waterproofing/","desktop","header-initial","C:\Users\BGF\OneDrive\Documents\rkreno\.audit-cache\prompt-1-2\source\desktop\tag__waterproofing\header-initial.png","C:\Users\BGF\OneDrive\Documents\rkreno\.audit-cache\prompt-1-2\staging\desktop\tag__waterproofing\header-initial.png","C:\Users\BGF\OneDrive\Documents\rkreno\.audit-cache\prompt-1-2\differences\desktop\tag__waterproofing\header-initial.png","1440","171","1440","171","true","129826","246240","52.72335932423652","107.85634205111545","24","0.5","true"
"/tag/waterproofing/","desktop","header-sticky","C:\Users\BGF\OneDrive\Documents\rkreno\.audit-cache\prompt-1-2\source\desktop\tag__waterproofing\header-sticky.png","C:\Users\BGF\OneDrive\Documents\rkreno\.audit-cache\prompt-1-2\staging\desktop\tag__waterproofing\header-sticky.png","C:\Users\BGF\OneDrive\Documents\rkreno\.audit-cache\prompt-1-2\differences\desktop\tag__waterproofing\header-sticky.png","1440","100","1440","100","true","28790","144000","19.993055555555557","24.601111111111113","24","0.5","true"
"/tag/waterproofing/","desktop","dropdown-open","C:\Users\BGF\OneDrive\Documents\rkreno\.audit-cache\prompt-1-2\source\desktop\tag__waterproofing\dropdown-open.png","C:\Users\BGF\OneDrive\Documents\rkreno\.audit-cache\prompt-1-2\staging\desktop\tag__waterproofing\dropdown-open.png","C:\Users\BGF\OneDrive\Documents\rkreno\.audit-cache\prompt-1-2\differences\desktop\tag__waterproofing\dropdown-open.png","339","459","340","458","false","19311","156060","12.374086889657825","15.736567132299543","24","0.5","true"
"/tag/waterproofing/","desktop","footer","C:\Users\BGF\OneDrive\Documents\rkreno\.audit-cache\prompt-1-2\source\desktop\tag__waterproofing\footer.png","C:\Users\BGF\OneDrive\Documents\rkreno\.audit-cache\prompt-1-2\staging\desktop\tag__waterproofing\footer.png","C:\Users\BGF\OneDrive\Documents\rkreno\.audit-cache\prompt-1-2\differences\desktop\tag__waterproofing\footer.png","1440","774","1440","733","false","267145","1114560","23.968651306345105","37.40454678677386","24","0.5","true"
"/tag/waterproofing/","desktop","floating-actions","C:\Users\BGF\OneDrive\Documents\rkreno\.audit-cache\prompt-1-2\source\desktop\tag__waterproofing\floating-actions.png","C:\Users\BGF\OneDrive\Documents\rkreno\.audit-cache\prompt-1-2\staging\desktop\tag__waterproofing\floating-actions.png","C:\Users\BGF\OneDrive\Documents\rkreno\.audit-cache\prompt-1-2\differences\desktop\tag__waterproofing\floating-actions.png","1440","1000","1440","1000","true","345207","1440000","23.972708333333333","36.59667430555555","24","0.5","true"
"/tag/waterproofing/","tablet","header-initial","C:\Users\BGF\OneDrive\Documents\rkreno\.audit-cache\prompt-1-2\source\tablet\tag__waterproofing\header-initial.png","C:\Users\BGF\OneDrive\Documents\rkreno\.audit-cache\prompt-1-2\staging\tablet\tag__waterproofing\header-initial.png","C:\Users\BGF\OneDrive\Documents\rkreno\.audit-cache\prompt-1-2\differences\tablet\tag__waterproofing\header-initial.png","768","90","768","90","true","168","69120","0.24305555555555555","0.055357831790123456","24","0.5","true"
"/tag/waterproofing/","tablet","header-sticky","C:\Users\BGF\OneDrive\Documents\rkreno\.audit-cache\prompt-1-2\source\tablet\tag__waterproofing\header-sticky.png","C:\Users\BGF\OneDrive\Documents\rkreno\.audit-cache\prompt-1-2\staging\tablet\tag__waterproofing\header-sticky.png","C:\Users\BGF\OneDrive\Documents\rkreno\.audit-cache\prompt-1-2\differences\tablet\tag__waterproofing\header-sticky.png","768","90","768","90","true","168","69120","0.24305555555555555","0.05539641203703704","24","0.5","true"
"/tag/waterproofing/","tablet","menu-open","C:\Users\BGF\OneDrive\Documents\rkreno\.audit-cache\prompt-1-2\source\tablet\tag__waterproofing\menu-open.png","C:\Users\BGF\OneDrive\Documents\rkreno\.audit-cache\prompt-1-2\staging\tablet\tag__waterproofing\menu-open.png","C:\Users\BGF\OneDrive\Documents\rkreno\.audit-cache\prompt-1-2\differences\tablet\tag__waterproofing\menu-open.png","768","1024","768","1024","true","158852","786432","20.199076334635414","14.947433471679688","24","0.5","true"
"/tag/waterproofing/","tablet","submenu-open","C:\Users\BGF\OneDrive\Documents\rkreno\.audit-cache\prompt-1-2\source\tablet\tag__waterproofing\submenu-open.png","C:\Users\BGF\OneDrive\Documents\rkreno\.audit-cache\prompt-1-2\staging\tablet\tag__waterproofing\submenu-open.png","C:\Users\BGF\OneDrive\Documents\rkreno\.audit-cache\prompt-1-2\differences\tablet\tag__waterproofing\submenu-open.png","768","1024","768","1024","true","178480","786432","22.694905598958336","17.9496587117513","24","0.5","true"
"/tag/waterproofing/","tablet","footer","C:\Users\BGF\OneDrive\Documents\rkreno\.audit-cache\prompt-1-2\source\tablet\tag__waterproofing\footer.png","C:\Users\BGF\OneDrive\Documents\rkreno\.audit-cache\prompt-1-2\staging\tablet\tag__waterproofing\footer.png","C:\Users\BGF\OneDrive\Documents\rkreno\.audit-cache\prompt-1-2\differences\tablet\tag__waterproofing\footer.png","768","759","768","1117","false","407267","857856","47.474984146523425","102.48276517270963","24","0.5","true"
"/tag/waterproofing/","tablet","floating-actions","C:\Users\BGF\OneDrive\Documents\rkreno\.audit-cache\prompt-1-2\source\tablet\tag__waterproofing\floating-actions.png","C:\Users\BGF\OneDrive\Documents\rkreno\.audit-cache\prompt-1-2\staging\tablet\tag__waterproofing\floating-actions.png","C:\Users\BGF\OneDrive\Documents\rkreno\.audit-cache\prompt-1-2\differences\tablet\tag__waterproofing\floating-actions.png","768","1024","768","1024","true","346958","786432","44.117991129557296","89.08911599053278","24","0.5","true"
"/tag/waterproofing/","mobile","header-initial","C:\Users\BGF\OneDrive\Documents\rkreno\.audit-cache\prompt-1-2\source\mobile\tag__waterproofing\header-initial.png","C:\Users\BGF\OneDrive\Documents\rkreno\.audit-cache\prompt-1-2\staging\mobile\tag__waterproofing\header-initial.png","C:\Users\BGF\OneDrive\Documents\rkreno\.audit-cache\prompt-1-2\differences\mobile\tag__waterproofing\header-initial.png","390","90","390","90","true","168","35100","0.47863247863247865","0.10901234567901234","24","0.5","true"
"/tag/waterproofing/","mobile","header-sticky","C:\Users\BGF\OneDrive\Documents\rkreno\.audit-cache\prompt-1-2\source\mobile\tag__waterproofing\header-sticky.png","C:\Users\BGF\OneDrive\Documents\rkreno\.audit-cache\prompt-1-2\staging\mobile\tag__waterproofing\header-sticky.png","C:\Users\BGF\OneDrive\Documents\rkreno\.audit-cache\prompt-1-2\differences\mobile\tag__waterproofing\header-sticky.png","390","90","390","90","true","168","35100","0.47863247863247865","0.10908831908831909","24","0.5","true"
"/tag/waterproofing/","mobile","menu-open","C:\Users\BGF\OneDrive\Documents\rkreno\.audit-cache\prompt-1-2\source\mobile\tag__waterproofing\menu-open.png","C:\Users\BGF\OneDrive\Documents\rkreno\.audit-cache\prompt-1-2\staging\mobile\tag__waterproofing\menu-open.png","C:\Users\BGF\OneDrive\Documents\rkreno\.audit-cache\prompt-1-2\differences\mobile\tag__waterproofing\menu-open.png","390","844","390","844","true","4354","329160","1.3227609673107303","1.7186120225219752","24","0.5","true"
"/tag/waterproofing/","mobile","submenu-open","C:\Users\BGF\OneDrive\Documents\rkreno\.audit-cache\prompt-1-2\source\mobile\tag__waterproofing\submenu-open.png","C:\Users\BGF\OneDrive\Documents\rkreno\.audit-cache\prompt-1-2\staging\mobile\tag__waterproofing\submenu-open.png","C:\Users\BGF\OneDrive\Documents\rkreno\.audit-cache\prompt-1-2\differences\mobile\tag__waterproofing\submenu-open.png","390","844","390","844","true","19935","329160","6.056325191396281","7.143083404220845","24","0.5","true"
"/tag/waterproofing/","mobile","footer","C:\Users\BGF\OneDrive\Documents\rkreno\.audit-cache\prompt-1-2\source\mobile\tag__waterproofing\footer.png","C:\Users\BGF\OneDrive\Documents\rkreno\.audit-cache\prompt-1-2\staging\mobile\tag__waterproofing\footer.png","C:\Users\BGF\OneDrive\Documents\rkreno\.audit-cache\prompt-1-2\differences\mobile\tag__waterproofing\footer.png","390","1397","390","1426","false","169242","556140","30.431546013593703","54.59508756787859","24","0.5","true"
"/tag/waterproofing/","mobile","floating-actions","C:\Users\BGF\OneDrive\Documents\rkreno\.audit-cache\prompt-1-2\source\mobile\tag__waterproofing\floating-actions.png","C:\Users\BGF\OneDrive\Documents\rkreno\.audit-cache\prompt-1-2\staging\mobile\tag__waterproofing\floating-actions.png","C:\Users\BGF\OneDrive\Documents\rkreno\.audit-cache\prompt-1-2\differences\mobile\tag__waterproofing\floating-actions.png","390","844","390","844","true","62557","329160","19.005043140114232","32.34647182727751","24","0.5","true"
"/company-history/","desktop","header-initial","C:\Users\BGF\OneDrive\Documents\rkreno\.audit-cache\prompt-1-2\source\desktop\company-history\header-initial.png","C:\Users\BGF\OneDrive\Documents\rkreno\.audit-cache\prompt-1-2\staging\desktop\company-history\header-initial.png","C:\Users\BGF\OneDrive\Documents\rkreno\.audit-cache\prompt-1-2\differences\desktop\company-history\header-initial.png","1440","171","1440","171","true","129826","246240","52.72335932423652","107.85633257526533","24","0.5","true"
"/company-history/","desktop","header-sticky","C:\Users\BGF\OneDrive\Documents\rkreno\.audit-cache\prompt-1-2\source\desktop\company-history\header-sticky.png","C:\Users\BGF\OneDrive\Documents\rkreno\.audit-cache\prompt-1-2\staging\desktop\company-history\header-sticky.png","C:\Users\BGF\OneDrive\Documents\rkreno\.audit-cache\prompt-1-2\differences\desktop\company-history\header-sticky.png","1440","100","1440","100","true","28790","144000","19.993055555555557","24.687453703703703","24","0.5","true"
"/company-history/","desktop","dropdown-open","C:\Users\BGF\OneDrive\Documents\rkreno\.audit-cache\prompt-1-2\source\desktop\company-history\dropdown-open.png","C:\Users\BGF\OneDrive\Documents\rkreno\.audit-cache\prompt-1-2\staging\desktop\company-history\dropdown-open.png","C:\Users\BGF\OneDrive\Documents\rkreno\.audit-cache\prompt-1-2\differences\desktop\company-history\dropdown-open.png","339","459","340","458","false","18693","156060","11.978085351787774","15.456435558973045","24","0.5","true"
"/company-history/","desktop","footer","C:\Users\BGF\OneDrive\Documents\rkreno\.audit-cache\prompt-1-2\source\desktop\company-history\footer.png","C:\Users\BGF\OneDrive\Documents\rkreno\.audit-cache\prompt-1-2\staging\desktop\company-history\footer.png","C:\Users\BGF\OneDrive\Documents\rkreno\.audit-cache\prompt-1-2\differences\desktop\company-history\footer.png","1440","774","1440","732","false","267500","1114560","24.00050244042492","37.87829606900182","24","0.5","true"
"/company-history/","desktop","floating-actions","C:\Users\BGF\OneDrive\Documents\rkreno\.audit-cache\prompt-1-2\source\desktop\company-history\floating-actions.png","C:\Users\BGF\OneDrive\Documents\rkreno\.audit-cache\prompt-1-2\staging\desktop\company-history\floating-actions.png","C:\Users\BGF\OneDrive\Documents\rkreno\.audit-cache\prompt-1-2\differences\desktop\company-history\floating-actions.png","1440","1000","1440","1000","true","344117","1440000","23.89701388888889","36.04508148148148","24","0.5","true"
"/company-history/","tablet","header-initial","C:\Users\BGF\OneDrive\Documents\rkreno\.audit-cache\prompt-1-2\source\tablet\company-history\header-initial.png","C:\Users\BGF\OneDrive\Documents\rkreno\.audit-cache\prompt-1-2\staging\tablet\company-history\header-initial.png","C:\Users\BGF\OneDrive\Documents\rkreno\.audit-cache\prompt-1-2\differences\tablet\company-history\header-initial.png","768","90","768","90","true","168","69120","0.24305555555555555","0.055357831790123456","24","0.5","true"
"/company-history/","tablet","header-sticky","C:\Users\BGF\OneDrive\Documents\rkreno\.audit-cache\prompt-1-2\source\tablet\company-history\header-sticky.png","C:\Users\BGF\OneDrive\Documents\rkreno\.audit-cache\prompt-1-2\staging\tablet\company-history\header-sticky.png","C:\Users\BGF\OneDrive\Documents\rkreno\.audit-cache\prompt-1-2\differences\tablet\company-history\header-sticky.png","768","90","768","90","true","168","69120","0.24305555555555555","0.05539641203703704","24","0.5","true"
"/company-history/","tablet","menu-open","C:\Users\BGF\OneDrive\Documents\rkreno\.audit-cache\prompt-1-2\source\tablet\company-history\menu-open.png","C:\Users\BGF\OneDrive\Documents\rkreno\.audit-cache\prompt-1-2\staging\tablet\company-history\menu-open.png","C:\Users\BGF\OneDrive\Documents\rkreno\.audit-cache\prompt-1-2\differences\tablet\company-history\menu-open.png","768","1024","768","1024","true","97978","786432","12.458546956380207","9.27594248453776","24","0.5","true"
"/company-history/","tablet","submenu-open","C:\Users\BGF\OneDrive\Documents\rkreno\.audit-cache\prompt-1-2\source\tablet\company-history\submenu-open.png","C:\Users\BGF\OneDrive\Documents\rkreno\.audit-cache\prompt-1-2\staging\tablet\company-history\submenu-open.png","C:\Users\BGF\OneDrive\Documents\rkreno\.audit-cache\prompt-1-2\differences\tablet\company-history\submenu-open.png","768","1024","768","1024","true","117606","786432","14.954376220703125","12.278167724609375","24","0.5","true"
"/company-history/","tablet","footer","C:\Users\BGF\OneDrive\Documents\rkreno\.audit-cache\prompt-1-2\source\tablet\company-history\footer.png","C:\Users\BGF\OneDrive\Documents\rkreno\.audit-cache\prompt-1-2\staging\tablet\company-history\footer.png","C:\Users\BGF\OneDrive\Documents\rkreno\.audit-cache\prompt-1-2\differences\tablet\company-history\footer.png","768","759","768","1116","false","405755","857088","47.341113164575866","102.276069279545","24","0.5","true"
"/company-history/","tablet","floating-actions","C:\Users\BGF\OneDrive\Documents\rkreno\.audit-cache\prompt-1-2\source\tablet\company-history\floating-actions.png","C:\Users\BGF\OneDrive\Documents\rkreno\.audit-cache\prompt-1-2\staging\tablet\company-history\floating-actions.png","C:\Users\BGF\OneDrive\Documents\rkreno\.audit-cache\prompt-1-2\differences\tablet\company-history\floating-actions.png","768","1024","768","1024","true","344289","786432","43.77861022949219","88.72957526312933","24","0.5","true"
"/company-history/","mobile","header-initial","C:\Users\BGF\OneDrive\Documents\rkreno\.audit-cache\prompt-1-2\source\mobile\company-history\header-initial.png","C:\Users\BGF\OneDrive\Documents\rkreno\.audit-cache\prompt-1-2\staging\mobile\company-history\header-initial.png","C:\Users\BGF\OneDrive\Documents\rkreno\.audit-cache\prompt-1-2\differences\mobile\company-history\header-initial.png","390","90","390","90","true","168","35100","0.47863247863247865","0.10901234567901234","24","0.5","true"
"/company-history/","mobile","header-sticky","C:\Users\BGF\OneDrive\Documents\rkreno\.audit-cache\prompt-1-2\source\mobile\company-history\header-sticky.png","C:\Users\BGF\OneDrive\Documents\rkreno\.audit-cache\prompt-1-2\staging\mobile\company-history\header-sticky.png","C:\Users\BGF\OneDrive\Documents\rkreno\.audit-cache\prompt-1-2\differences\mobile\company-history\header-sticky.png","390","90","390","90","true","168","35100","0.47863247863247865","0.10908831908831909","24","0.5","true"
"/company-history/","mobile","menu-open","C:\Users\BGF\OneDrive\Documents\rkreno\.audit-cache\prompt-1-2\source\mobile\company-history\menu-open.png","C:\Users\BGF\OneDrive\Documents\rkreno\.audit-cache\prompt-1-2\staging\mobile\company-history\menu-open.png","C:\Users\BGF\OneDrive\Documents\rkreno\.audit-cache\prompt-1-2\differences\mobile\company-history\menu-open.png","390","844","390","844","true","4354","329160","1.3227609673107303","1.7186120225219752","24","0.5","true"
"/company-history/","mobile","submenu-open","C:\Users\BGF\OneDrive\Documents\rkreno\.audit-cache\prompt-1-2\source\mobile\company-history\submenu-open.png","C:\Users\BGF\OneDrive\Documents\rkreno\.audit-cache\prompt-1-2\staging\mobile\company-history\submenu-open.png","C:\Users\BGF\OneDrive\Documents\rkreno\.audit-cache\prompt-1-2\differences\mobile\company-history\submenu-open.png","390","844","390","844","true","19935","329160","6.056325191396281","7.143083404220845","24","0.5","true"
"/company-history/","mobile","footer","C:\Users\BGF\OneDrive\Documents\rkreno\.audit-cache\prompt-1-2\source\mobile\company-history\footer.png","C:\Users\BGF\OneDrive\Documents\rkreno\.audit-cache\prompt-1-2\staging\mobile\company-history\footer.png","C:\Users\BGF\OneDrive\Documents\rkreno\.audit-cache\prompt-1-2\differences\mobile\company-history\footer.png","390","1396","390","1426","false","169601","556140","30.496098104793756","54.75550041356493","24","0.5","true"
"/company-history/","mobile","floating-actions","C:\Users\BGF\OneDrive\Documents\rkreno\.audit-cache\prompt-1-2\source\mobile\company-history\floating-actions.png","C:\Users\BGF\OneDrive\Documents\rkreno\.audit-cache\prompt-1-2\staging\mobile\company-history\floating-actions.png","C:\Users\BGF\OneDrive\Documents\rkreno\.audit-cache\prompt-1-2\differences\mobile\company-history\floating-actions.png","390","844","390","844","true","62748","329160","19.06306963179001","32.449504800097216","24","0.5","true"
"/our-projects-2/","desktop","header-initial","C:\Users\BGF\OneDrive\Documents\rkreno\.audit-cache\prompt-1-2\source\desktop\our-projects-2\header-initial.png","C:\Users\BGF\OneDrive\Documents\rkreno\.audit-cache\prompt-1-2\staging\desktop\our-projects-2\header-initial.png","C:\Users\BGF\OneDrive\Documents\rkreno\.audit-cache\prompt-1-2\differences\desktop\our-projects-2\header-initial.png","1440","171","1440","171","true","129826","246240","52.72335932423652","107.85633257526533","24","0.5","true"
"/our-projects-2/","desktop","header-sticky","C:\Users\BGF\OneDrive\Documents\rkreno\.audit-cache\prompt-1-2\source\desktop\our-projects-2\header-sticky.png","C:\Users\BGF\OneDrive\Documents\rkreno\.audit-cache\prompt-1-2\staging\desktop\our-projects-2\header-sticky.png","C:\Users\BGF\OneDrive\Documents\rkreno\.audit-cache\prompt-1-2\differences\desktop\our-projects-2\header-sticky.png","1440","100","1440","100","true","28790","144000","19.993055555555557","24.687453703703703","24","0.5","true"
"/our-projects-2/","desktop","dropdown-open","C:\Users\BGF\OneDrive\Documents\rkreno\.audit-cache\prompt-1-2\source\desktop\our-projects-2\dropdown-open.png","C:\Users\BGF\OneDrive\Documents\rkreno\.audit-cache\prompt-1-2\staging\desktop\our-projects-2\dropdown-open.png","C:\Users\BGF\OneDrive\Documents\rkreno\.audit-cache\prompt-1-2\differences\desktop\our-projects-2\dropdown-open.png","339","459","340","458","false","18701","156060","11.98321158528771","15.45802682728865","24","0.5","true"
"/our-projects-2/","desktop","footer","C:\Users\BGF\OneDrive\Documents\rkreno\.audit-cache\prompt-1-2\source\desktop\our-projects-2\footer.png","C:\Users\BGF\OneDrive\Documents\rkreno\.audit-cache\prompt-1-2\staging\desktop\our-projects-2\footer.png","C:\Users\BGF\OneDrive\Documents\rkreno\.audit-cache\prompt-1-2\differences\desktop\our-projects-2\footer.png","1440","775","1440","733","false","266206","1116000","23.85358422939068","37.873430704898446","24","0.5","true"
"/our-projects-2/","desktop","floating-actions","C:\Users\BGF\OneDrive\Documents\rkreno\.audit-cache\prompt-1-2\source\desktop\our-projects-2\floating-actions.png","C:\Users\BGF\OneDrive\Documents\rkreno\.audit-cache\prompt-1-2\staging\desktop\our-projects-2\floating-actions.png","C:\Users\BGF\OneDrive\Documents\rkreno\.audit-cache\prompt-1-2\differences\desktop\our-projects-2\floating-actions.png","1440","1000","1440","1000","true","361110","1440000","25.077083333333334","38.27993171296296","24","0.5","true"
"/our-projects-2/","tablet","header-initial","C:\Users\BGF\OneDrive\Documents\rkreno\.audit-cache\prompt-1-2\source\tablet\our-projects-2\header-initial.png","C:\Users\BGF\OneDrive\Documents\rkreno\.audit-cache\prompt-1-2\staging\tablet\our-projects-2\header-initial.png","C:\Users\BGF\OneDrive\Documents\rkreno\.audit-cache\prompt-1-2\differences\tablet\our-projects-2\header-initial.png","768","90","768","90","true","168","69120","0.24305555555555555","0.055357831790123456","24","0.5","true"
"/our-projects-2/","tablet","header-sticky","C:\Users\BGF\OneDrive\Documents\rkreno\.audit-cache\prompt-1-2\source\tablet\our-projects-2\header-sticky.png","C:\Users\BGF\OneDrive\Documents\rkreno\.audit-cache\prompt-1-2\staging\tablet\our-projects-2\header-sticky.png","C:\Users\BGF\OneDrive\Documents\rkreno\.audit-cache\prompt-1-2\differences\tablet\our-projects-2\header-sticky.png","768","90","768","90","true","168","69120","0.24305555555555555","0.05539641203703704","24","0.5","true"
"/our-projects-2/","tablet","menu-open","C:\Users\BGF\OneDrive\Documents\rkreno\.audit-cache\prompt-1-2\source\tablet\our-projects-2\menu-open.png","C:\Users\BGF\OneDrive\Documents\rkreno\.audit-cache\prompt-1-2\staging\tablet\our-projects-2\menu-open.png","C:\Users\BGF\OneDrive\Documents\rkreno\.audit-cache\prompt-1-2\differences\tablet\our-projects-2\menu-open.png","768","1024","768","1024","true","156709","786432","19.926579793294273","12.017362806532118","24","0.5","true"
"/our-projects-2/","tablet","submenu-open","C:\Users\BGF\OneDrive\Documents\rkreno\.audit-cache\prompt-1-2\source\tablet\our-projects-2\submenu-open.png","C:\Users\BGF\OneDrive\Documents\rkreno\.audit-cache\prompt-1-2\staging\tablet\our-projects-2\submenu-open.png","C:\Users\BGF\OneDrive\Documents\rkreno\.audit-cache\prompt-1-2\differences\tablet\our-projects-2\submenu-open.png","768","1024","768","1024","true","176337","786432","22.422409057617188","15.019588046603733","24","0.5","true"
"/our-projects-2/","tablet","footer","C:\Users\BGF\OneDrive\Documents\rkreno\.audit-cache\prompt-1-2\source\tablet\our-projects-2\footer.png","C:\Users\BGF\OneDrive\Documents\rkreno\.audit-cache\prompt-1-2\staging\tablet\our-projects-2\footer.png","C:\Users\BGF\OneDrive\Documents\rkreno\.audit-cache\prompt-1-2\differences\tablet\our-projects-2\footer.png","768","759","768","1117","false","406009","857856","47.32833948821247","102.31036599771213","24","0.5","true"
"/our-projects-2/","tablet","floating-actions","C:\Users\BGF\OneDrive\Documents\rkreno\.audit-cache\prompt-1-2\source\tablet\our-projects-2\floating-actions.png","C:\Users\BGF\OneDrive\Documents\rkreno\.audit-cache\prompt-1-2\staging\tablet\our-projects-2\floating-actions.png","C:\Users\BGF\OneDrive\Documents\rkreno\.audit-cache\prompt-1-2\differences\tablet\our-projects-2\floating-actions.png","768","1024","768","1024","true","346961","786432","44.11837259928386","89.0885132683648","24","0.5","true"
"/our-projects-2/","mobile","header-initial","C:\Users\BGF\OneDrive\Documents\rkreno\.audit-cache\prompt-1-2\source\mobile\our-projects-2\header-initial.png","C:\Users\BGF\OneDrive\Documents\rkreno\.audit-cache\prompt-1-2\staging\mobile\our-projects-2\header-initial.png","C:\Users\BGF\OneDrive\Documents\rkreno\.audit-cache\prompt-1-2\differences\mobile\our-projects-2\header-initial.png","390","90","390","90","true","168","35100","0.47863247863247865","0.10901234567901234","24","0.5","true"
"/our-projects-2/","mobile","header-sticky","C:\Users\BGF\OneDrive\Documents\rkreno\.audit-cache\prompt-1-2\source\mobile\our-projects-2\header-sticky.png","C:\Users\BGF\OneDrive\Documents\rkreno\.audit-cache\prompt-1-2\staging\mobile\our-projects-2\header-sticky.png","C:\Users\BGF\OneDrive\Documents\rkreno\.audit-cache\prompt-1-2\differences\mobile\our-projects-2\header-sticky.png","390","90","390","90","true","168","35100","0.47863247863247865","0.10908831908831909","24","0.5","true"
"/our-projects-2/","mobile","menu-open","C:\Users\BGF\OneDrive\Documents\rkreno\.audit-cache\prompt-1-2\source\mobile\our-projects-2\menu-open.png","C:\Users\BGF\OneDrive\Documents\rkreno\.audit-cache\prompt-1-2\staging\mobile\our-projects-2\menu-open.png","C:\Users\BGF\OneDrive\Documents\rkreno\.audit-cache\prompt-1-2\differences\mobile\our-projects-2\menu-open.png","390","844","390","844","true","4354","329160","1.3227609673107303","1.7186120225219752","24","0.5","true"
"/our-projects-2/","mobile","submenu-open","C:\Users\BGF\OneDrive\Documents\rkreno\.audit-cache\prompt-1-2\source\mobile\our-projects-2\submenu-open.png","C:\Users\BGF\OneDrive\Documents\rkreno\.audit-cache\prompt-1-2\staging\mobile\our-projects-2\submenu-open.png","C:\Users\BGF\OneDrive\Documents\rkreno\.audit-cache\prompt-1-2\differences\mobile\our-projects-2\submenu-open.png","390","844","390","844","true","19935","329160","6.056325191396281","7.143083404220845","24","0.5","true"
"/our-projects-2/","mobile","footer","C:\Users\BGF\OneDrive\Documents\rkreno\.audit-cache\prompt-1-2\source\mobile\our-projects-2\footer.png","C:\Users\BGF\OneDrive\Documents\rkreno\.audit-cache\prompt-1-2\staging\mobile\our-projects-2\footer.png","C:\Users\BGF\OneDrive\Documents\rkreno\.audit-cache\prompt-1-2\differences\mobile\our-projects-2\footer.png","390","1397","390","1426","false","167194","556140","30.063293415327074","53.645692331667085","24","0.5","true"
"/our-projects-2/","mobile","floating-actions","C:\Users\BGF\OneDrive\Documents\rkreno\.audit-cache\prompt-1-2\source\mobile\our-projects-2\floating-actions.png","C:\Users\BGF\OneDrive\Documents\rkreno\.audit-cache\prompt-1-2\staging\mobile\our-projects-2\floating-actions.png","C:\Users\BGF\OneDrive\Documents\rkreno\.audit-cache\prompt-1-2\differences\mobile\our-projects-2\floating-actions.png","390","844","390","844","true","62697","329160","19.047575647101713","32.463153684125245","24","0.5","true"
"/our-projects/","desktop","header-initial","C:\Users\BGF\OneDrive\Documents\rkreno\.audit-cache\prompt-1-2\source\desktop\our-projects\header-initial.png","C:\Users\BGF\OneDrive\Documents\rkreno\.audit-cache\prompt-1-2\staging\desktop\our-projects\header-initial.png","C:\Users\BGF\OneDrive\Documents\rkreno\.audit-cache\prompt-1-2\differences\desktop\our-projects\header-initial.png","1440","171","1440","171","true","129826","246240","52.72335932423652","107.85633257526533","24","0.5","true"
"/our-projects/","desktop","header-sticky","C:\Users\BGF\OneDrive\Documents\rkreno\.audit-cache\prompt-1-2\source\desktop\our-projects\header-sticky.png","C:\Users\BGF\OneDrive\Documents\rkreno\.audit-cache\prompt-1-2\staging\desktop\our-projects\header-sticky.png","C:\Users\BGF\OneDrive\Documents\rkreno\.audit-cache\prompt-1-2\differences\desktop\our-projects\header-sticky.png","1440","100","1440","100","true","28790","144000","19.993055555555557","24.687453703703703","24","0.5","true"
"/our-projects/","desktop","dropdown-open","C:\Users\BGF\OneDrive\Documents\rkreno\.audit-cache\prompt-1-2\source\desktop\our-projects\dropdown-open.png","C:\Users\BGF\OneDrive\Documents\rkreno\.audit-cache\prompt-1-2\staging\desktop\our-projects\dropdown-open.png","C:\Users\BGF\OneDrive\Documents\rkreno\.audit-cache\prompt-1-2\differences\desktop\our-projects\dropdown-open.png","339","459","340","458","false","18701","156060","11.98321158528771","15.45802682728865","24","0.5","true"
"/our-projects/","desktop","footer","C:\Users\BGF\OneDrive\Documents\rkreno\.audit-cache\prompt-1-2\source\desktop\our-projects\footer.png","C:\Users\BGF\OneDrive\Documents\rkreno\.audit-cache\prompt-1-2\staging\desktop\our-projects\footer.png","C:\Users\BGF\OneDrive\Documents\rkreno\.audit-cache\prompt-1-2\differences\desktop\our-projects\footer.png","1440","774","1440","733","false","266967","1114560","23.95268087855297","37.75613216575749","24","0.5","true"
"/our-projects/","desktop","floating-actions","C:\Users\BGF\OneDrive\Documents\rkreno\.audit-cache\prompt-1-2\source\desktop\our-projects\floating-actions.png","C:\Users\BGF\OneDrive\Documents\rkreno\.audit-cache\prompt-1-2\staging\desktop\our-projects\floating-actions.png","C:\Users\BGF\OneDrive\Documents\rkreno\.audit-cache\prompt-1-2\differences\desktop\our-projects\floating-actions.png","1440","1000","1440","1000","true","361216","1440000","25.084444444444443","38.27124861111111","24","0.5","true"
"/our-projects/","tablet","header-initial","C:\Users\BGF\OneDrive\Documents\rkreno\.audit-cache\prompt-1-2\source\tablet\our-projects\header-initial.png","C:\Users\BGF\OneDrive\Documents\rkreno\.audit-cache\prompt-1-2\staging\tablet\our-projects\header-initial.png","C:\Users\BGF\OneDrive\Documents\rkreno\.audit-cache\prompt-1-2\differences\tablet\our-projects\header-initial.png","768","90","768","90","true","168","69120","0.24305555555555555","0.055357831790123456","24","0.5","true"
"/our-projects/","tablet","header-sticky","C:\Users\BGF\OneDrive\Documents\rkreno\.audit-cache\prompt-1-2\source\tablet\our-projects\header-sticky.png","C:\Users\BGF\OneDrive\Documents\rkreno\.audit-cache\prompt-1-2\staging\tablet\our-projects\header-sticky.png","C:\Users\BGF\OneDrive\Documents\rkreno\.audit-cache\prompt-1-2\differences\tablet\our-projects\header-sticky.png","768","90","768","90","true","168","69120","0.24305555555555555","0.05539641203703704","24","0.5","true"
"/our-projects/","tablet","menu-open","C:\Users\BGF\OneDrive\Documents\rkreno\.audit-cache\prompt-1-2\source\tablet\our-projects\menu-open.png","C:\Users\BGF\OneDrive\Documents\rkreno\.audit-cache\prompt-1-2\staging\tablet\our-projects\menu-open.png","C:\Users\BGF\OneDrive\Documents\rkreno\.audit-cache\prompt-1-2\differences\tablet\our-projects\menu-open.png","768","1024","768","1024","true","139021","786432","17.677434285481773","11.098665025499132","24","0.5","true"
"/our-projects/","tablet","submenu-open","C:\Users\BGF\OneDrive\Documents\rkreno\.audit-cache\prompt-1-2\source\tablet\our-projects\submenu-open.png","C:\Users\BGF\OneDrive\Documents\rkreno\.audit-cache\prompt-1-2\staging\tablet\our-projects\submenu-open.png","C:\Users\BGF\OneDrive\Documents\rkreno\.audit-cache\prompt-1-2\differences\tablet\our-projects\submenu-open.png","768","1024","768","1024","true","158649","786432","20.173263549804688","14.100890265570747","24","0.5","true"
"/our-projects/","tablet","footer","C:\Users\BGF\OneDrive\Documents\rkreno\.audit-cache\prompt-1-2\source\tablet\our-projects\footer.png","C:\Users\BGF\OneDrive\Documents\rkreno\.audit-cache\prompt-1-2\staging\tablet\our-projects\footer.png","C:\Users\BGF\OneDrive\Documents\rkreno\.audit-cache\prompt-1-2\differences\tablet\our-projects\footer.png","768","759","768","1117","false","407222","857856","47.46973851089227","102.58151406918333","24","0.5","true"
"/our-projects/","tablet","floating-actions","C:\Users\BGF\OneDrive\Documents\rkreno\.audit-cache\prompt-1-2\source\tablet\our-projects\floating-actions.png","C:\Users\BGF\OneDrive\Documents\rkreno\.audit-cache\prompt-1-2\staging\tablet\our-projects\floating-actions.png","C:\Users\BGF\OneDrive\Documents\rkreno\.audit-cache\prompt-1-2\differences\tablet\our-projects\floating-actions.png","768","1024","768","1024","true","347938","786432","44.242604573567704","89.17639880710178","24","0.5","true"
"/our-projects/","mobile","header-initial","C:\Users\BGF\OneDrive\Documents\rkreno\.audit-cache\prompt-1-2\source\mobile\our-projects\header-initial.png","C:\Users\BGF\OneDrive\Documents\rkreno\.audit-cache\prompt-1-2\staging\mobile\our-projects\header-initial.png","C:\Users\BGF\OneDrive\Documents\rkreno\.audit-cache\prompt-1-2\differences\mobile\our-projects\header-initial.png","390","90","390","90","true","168","35100","0.47863247863247865","0.10901234567901234","24","0.5","true"
"/our-projects/","mobile","header-sticky","C:\Users\BGF\OneDrive\Documents\rkreno\.audit-cache\prompt-1-2\source\mobile\our-projects\header-sticky.png","C:\Users\BGF\OneDrive\Documents\rkreno\.audit-cache\prompt-1-2\staging\mobile\our-projects\header-sticky.png","C:\Users\BGF\OneDrive\Documents\rkreno\.audit-cache\prompt-1-2\differences\mobile\our-projects\header-sticky.png","390","90","390","90","true","168","35100","0.47863247863247865","0.10908831908831909","24","0.5","true"
"/our-projects/","mobile","menu-open","C:\Users\BGF\OneDrive\Documents\rkreno\.audit-cache\prompt-1-2\source\mobile\our-projects\menu-open.png","C:\Users\BGF\OneDrive\Documents\rkreno\.audit-cache\prompt-1-2\staging\mobile\our-projects\menu-open.png","C:\Users\BGF\OneDrive\Documents\rkreno\.audit-cache\prompt-1-2\differences\mobile\our-projects\menu-open.png","390","844","390","844","true","4354","329160","1.3227609673107303","1.7186120225219752","24","0.5","true"
"/our-projects/","mobile","submenu-open","C:\Users\BGF\OneDrive\Documents\rkreno\.audit-cache\prompt-1-2\source\mobile\our-projects\submenu-open.png","C:\Users\BGF\OneDrive\Documents\rkreno\.audit-cache\prompt-1-2\staging\mobile\our-projects\submenu-open.png","C:\Users\BGF\OneDrive\Documents\rkreno\.audit-cache\prompt-1-2\differences\mobile\our-projects\submenu-open.png","390","844","390","844","true","19935","329160","6.056325191396281","7.143083404220845","24","0.5","true"
"/our-projects/","mobile","footer","C:\Users\BGF\OneDrive\Documents\rkreno\.audit-cache\prompt-1-2\source\mobile\our-projects\footer.png","C:\Users\BGF\OneDrive\Documents\rkreno\.audit-cache\prompt-1-2\staging\mobile\our-projects\footer.png","C:\Users\BGF\OneDrive\Documents\rkreno\.audit-cache\prompt-1-2\differences\mobile\our-projects\footer.png","390","1397","390","1426","false","166792","556140","29.991009458050133","53.7357967418276","24","0.5","true"
"/our-projects/","mobile","floating-actions","C:\Users\BGF\OneDrive\Documents\rkreno\.audit-cache\prompt-1-2\source\mobile\our-projects\floating-actions.png","C:\Users\BGF\OneDrive\Documents\rkreno\.audit-cache\prompt-1-2\staging\mobile\our-projects\floating-actions.png","C:\Users\BGF\OneDrive\Documents\rkreno\.audit-cache\prompt-1-2\differences\mobile\our-projects\floating-actions.png","390","844","390","844","true","62481","329160","18.981954064892452","32.30077267387694","24","0.5","true"
"/our-team/","desktop","header-initial","C:\Users\BGF\OneDrive\Documents\rkreno\.audit-cache\prompt-1-2\source\desktop\our-team\header-initial.png","C:\Users\BGF\OneDrive\Documents\rkreno\.audit-cache\prompt-1-2\staging\desktop\our-team\header-initial.png","C:\Users\BGF\OneDrive\Documents\rkreno\.audit-cache\prompt-1-2\differences\desktop\our-team\header-initial.png","1440","171","1440","171","true","129826","246240","52.72335932423652","107.85633257526533","24","0.5","true"
"/our-team/","desktop","header-sticky","C:\Users\BGF\OneDrive\Documents\rkreno\.audit-cache\prompt-1-2\source\desktop\our-team\header-sticky.png","C:\Users\BGF\OneDrive\Documents\rkreno\.audit-cache\prompt-1-2\staging\desktop\our-team\header-sticky.png","C:\Users\BGF\OneDrive\Documents\rkreno\.audit-cache\prompt-1-2\differences\desktop\our-team\header-sticky.png","1440","100","1440","100","true","28790","144000","19.993055555555557","24.687453703703703","24","0.5","true"
"/our-team/","desktop","dropdown-open","C:\Users\BGF\OneDrive\Documents\rkreno\.audit-cache\prompt-1-2\source\desktop\our-team\dropdown-open.png","C:\Users\BGF\OneDrive\Documents\rkreno\.audit-cache\prompt-1-2\staging\desktop\our-team\dropdown-open.png","C:\Users\BGF\OneDrive\Documents\rkreno\.audit-cache\prompt-1-2\differences\desktop\our-team\dropdown-open.png","339","459","340","458","false","18701","156060","11.98321158528771","15.45802682728865","24","0.5","true"
"/our-team/","desktop","footer","C:\Users\BGF\OneDrive\Documents\rkreno\.audit-cache\prompt-1-2\source\desktop\our-team\footer.png","C:\Users\BGF\OneDrive\Documents\rkreno\.audit-cache\prompt-1-2\staging\desktop\our-team\footer.png","C:\Users\BGF\OneDrive\Documents\rkreno\.audit-cache\prompt-1-2\differences\desktop\our-team\footer.png","1440","774","1440","733","false","267632","1114560","24.012345679012345","37.563652622260506","24","0.5","true"
"/our-team/","desktop","floating-actions","C:\Users\BGF\OneDrive\Documents\rkreno\.audit-cache\prompt-1-2\source\desktop\our-team\floating-actions.png","C:\Users\BGF\OneDrive\Documents\rkreno\.audit-cache\prompt-1-2\staging\desktop\our-team\floating-actions.png","C:\Users\BGF\OneDrive\Documents\rkreno\.audit-cache\prompt-1-2\differences\desktop\our-team\floating-actions.png","1440","1000","1440","1000","true","362280","1440000","25.15833333333333","38.20549074074074","24","0.5","true"
"/our-team/","tablet","header-initial","C:\Users\BGF\OneDrive\Documents\rkreno\.audit-cache\prompt-1-2\source\tablet\our-team\header-initial.png","C:\Users\BGF\OneDrive\Documents\rkreno\.audit-cache\prompt-1-2\staging\tablet\our-team\header-initial.png","C:\Users\BGF\OneDrive\Documents\rkreno\.audit-cache\prompt-1-2\differences\tablet\our-team\header-initial.png","768","90","768","90","true","168","69120","0.24305555555555555","0.055357831790123456","24","0.5","true"
"/our-team/","tablet","header-sticky","C:\Users\BGF\OneDrive\Documents\rkreno\.audit-cache\prompt-1-2\source\tablet\our-team\header-sticky.png","C:\Users\BGF\OneDrive\Documents\rkreno\.audit-cache\prompt-1-2\staging\tablet\our-team\header-sticky.png","C:\Users\BGF\OneDrive\Documents\rkreno\.audit-cache\prompt-1-2\differences\tablet\our-team\header-sticky.png","768","90","768","90","true","168","69120","0.24305555555555555","0.05539641203703704","24","0.5","true"
"/our-team/","tablet","menu-open","C:\Users\BGF\OneDrive\Documents\rkreno\.audit-cache\prompt-1-2\source\tablet\our-team\menu-open.png","C:\Users\BGF\OneDrive\Documents\rkreno\.audit-cache\prompt-1-2\staging\tablet\our-team\menu-open.png","C:\Users\BGF\OneDrive\Documents\rkreno\.audit-cache\prompt-1-2\differences\tablet\our-team\menu-open.png","768","1024","768","1024","true","135017","786432","17.168299357096352","10.683243221706814","24","0.5","true"
"/our-team/","tablet","submenu-open","C:\Users\BGF\OneDrive\Documents\rkreno\.audit-cache\prompt-1-2\source\tablet\our-team\submenu-open.png","C:\Users\BGF\OneDrive\Documents\rkreno\.audit-cache\prompt-1-2\staging\tablet\our-team\submenu-open.png","C:\Users\BGF\OneDrive\Documents\rkreno\.audit-cache\prompt-1-2\differences\tablet\our-team\submenu-open.png","768","1024","768","1024","true","154645","786432","19.664128621419273","13.685468461778429","24","0.5","true"
"/our-team/","tablet","footer","C:\Users\BGF\OneDrive\Documents\rkreno\.audit-cache\prompt-1-2\source\tablet\our-team\footer.png","C:\Users\BGF\OneDrive\Documents\rkreno\.audit-cache\prompt-1-2\staging\tablet\our-team\footer.png","C:\Users\BGF\OneDrive\Documents\rkreno\.audit-cache\prompt-1-2\differences\tablet\our-team\footer.png","768","759","768","1117","false","405868","857856","47.31190316323485","102.12701354695116","24","0.5","true"
"/our-team/","tablet","floating-actions","C:\Users\BGF\OneDrive\Documents\rkreno\.audit-cache\prompt-1-2\source\tablet\our-team\floating-actions.png","C:\Users\BGF\OneDrive\Documents\rkreno\.audit-cache\prompt-1-2\staging\tablet\our-team\floating-actions.png","C:\Users\BGF\OneDrive\Documents\rkreno\.audit-cache\prompt-1-2\differences\tablet\our-team\floating-actions.png","768","1024","768","1024","true","348054","786432","44.257354736328125","89.21271218193903","24","0.5","true"
"/our-team/","mobile","header-initial","C:\Users\BGF\OneDrive\Documents\rkreno\.audit-cache\prompt-1-2\source\mobile\our-team\header-initial.png","C:\Users\BGF\OneDrive\Documents\rkreno\.audit-cache\prompt-1-2\staging\mobile\our-team\header-initial.png","C:\Users\BGF\OneDrive\Documents\rkreno\.audit-cache\prompt-1-2\differences\mobile\our-team\header-initial.png","390","90","390","90","true","168","35100","0.47863247863247865","0.10901234567901234","24","0.5","true"
"/our-team/","mobile","header-sticky","C:\Users\BGF\OneDrive\Documents\rkreno\.audit-cache\prompt-1-2\source\mobile\our-team\header-sticky.png","C:\Users\BGF\OneDrive\Documents\rkreno\.audit-cache\prompt-1-2\staging\mobile\our-team\header-sticky.png","C:\Users\BGF\OneDrive\Documents\rkreno\.audit-cache\prompt-1-2\differences\mobile\our-team\header-sticky.png","390","90","390","90","true","168","35100","0.47863247863247865","0.10908831908831909","24","0.5","true"
"/our-team/","mobile","menu-open","C:\Users\BGF\OneDrive\Documents\rkreno\.audit-cache\prompt-1-2\source\mobile\our-team\menu-open.png","C:\Users\BGF\OneDrive\Documents\rkreno\.audit-cache\prompt-1-2\staging\mobile\our-team\menu-open.png","C:\Users\BGF\OneDrive\Documents\rkreno\.audit-cache\prompt-1-2\differences\mobile\our-team\menu-open.png","390","844","390","844","true","4354","329160","1.3227609673107303","1.7186120225219752","24","0.5","true"
"/our-team/","mobile","submenu-open","C:\Users\BGF\OneDrive\Documents\rkreno\.audit-cache\prompt-1-2\source\mobile\our-team\submenu-open.png","C:\Users\BGF\OneDrive\Documents\rkreno\.audit-cache\prompt-1-2\staging\mobile\our-team\submenu-open.png","C:\Users\BGF\OneDrive\Documents\rkreno\.audit-cache\prompt-1-2\differences\mobile\our-team\submenu-open.png","390","844","390","844","true","19935","329160","6.056325191396281","7.143083404220845","24","0.5","true"
"/our-team/","mobile","footer","C:\Users\BGF\OneDrive\Documents\rkreno\.audit-cache\prompt-1-2\source\mobile\our-team\footer.png","C:\Users\BGF\OneDrive\Documents\rkreno\.audit-cache\prompt-1-2\staging\mobile\our-team\footer.png","C:\Users\BGF\OneDrive\Documents\rkreno\.audit-cache\prompt-1-2\differences\mobile\our-team\footer.png","390","1397","390","1426","false","169500","556140","30.47793721005502","54.635546205391925","24","0.5","true"
"/our-team/","mobile","floating-actions","C:\Users\BGF\OneDrive\Documents\rkreno\.audit-cache\prompt-1-2\source\mobile\our-team\floating-actions.png","C:\Users\BGF\OneDrive\Documents\rkreno\.audit-cache\prompt-1-2\staging\mobile\our-team\floating-actions.png","C:\Users\BGF\OneDrive\Documents\rkreno\.audit-cache\prompt-1-2\differences\mobile\our-team\floating-actions.png","390","844","390","844","true","62541","329160","19.000182282172805","32.29160185522745","24","0.5","true"
"/testimonials/","desktop","header-initial","C:\Users\BGF\OneDrive\Documents\rkreno\.audit-cache\prompt-1-2\source\desktop\testimonials\header-initial.png","C:\Users\BGF\OneDrive\Documents\rkreno\.audit-cache\prompt-1-2\staging\desktop\testimonials\header-initial.png","C:\Users\BGF\OneDrive\Documents\rkreno\.audit-cache\prompt-1-2\differences\desktop\testimonials\header-initial.png","1440","171","1440","171","true","129826","246240","52.72335932423652","107.85634205111545","24","0.5","true"
"/testimonials/","desktop","header-sticky","C:\Users\BGF\OneDrive\Documents\rkreno\.audit-cache\prompt-1-2\source\desktop\testimonials\header-sticky.png","C:\Users\BGF\OneDrive\Documents\rkreno\.audit-cache\prompt-1-2\staging\desktop\testimonials\header-sticky.png","C:\Users\BGF\OneDrive\Documents\rkreno\.audit-cache\prompt-1-2\differences\desktop\testimonials\header-sticky.png","1440","100","1440","100","true","28790","144000","19.993055555555557","24.687453703703703","24","0.5","true"
"/testimonials/","desktop","dropdown-open","C:\Users\BGF\OneDrive\Documents\rkreno\.audit-cache\prompt-1-2\source\desktop\testimonials\dropdown-open.png","C:\Users\BGF\OneDrive\Documents\rkreno\.audit-cache\prompt-1-2\staging\desktop\testimonials\dropdown-open.png","C:\Users\BGF\OneDrive\Documents\rkreno\.audit-cache\prompt-1-2\differences\desktop\testimonials\dropdown-open.png","339","459","340","458","false","18701","156060","11.98321158528771","15.45802682728865","24","0.5","true"
"/testimonials/","desktop","footer","C:\Users\BGF\OneDrive\Documents\rkreno\.audit-cache\prompt-1-2\source\desktop\testimonials\footer.png","C:\Users\BGF\OneDrive\Documents\rkreno\.audit-cache\prompt-1-2\staging\desktop\testimonials\footer.png","C:\Users\BGF\OneDrive\Documents\rkreno\.audit-cache\prompt-1-2\differences\desktop\testimonials\footer.png","1440","774","1440","733","false","267003","1114560","23.955910852713178","37.99237666283855","24","0.5","true"
"/testimonials/","desktop","floating-actions","C:\Users\BGF\OneDrive\Documents\rkreno\.audit-cache\prompt-1-2\source\desktop\testimonials\floating-actions.png","C:\Users\BGF\OneDrive\Documents\rkreno\.audit-cache\prompt-1-2\staging\desktop\testimonials\floating-actions.png","C:\Users\BGF\OneDrive\Documents\rkreno\.audit-cache\prompt-1-2\differences\desktop\testimonials\floating-actions.png","1440","1000","1440","1000","true","393767","1440000","27.344930555555557","41.308883101851855","24","0.5","true"
"/testimonials/","tablet","header-initial","C:\Users\BGF\OneDrive\Documents\rkreno\.audit-cache\prompt-1-2\source\tablet\testimonials\header-initial.png","C:\Users\BGF\OneDrive\Documents\rkreno\.audit-cache\prompt-1-2\staging\tablet\testimonials\header-initial.png","C:\Users\BGF\OneDrive\Documents\rkreno\.audit-cache\prompt-1-2\differences\tablet\testimonials\header-initial.png","768","90","768","90","true","168","69120","0.24305555555555555","0.055357831790123456","24","0.5","true"
"/testimonials/","tablet","header-sticky","C:\Users\BGF\OneDrive\Documents\rkreno\.audit-cache\prompt-1-2\source\tablet\testimonials\header-sticky.png","C:\Users\BGF\OneDrive\Documents\rkreno\.audit-cache\prompt-1-2\staging\tablet\testimonials\header-sticky.png","C:\Users\BGF\OneDrive\Documents\rkreno\.audit-cache\prompt-1-2\differences\tablet\testimonials\header-sticky.png","768","90","768","90","true","168","69120","0.24305555555555555","0.05539641203703704","24","0.5","true"
"/testimonials/","tablet","menu-open","C:\Users\BGF\OneDrive\Documents\rkreno\.audit-cache\prompt-1-2\source\tablet\testimonials\menu-open.png","C:\Users\BGF\OneDrive\Documents\rkreno\.audit-cache\prompt-1-2\staging\tablet\testimonials\menu-open.png","C:\Users\BGF\OneDrive\Documents\rkreno\.audit-cache\prompt-1-2\differences\tablet\testimonials\menu-open.png","768","1024","768","1024","true","114490","786432","14.558156331380209","9.248452080620659","24","0.5","true"
"/testimonials/","tablet","submenu-open","C:\Users\BGF\OneDrive\Documents\rkreno\.audit-cache\prompt-1-2\source\tablet\testimonials\submenu-open.png","C:\Users\BGF\OneDrive\Documents\rkreno\.audit-cache\prompt-1-2\staging\tablet\testimonials\submenu-open.png","C:\Users\BGF\OneDrive\Documents\rkreno\.audit-cache\prompt-1-2\differences\tablet\testimonials\submenu-open.png","768","1024","768","1024","true","134118","786432","17.053985595703125","12.250677320692274","24","0.5","true"
"/testimonials/","tablet","footer","C:\Users\BGF\OneDrive\Documents\rkreno\.audit-cache\prompt-1-2\source\tablet\testimonials\footer.png","C:\Users\BGF\OneDrive\Documents\rkreno\.audit-cache\prompt-1-2\staging\tablet\testimonials\footer.png","C:\Users\BGF\OneDrive\Documents\rkreno\.audit-cache\prompt-1-2\differences\tablet\testimonials\footer.png","768","759","768","1117","false","407264","857856","47.47463443748135","102.5724348453198","24","0.5","true"
"/testimonials/","tablet","floating-actions","C:\Users\BGF\OneDrive\Documents\rkreno\.audit-cache\prompt-1-2\source\tablet\testimonials\floating-actions.png","C:\Users\BGF\OneDrive\Documents\rkreno\.audit-cache\prompt-1-2\staging\tablet\testimonials\floating-actions.png","C:\Users\BGF\OneDrive\Documents\rkreno\.audit-cache\prompt-1-2\differences\tablet\testimonials\floating-actions.png","768","1024","768","1024","true","350103","786432","44.51789855957031","89.07204733954535","24","0.5","true"
"/testimonials/","mobile","header-initial","C:\Users\BGF\OneDrive\Documents\rkreno\.audit-cache\prompt-1-2\source\mobile\testimonials\header-initial.png","C:\Users\BGF\OneDrive\Documents\rkreno\.audit-cache\prompt-1-2\staging\mobile\testimonials\header-initial.png","C:\Users\BGF\OneDrive\Documents\rkreno\.audit-cache\prompt-1-2\differences\mobile\testimonials\header-initial.png","390","90","390","90","true","168","35100","0.47863247863247865","0.10901234567901234","24","0.5","true"
"/testimonials/","mobile","header-sticky","C:\Users\BGF\OneDrive\Documents\rkreno\.audit-cache\prompt-1-2\source\mobile\testimonials\header-sticky.png","C:\Users\BGF\OneDrive\Documents\rkreno\.audit-cache\prompt-1-2\staging\mobile\testimonials\header-sticky.png","C:\Users\BGF\OneDrive\Documents\rkreno\.audit-cache\prompt-1-2\differences\mobile\testimonials\header-sticky.png","390","90","390","90","true","168","35100","0.47863247863247865","0.10908831908831909","24","0.5","true"
"/testimonials/","mobile","menu-open","C:\Users\BGF\OneDrive\Documents\rkreno\.audit-cache\prompt-1-2\source\mobile\testimonials\menu-open.png","C:\Users\BGF\OneDrive\Documents\rkreno\.audit-cache\prompt-1-2\staging\mobile\testimonials\menu-open.png","C:\Users\BGF\OneDrive\Documents\rkreno\.audit-cache\prompt-1-2\differences\mobile\testimonials\menu-open.png","390","844","390","844","true","4354","329160","1.3227609673107303","1.7186120225219752","24","0.5","true"
"/testimonials/","mobile","submenu-open","C:\Users\BGF\OneDrive\Documents\rkreno\.audit-cache\prompt-1-2\source\mobile\testimonials\submenu-open.png","C:\Users\BGF\OneDrive\Documents\rkreno\.audit-cache\prompt-1-2\staging\mobile\testimonials\submenu-open.png","C:\Users\BGF\OneDrive\Documents\rkreno\.audit-cache\prompt-1-2\differences\mobile\testimonials\submenu-open.png","390","844","390","844","true","19935","329160","6.056325191396281","7.143083404220845","24","0.5","true"
"/testimonials/","mobile","footer","C:\Users\BGF\OneDrive\Documents\rkreno\.audit-cache\prompt-1-2\source\mobile\testimonials\footer.png","C:\Users\BGF\OneDrive\Documents\rkreno\.audit-cache\prompt-1-2\staging\mobile\testimonials\footer.png","C:\Users\BGF\OneDrive\Documents\rkreno\.audit-cache\prompt-1-2\differences\mobile\testimonials\footer.png","390","1397","390","1426","false","168314","556140","30.264681555004135","54.15492142266336","24","0.5","true"
"/testimonials/","mobile","floating-actions","C:\Users\BGF\OneDrive\Documents\rkreno\.audit-cache\prompt-1-2\source\mobile\testimonials\floating-actions.png","C:\Users\BGF\OneDrive\Documents\rkreno\.audit-cache\prompt-1-2\staging\mobile\testimonials\floating-actions.png","C:\Users\BGF\OneDrive\Documents\rkreno\.audit-cache\prompt-1-2\differences\mobile\testimonials\floating-actions.png","390","844","390","844","true","62689","329160","19.045145218130997","32.443594806983434","24","0.5","true"
