"Current route","Full production URL","Route source","Page title","WordPress content type","Current production status","Current Astro status","Current completion status","Current layout","Proposed action","Proposed destination URL","Recommended index status","Reason","Existing internal-link count","Existing canonical","Sitemap presence","SEO title present","Meta description present","Unique content level","Exact duplicate target","Near-duplicate target","Real business value","Possible search value","Possible backlink risk","Image dependency status","Hotlinked image count","Missing image count","Demo/template indicators","Foreign company/location indicators","Unverified business claim indicators","Portfolio authenticity status","Owner information required","Final decision status"
"/","https://rkrenosolution.com/","generated-route","Home - RK Reno Solution","homepage","200","200","NEEDS REDESIGN","BaseLayout + restored WordPress theme layout","KEEP_AND_REDESIGN","","index,follow","Route has clear RK Reno business or search intent and should retain its approved content.","62","https://rkrenosolution.com/","YES — page-sitemap","YES","YES","HIGH","","","HIGH","MEDIUM","UNKNOWN — no Search Console or backlink export available","LOCALIZED/AVAILABLE — visual suitability unreviewed","0","0","NONE FOUND","NONE FOUND","Customer count","NOT_APPLICABLE","Evidence for business claims","PROPOSED_NOT_IMPLEMENTED"
"/6-ways-to-get-the-most-out-of-your-project-search-software","https://rkrenosolution.com/6-ways-to-get-the-most-out-of-your-project-search-software","production-404","Page not found – RK Reno Solution","page","404","404 (not generated)","NOT REVIEWED","not generated","EXISTING_404_LEAVE_GONE","","remain 404","Unrelated legacy software article has no intent-matched RK Reno replacement.","1","https://rkrenosolution.com/6-ways-to-get-the-most-out-of-your-project-search-software","NO","YES","NO","LOW","","","LOW","LOW","UNKNOWN — no Search Console or backlink export available","LOCALIZED/AVAILABLE — visual suitability unreviewed","0","0","NONE FOUND","NONE FOUND","NONE FOUND","NOT_APPLICABLE","None for disposition; owner approval still required","PROPOSED_NOT_IMPLEMENTED"
"/about-us/","https://rkrenosolution.com/about-us/","generated-route","About us - RK Reno Solution","page","200","200","NEEDS REDESIGN","BaseLayout + generic legacy-content renderer","KEEP_AND_REDESIGN","","index,follow","Route has clear RK Reno business or search intent and should retain its approved content.","51","https://rkrenosolution.com/about-us/","YES — page-sitemap","YES","YES","HIGH","","","HIGH","MEDIUM","UNKNOWN — no Search Console or backlink export available","LOCALIZED/AVAILABLE — visual suitability unreviewed","0","0","NONE FOUND","New York","Experience claim","NOT_APPLICABLE","Evidence for business claims","PROPOSED_NOT_IMPLEMENTED"
"/about/","https://rkrenosolution.com/about/","existing-redirect-map","Legacy About alias","redirect-alias","301 → https://rkrenosolution.com/about-us/","404","NOT REVIEWED","not generated","MERGE_AND_301_REDIRECT","/about-us/","301 redirect","Legacy alias has a direct equivalent canonical About page.","7","","NO","YES","NO","LOW","","","LOW","LOW","UNKNOWN — no Search Console or backlink export available","NO IMAGE DEPENDENCY FOUND","0","0","NONE FOUND","NONE FOUND","NONE FOUND","NOT_APPLICABLE","None for disposition; owner approval still required","PROPOSED_NOT_IMPLEMENTED"
"/aircond-installation-kl-the-ultimate-2026-guide-rk-reno-solution/","https://rkrenosolution.com/aircond-installation-kl-the-ultimate-2026-guide-rk-reno-solution/","generated-route","Aircond Installation KL The Ultimate 2026 Guide – RK Reno Solution - RK Reno Solution","post","200","200","NEEDS REDESIGN","BaseLayout + generic legacy-content renderer","KEEP_AND_REDESIGN","","index,follow","Route has clear RK Reno business or search intent and should retain its approved content.","15","https://rkrenosolution.com/aircond-installation-kl-the-ultimate-2026-guide-rk-reno-solution/","YES — post-sitemap","YES","YES","HIGH","","","HIGH","HIGH","UNKNOWN — no Search Console or backlink export available","LOCALIZED/AVAILABLE — visual suitability unreviewed","0","0","NONE FOUND","NONE FOUND","Guarantee or warranty","NOT_APPLICABLE","Evidence for business claims","PROPOSED_NOT_IMPLEMENTED"
"/aircond-installation-kl/","https://rkrenosolution.com/aircond-installation-kl/","generated-route","Aircond Installation KL | Upah Pasang Aircond RM220","page","200","200","TECHNICALLY COMPLETE","BaseLayout + page-specific custom layout","KEEP_CONTENT_PAGE","","index,follow","Genuine priority content is retained; owner approval and shared-system review remain.","5","https://rkrenosolution.com/aircond-installation-kl/","YES — page-sitemap","YES","YES","HIGH","","","HIGH","HIGH","UNKNOWN — no Search Console or backlink export available","LOCALIZED/AVAILABLE — visual suitability unreviewed","0","0","NONE FOUND","NONE FOUND","NONE FOUND","NOT_APPLICABLE","None for disposition; owner approval still required","PROPOSED_NOT_IMPLEMENTED"
"/blog-full-width/","https://rkrenosolution.com/blog-full-width/","generated-route","Blog Full Width - RK Reno Solution","page","200","200","NEEDS REDESIGN","BaseLayout + generic legacy-content renderer","REMOVE_AND_410","","gone (410)","Imported theme demonstration route; do not redesign or redirect it to the homepage.","4","https://rkrenosolution.com/blog-full-width/","YES — page-sitemap","YES","YES","MEDIUM","","","LOW","LOW","UNKNOWN — no Search Console or backlink export available","LOCALIZED/AVAILABLE — visual suitability unreviewed","0","0","Demo route name","NONE FOUND","NONE FOUND","NOT_APPLICABLE","None for disposition; owner approval still required","PROPOSED_NOT_IMPLEMENTED"
"/blog-grid/","https://rkrenosolution.com/blog-grid/","generated-route","Blog Grid - RK Reno Solution","page","200","200","NEEDS REDESIGN","BaseLayout + generic legacy-content renderer","REMOVE_AND_410","","gone (410)","Imported theme demonstration route; do not redesign or redirect it to the homepage.","4","https://rkrenosolution.com/blog-grid/","YES — page-sitemap","YES","YES","MEDIUM","","","LOW","LOW","UNKNOWN — no Search Console or backlink export available","LOCALIZED/AVAILABLE — visual suitability unreviewed","0","0","Demo route name","NONE FOUND","NONE FOUND","NOT_APPLICABLE","None for disposition; owner approval still required","PROPOSED_NOT_IMPLEMENTED"
"/blog/","https://rkrenosolution.com/blog/","generated-route","Blog - RK Reno Solution","post","200","200","NEEDS REDESIGN","BaseLayout + generic legacy-content renderer","KEEP_AND_REDESIGN","","index,follow","Route has clear RK Reno business or search intent and should retain its approved content.","18","https://rkrenosolution.com/blog/","YES — post-sitemap","YES","NO","MEDIUM","","","HIGH","MEDIUM","UNKNOWN — no Search Console or backlink export available","LOCALIZED/AVAILABLE — visual suitability unreviewed","0","0","NONE FOUND","NONE FOUND","NONE FOUND","NOT_APPLICABLE","None for disposition; owner approval still required","PROPOSED_NOT_IMPLEMENTED"
"/blog/page/2/","https://rkrenosolution.com/blog/page/2/","generated-route","Blog - RK Reno Solution - Page 2","page","200","200","NEEDS REDESIGN","BaseLayout + generic legacy-content renderer","MERGE_AND_301_REDIRECT","/blog/","301 redirect","Pagination should consolidate into the redesigned blog/archive experience.","4","https://rkrenosolution.com/blog/page/2/","NO","YES","NO","MEDIUM","","","LOW","LOW","UNKNOWN — no Search Console or backlink export available","LOCALIZED/AVAILABLE — visual suitability unreviewed","0","0","NONE FOUND","NONE FOUND","NONE FOUND","NOT_APPLICABLE","None for disposition; owner approval still required","PROPOSED_NOT_IMPLEMENTED"
"/blog/page/3/","https://rkrenosolution.com/blog/page/3/","generated-route","Blog - RK Reno Solution - Page 3","page","200","200","NEEDS REDESIGN","BaseLayout + generic legacy-content renderer","MERGE_AND_301_REDIRECT","/blog/","301 redirect","Pagination should consolidate into the redesigned blog/archive experience.","4","https://rkrenosolution.com/blog/page/3/","NO","YES","NO","MEDIUM","","","LOW","LOW","UNKNOWN — no Search Console or backlink export available","LOCALIZED/AVAILABLE — visual suitability unreviewed","0","0","NONE FOUND","NONE FOUND","NONE FOUND","NOT_APPLICABLE","None for disposition; owner approval still required","PROPOSED_NOT_IMPLEMENTED"
"/blog/page/4/","https://rkrenosolution.com/blog/page/4/","generated-route","Blog - RK Reno Solution - Page 4","page","200","200","NEEDS REDESIGN","BaseLayout + generic legacy-content renderer","MERGE_AND_301_REDIRECT","/blog/","301 redirect","Pagination should consolidate into the redesigned blog/archive experience.","4","https://rkrenosolution.com/blog/page/4/","NO","YES","NO","MEDIUM","","","LOW","LOW","UNKNOWN — no Search Console or backlink export available","LOCALIZED/AVAILABLE — visual suitability unreviewed","0","0","NONE FOUND","NONE FOUND","NONE FOUND","NOT_APPLICABLE","None for disposition; owner approval still required","PROPOSED_NOT_IMPLEMENTED"
"/career/","https://rkrenosolution.com/career/","generated-route","Career - RK Reno Solution","page","200","200","NEEDS REDESIGN","BaseLayout + generic legacy-content renderer","REMOVE_AND_410","","gone (410)","Imported or obsolete utility content has no verified business purpose.","11","https://rkrenosolution.com/career/","YES — page-sitemap","YES","YES","HIGH","","","LOW","LOW","UNKNOWN — no Search Console or backlink export available","NO IMAGE DEPENDENCY FOUND","0","0","Vastcon; PCL/EllisDon demo","Sydney; Melbourne; Australia/NSW","NONE FOUND","NOT_APPLICABLE","None for disposition; owner approval still required","PROPOSED_NOT_IMPLEMENTED"
"/cart/","https://rkrenosolution.com/cart/","WordPress-export","Cart","page","200","404","NOT REVIEWED","not generated","REMOVE_AND_410","","gone (410)","Published WooCommerce utility exists in the export but has no supported RK Reno sales function.","0","","NO","YES","NO","LOW","","","LOW","LOW","UNKNOWN — no Search Console or backlink export available","NO IMAGE DEPENDENCY FOUND","0","0","NONE FOUND","NONE FOUND","NONE FOUND","NOT_APPLICABLE","None for disposition; owner approval still required","PROPOSED_NOT_IMPLEMENTED"
"/category/commercial/","https://rkrenosolution.com/category/commercial/","generated-route","Commercial - RK Reno Solution","taxonomy","200","200","NEEDS REDESIGN","BaseLayout + generic legacy-content renderer","KEEP_NOINDEX_TEMPORARILY","","noindex,follow","Thin archive may aid navigation but needs article-count and taxonomy strategy review. Linked unique article count: 2; unique introduction not established.","16","https://rkrenosolution.com/category/commercial/","YES — category-sitemap","YES","NO","MEDIUM","","","MEDIUM","LOW","UNKNOWN — no Search Console or backlink export available","LOCALIZED/AVAILABLE — visual suitability unreviewed","0","0","NONE FOUND","NONE FOUND","NONE FOUND","NOT_APPLICABLE","Category/tag retention strategy","PROPOSED_NOT_IMPLEMENTED"
"/category/hvac-guides/","https://rkrenosolution.com/category/hvac-guides/","generated-route","HVAC Guides - RK Reno Solution","taxonomy","200","200","NEEDS REDESIGN","BaseLayout + generic legacy-content renderer","KEEP_NOINDEX_TEMPORARILY","","noindex,follow","Thin archive may aid navigation but needs article-count and taxonomy strategy review. Linked unique article count: 3; unique introduction not established.","17","https://rkrenosolution.com/category/hvac-guides/","YES — category-sitemap","YES","NO","MEDIUM","","","MEDIUM","LOW","UNKNOWN — no Search Console or backlink export available","LOCALIZED/AVAILABLE — visual suitability unreviewed","0","0","NONE FOUND","NONE FOUND","NONE FOUND","NOT_APPLICABLE","Category/tag retention strategy","PROPOSED_NOT_IMPLEMENTED"
"/category/interior-design/","https://rkrenosolution.com/category/interior-design/","generated-route","Interior Design - RK Reno Solution","taxonomy","200","200","NEEDS CONTENT","BaseLayout + generic legacy-content renderer","KEEP_NOINDEX_TEMPORARILY","","noindex,follow","Thin archive may aid navigation but needs article-count and taxonomy strategy review. Linked unique article count: 1; unique introduction not established.","5","https://rkrenosolution.com/category/interior-design/","YES — category-sitemap","YES","NO","EXACT_DUPLICATE","/category/interior-design/","","MEDIUM","LOW","UNKNOWN — no Search Console or backlink export available","LOCALIZED/AVAILABLE — visual suitability unreviewed","0","0","NONE FOUND","NONE FOUND","NONE FOUND","NOT_APPLICABLE","Category/tag retention strategy","PROPOSED_NOT_IMPLEMENTED"
"/category/maintenance/","https://rkrenosolution.com/category/maintenance/","generated-route","Maintenance - RK Reno Solution","taxonomy","200","200","NEEDS REDESIGN","BaseLayout + generic legacy-content renderer","KEEP_NOINDEX_TEMPORARILY","","noindex,follow","Thin archive may aid navigation but needs article-count and taxonomy strategy review. Linked unique article count: 4; unique introduction not established.","44","https://rkrenosolution.com/category/maintenance/","YES — category-sitemap","YES","NO","MEDIUM","","","MEDIUM","LOW","UNKNOWN — no Search Console or backlink export available","LOCALIZED/AVAILABLE — visual suitability unreviewed","0","0","NONE FOUND","NONE FOUND","NONE FOUND","NOT_APPLICABLE","Category/tag retention strategy","PROPOSED_NOT_IMPLEMENTED"
"/category/renovation/","https://rkrenosolution.com/category/renovation/","generated-route","Renovation - RK Reno Solution","taxonomy","200","200","NEEDS REDESIGN","BaseLayout + generic legacy-content renderer","KEEP_NOINDEX_TEMPORARILY","","noindex,follow","Thin archive may aid navigation but needs article-count and taxonomy strategy review. Linked unique article count: 3; unique introduction not established.","19","https://rkrenosolution.com/category/renovation/","YES — category-sitemap","YES","NO","MEDIUM","","","MEDIUM","LOW","UNKNOWN — no Search Console or backlink export available","LOCALIZED/AVAILABLE — visual suitability unreviewed","0","0","NONE FOUND","NONE FOUND","NONE FOUND","NOT_APPLICABLE","Category/tag retention strategy","PROPOSED_NOT_IMPLEMENTED"
"/category/servis-pembersihan/","https://rkrenosolution.com/category/servis-pembersihan/","generated-route","Servis Pembersihan - RK Reno Solution","taxonomy","200","200","NEEDS CONTENT","BaseLayout + generic legacy-content renderer","KEEP_NOINDEX_TEMPORARILY","","noindex,follow","Thin archive may aid navigation but needs article-count and taxonomy strategy review. Linked unique article count: 1; unique introduction not established.","15","https://rkrenosolution.com/category/servis-pembersihan/","YES — category-sitemap","YES","NO","EXACT_DUPLICATE","/category/servis-pembersihan/","","MEDIUM","LOW","UNKNOWN — no Search Console or backlink export available","LOCALIZED/AVAILABLE — visual suitability unreviewed","0","0","NONE FOUND","NONE FOUND","NONE FOUND","NOT_APPLICABLE","Category/tag retention strategy","PROPOSED_NOT_IMPLEMENTED"
"/category/technical-guides/","https://rkrenosolution.com/category/technical-guides/","generated-route","Technical Guides - RK Reno Solution","taxonomy","200","200","NEEDS CONTENT","BaseLayout + generic legacy-content renderer","KEEP_NOINDEX_TEMPORARILY","","noindex,follow","Thin archive may aid navigation but needs article-count and taxonomy strategy review. Linked unique article count: 1; unique introduction not established.","4","https://rkrenosolution.com/category/technical-guides/","YES — category-sitemap","YES","NO","EXACT_DUPLICATE","/category/technical-guides/","","MEDIUM","LOW","UNKNOWN — no Search Console or backlink export available","LOCALIZED/AVAILABLE — visual suitability unreviewed","0","0","NONE FOUND","NONE FOUND","NONE FOUND","NOT_APPLICABLE","Category/tag retention strategy","PROPOSED_NOT_IMPLEMENTED"
"/checkout/","https://rkrenosolution.com/checkout/","WordPress-export","Checkout","page","302 → https://rkrenosolution.com/cart/","404","NOT REVIEWED","not generated","REMOVE_AND_410","","gone (410)","Published WooCommerce utility exists in the export but has no supported RK Reno sales function.","0","","NO","YES","NO","LOW","","","LOW","LOW","UNKNOWN — no Search Console or backlink export available","NO IMAGE DEPENDENCY FOUND","0","0","NONE FOUND","NONE FOUND","NONE FOUND","NOT_APPLICABLE","None for disposition; owner approval still required","PROPOSED_NOT_IMPLEMENTED"
"/commercial-retail-shop-renovation-in-kuala-lumpur/","https://rkrenosolution.com/commercial-retail-shop-renovation-in-kuala-lumpur/","generated-route","Commercial Retail Shop Renovation in Kuala Lumpur - RK Reno Solution","post","200","200","NEEDS IMAGES","BaseLayout + generic legacy-content renderer","KEEP_AND_REDESIGN","","index,follow","Route has clear RK Reno business or search intent and should retain its approved content.","74","https://rkrenosolution.com/commercial-retail-shop-renovation-in-kuala-lumpur/","YES — post-sitemap","YES","YES","HIGH","","","HIGH","HIGH","UNKNOWN — no Search Console or backlink export available","BLOCKED — 1 hotlinked, 0 missing","1","0","NONE FOUND","NONE FOUND","Guarantee or warranty","NOT_APPLICABLE","Evidence for business claims; Verified original images/project photos","PROPOSED_NOT_IMPLEMENTED"
"/company-history/","https://rkrenosolution.com/company-history/","generated-route","Company History - RK Reno Solution","page","200","200","NEEDS REDESIGN","BaseLayout + generic legacy-content renderer","OWNER_DECISION_REQUIRED","","noindex,follow","Identity, history, testimonials, or project claims require owner-supplied authentic content.","0","https://rkrenosolution.com/company-history/","YES — page-sitemap","YES","YES","HIGH","","","UNKNOWN","UNKNOWN","UNKNOWN — no Search Console or backlink export available","LOCALIZED/AVAILABLE — visual suitability unreviewed","0","0","Vastcon; Vinceta","New York","Named demo project; Company-history claim","NOT_APPLICABLE","Evidence for business claims; Owner decision and authentic replacement content","OWNER_CONFIRMATION_REQUIRED"
"/contact-us/","https://rkrenosolution.com/contact-us/","generated-route","Contact Us - RK Reno Solution","page","200","200","NEEDS REDESIGN","BaseLayout + generic legacy-content renderer","KEEP_AND_REDESIGN","","index,follow","Route has clear RK Reno business or search intent and should retain its approved content.","61","https://rkrenosolution.com/contact-us/","YES — page-sitemap","YES","YES","MEDIUM","","","HIGH","MEDIUM","UNKNOWN — no Search Console or backlink export available","LOCALIZED/AVAILABLE — visual suitability unreviewed","0","0","NONE FOUND","NONE FOUND","NONE FOUND","NOT_APPLICABLE","None for disposition; owner approval still required","PROPOSED_NOT_IMPLEMENTED"
"/electrical-services-selangor-the-complete-safety-pricing-guide-2026-edition/","https://rkrenosolution.com/electrical-services-selangor-the-complete-safety-pricing-guide-2026-edition/","generated-route","Electrical Services Selangor: The Complete Safety & Pricing Guide (2026 Edition) - RK Reno Solution","post","200","200","NEEDS REDESIGN","BaseLayout + generic legacy-content renderer","KEEP_AND_REDESIGN","","index,follow","Route has clear RK Reno business or search intent and should retain its approved content.","18","https://rkrenosolution.com/electrical-services-selangor-the-complete-safety-pricing-guide-2026-edition/","YES — post-sitemap","YES","YES","HIGH","","","HIGH","HIGH","UNKNOWN — no Search Console or backlink export available","LOCALIZED/AVAILABLE — visual suitability unreviewed","0","0","NONE FOUND","NONE FOUND","Certification claim; Guarantee or warranty","NOT_APPLICABLE","Evidence for business claims","PROPOSED_NOT_IMPLEMENTED"
"/electrical-services-selangor/","https://rkrenosolution.com/electrical-services-selangor/","generated-route","Electrical Services Selangor - RK Reno Solution","page","200","200","TECHNICALLY COMPLETE","BaseLayout + page-specific custom layout","KEEP_CONTENT_PAGE","","index,follow","Genuine priority content is retained; owner approval and shared-system review remain.","9","https://rkrenosolution.com/electrical-services-selangor/","YES — page-sitemap","YES","YES","HIGH","","","HIGH","HIGH","UNKNOWN — no Search Console or backlink export available","LOCALIZED/AVAILABLE — visual suitability unreviewed","0","0","NONE FOUND","NONE FOUND","Project count; Emergency availability; Safety claim; Rating claim; Guarantee or warranty","NOT_APPLICABLE","Evidence for business claims","PROPOSED_NOT_IMPLEMENTED"
"/faq/","https://rkrenosolution.com/faq/","generated-route","FAQ - RK Reno Solution","page","200","200","NEEDS REDESIGN","BaseLayout + generic legacy-content renderer","KEEP_AND_REDESIGN","","index,follow","Route has clear RK Reno business or search intent and should retain its approved content.","3","https://rkrenosolution.com/faq/","YES — page-sitemap","YES","YES","MEDIUM","","","HIGH","MEDIUM","UNKNOWN — no Search Console or backlink export available","LOCALIZED/AVAILABLE — visual suitability unreviewed","0","0","NONE FOUND","NONE FOUND","Guarantee or warranty","NOT_APPLICABLE","Evidence for business claims","PROPOSED_NOT_IMPLEMENTED"
"/feedback-error/","https://rkrenosolution.com/feedback-error/","generated-route","Feedback Error - RK Reno Solution","page","200","200","NEEDS CONTENT","BaseLayout + generic legacy-content renderer","REMOVE_AND_410","","gone (410)","Imported or obsolete utility content has no verified business purpose.","0","https://rkrenosolution.com/feedback-error/","YES — page-sitemap","YES","YES","LOW","","","LOW","LOW","UNKNOWN — no Search Console or backlink export available","NO IMAGE DEPENDENCY FOUND","0","0","NONE FOUND","NONE FOUND","NONE FOUND","NOT_APPLICABLE","None for disposition; owner approval still required","PROPOSED_NOT_IMPLEMENTED"
"/home-1-one-page/","https://rkrenosolution.com/home-1-one-page/","generated-route","Home 1 One Page - RK Reno Solution","page","200","200","NEEDS REDESIGN","BaseLayout + generic legacy-content renderer","REMOVE_AND_410","","gone (410)","Imported theme demonstration route; do not redesign or redirect it to the homepage.","17","https://rkrenosolution.com/home-1-one-page/","YES — page-sitemap","YES","YES","NEAR_DUPLICATE","","/home-1/","LOW","LOW","UNKNOWN — no Search Console or backlink export available","LOCALIZED/AVAILABLE — visual suitability unreviewed","0","0","Vincent Pham/P.; Ivey School demo; Lorem ipsum; Demo route name","NONE FOUND","Experience claim; Named testimonial/team member; Named demo project","NOT_APPLICABLE","Evidence for business claims","PROPOSED_NOT_IMPLEMENTED"
"/home-1/","https://rkrenosolution.com/home-1/","generated-route","Home 1 - RK Reno Solution","page","200","200","NEEDS REDESIGN","BaseLayout + generic legacy-content renderer","REMOVE_AND_410","","gone (410)","Imported theme demonstration route; do not redesign or redirect it to the homepage.","16","https://rkrenosolution.com/home-1/","YES — page-sitemap","YES","YES","HIGH","","","LOW","LOW","UNKNOWN — no Search Console or backlink export available","LOCALIZED/AVAILABLE — visual suitability unreviewed","0","0","Vastcon; Vincent Pham/P.; Ivey School demo; Lorem ipsum; Demo route name","NONE FOUND","Experience claim; Named testimonial/team member; Named demo project","NOT_APPLICABLE","Evidence for business claims","PROPOSED_NOT_IMPLEMENTED"
"/home-10-one-page/","https://rkrenosolution.com/home-10-one-page/","generated-route","Home 10 One Page - RK Reno Solution","page","200","200","NEEDS REDESIGN","BaseLayout + generic legacy-content renderer","REMOVE_AND_410","","gone (410)","Imported theme demonstration route; do not redesign or redirect it to the homepage.","1","https://rkrenosolution.com/home-10-one-page/","YES — page-sitemap","YES","YES","EXACT_DUPLICATE","none — both proposed 410","","LOW","LOW","UNKNOWN — no Search Console or backlink export available","LOCALIZED/AVAILABLE — visual suitability unreviewed","0","0","Vastcon; Demo route name","NONE FOUND","Customer count","NOT_APPLICABLE","Evidence for business claims","PROPOSED_NOT_IMPLEMENTED"
"/home-10/","https://rkrenosolution.com/home-10/","generated-route","Home 10 - RK Reno Solution","page","200","200","NEEDS REDESIGN","BaseLayout + generic legacy-content renderer","REMOVE_AND_410","","gone (410)","Imported theme demonstration route; do not redesign or redirect it to the homepage.","3","https://rkrenosolution.com/home-10/","YES — page-sitemap","YES","YES","EXACT_DUPLICATE","none — both proposed 410","","LOW","LOW","UNKNOWN — no Search Console or backlink export available","LOCALIZED/AVAILABLE — visual suitability unreviewed","0","0","Vastcon; Demo route name","NONE FOUND","Customer count","NOT_APPLICABLE","Evidence for business claims","PROPOSED_NOT_IMPLEMENTED"
"/home-2-2/","https://rkrenosolution.com/home-2-2/","generated-route","Home 2 - RK Reno Solution","page","200","200","NEEDS REDESIGN","BaseLayout + generic legacy-content renderer","REMOVE_AND_410","","gone (410)","Imported theme demonstration route; do not redesign or redirect it to the homepage.","8","https://rkrenosolution.com/home-2-2/","YES — page-sitemap","YES","YES","HIGH","","","LOW","LOW","UNKNOWN — no Search Console or backlink export available","LOCALIZED/AVAILABLE — visual suitability unreviewed","0","0","Vastcon; Vincent Pham/P.; Ivey School demo; Lorem ipsum; Demo route name","Australia/NSW","Experience claim; Named testimonial/team member; Named demo project","NOT_APPLICABLE","Evidence for business claims","PROPOSED_NOT_IMPLEMENTED"
"/home-2-one-page/","https://rkrenosolution.com/home-2-one-page/","generated-route","Home 2 One Page - RK Reno Solution","page","200","200","NEEDS REDESIGN","BaseLayout + generic legacy-content renderer","REMOVE_AND_410","","gone (410)","Imported theme demonstration route; do not redesign or redirect it to the homepage.","9","https://rkrenosolution.com/home-2-one-page/","YES — page-sitemap","YES","YES","HIGH","","","LOW","LOW","UNKNOWN — no Search Console or backlink export available","LOCALIZED/AVAILABLE — visual suitability unreviewed","0","0","Vastcon; Vinceta; Vincent Pham/P.; Ivey School demo; Lorem ipsum; Demo route name","Australia/NSW","Experience claim; Named testimonial/team member; Named demo project","NOT_APPLICABLE","Evidence for business claims","PROPOSED_NOT_IMPLEMENTED"
"/home-2/","https://rkrenosolution.com/home-2/","existing-redirect-map","Legacy Home 2 demo alias","redirect-alias","301 → https://rkrenosolution.com/wp-content/uploads/2025/01/home.svg","404","NOT REVIEWED","not generated","REMOVE_AND_410","","gone (410)","Theme-demo alias/asset is not a public RK Reno content page.","3","","NO","YES","NO","LOW","","","LOW","LOW","UNKNOWN — no Search Console or backlink export available","NO IMAGE DEPENDENCY FOUND","0","0","Demo route name","NONE FOUND","NONE FOUND","NOT_APPLICABLE","None for disposition; owner approval still required","PROPOSED_NOT_IMPLEMENTED"
"/home-3-one-page/","https://rkrenosolution.com/home-3-one-page/","generated-route","Home 3 One Page - RK Reno Solution","page","200","200","NEEDS REDESIGN","BaseLayout + generic legacy-content renderer","REMOVE_AND_410","","gone (410)","Imported theme demonstration route; do not redesign or redirect it to the homepage.","7","https://rkrenosolution.com/home-3-one-page/","YES — page-sitemap","YES","YES","NEAR_DUPLICATE","","/home-3/","LOW","LOW","UNKNOWN — no Search Console or backlink export available","LOCALIZED/AVAILABLE — visual suitability unreviewed","0","0","Vastcon; Vinceta; Vincent Pham/P.; Ivey School demo; Demo route name","NONE FOUND","Experience claim; Named testimonial/team member; Named demo project","NOT_APPLICABLE","Evidence for business claims","PROPOSED_NOT_IMPLEMENTED"
"/home-3/","https://rkrenosolution.com/home-3/","generated-route","Home 3 - RK Reno Solution","page","200","200","NEEDS REDESIGN","BaseLayout + generic legacy-content renderer","REMOVE_AND_410","","gone (410)","Imported theme demonstration route; do not redesign or redirect it to the homepage.","9","https://rkrenosolution.com/home-3/","YES — page-sitemap","YES","YES","HIGH","","","LOW","LOW","UNKNOWN — no Search Console or backlink export available","LOCALIZED/AVAILABLE — visual suitability unreviewed","0","0","Vastcon; Vinceta; Vincent Pham/P.; Ivey School demo; Demo route name","NONE FOUND","Experience claim; Named testimonial/team member; Named demo project","NOT_APPLICABLE","Evidence for business claims","PROPOSED_NOT_IMPLEMENTED"
"/home-4-one-page/","https://rkrenosolution.com/home-4-one-page/","generated-route","Home 4 One Page - RK Reno Solution","page","200","200","NEEDS REDESIGN","BaseLayout + generic legacy-content renderer","REMOVE_AND_410","","gone (410)","Imported theme demonstration route; do not redesign or redirect it to the homepage.","8","https://rkrenosolution.com/home-4-one-page/","YES — page-sitemap","YES","YES","NEAR_DUPLICATE","","/home-4/","LOW","LOW","UNKNOWN — no Search Console or backlink export available","LOCALIZED/AVAILABLE — visual suitability unreviewed","0","0","Vinceta; Vincent Pham/P.; Lorem ipsum; Demo route name","NONE FOUND","Experience claim; Named testimonial/team member; Named demo project","NOT_APPLICABLE","Evidence for business claims","PROPOSED_NOT_IMPLEMENTED"
"/home-4/","https://rkrenosolution.com/home-4/","generated-route","Home 4 - RK Reno Solution","page","200","200","NEEDS REDESIGN","BaseLayout + generic legacy-content renderer","REMOVE_AND_410","","gone (410)","Imported theme demonstration route; do not redesign or redirect it to the homepage.","10","https://rkrenosolution.com/home-4/","YES — page-sitemap","YES","YES","HIGH","","","LOW","LOW","UNKNOWN — no Search Console or backlink export available","LOCALIZED/AVAILABLE — visual suitability unreviewed","0","0","Vastcon; Vincent Pham/P.; Lorem ipsum; Demo route name","NONE FOUND","Experience claim; Named testimonial/team member; Named demo project","NOT_APPLICABLE","Evidence for business claims","PROPOSED_NOT_IMPLEMENTED"
"/home-5-one-page/","https://rkrenosolution.com/home-5-one-page/","generated-route","Home 5 One Page - RK Reno Solution","page","200","200","NEEDS REDESIGN","BaseLayout + generic legacy-content renderer","REMOVE_AND_410","","gone (410)","Imported theme demonstration route; do not redesign or redirect it to the homepage.","1","https://rkrenosolution.com/home-5-one-page/","YES — page-sitemap","YES","YES","EXACT_DUPLICATE","none — both proposed 410","","LOW","LOW","UNKNOWN — no Search Console or backlink export available","LOCALIZED/AVAILABLE — visual suitability unreviewed","0","0","Vastcon; Ivey School demo; Lorem ipsum; Demo route name","NONE FOUND","Experience claim; Named demo project","NOT_APPLICABLE","Evidence for business claims","PROPOSED_NOT_IMPLEMENTED"
"/home-5/","https://rkrenosolution.com/home-5/","generated-route","Home 5 - RK Reno Solution","page","200","200","NEEDS REDESIGN","BaseLayout + generic legacy-content renderer","REMOVE_AND_410","","gone (410)","Imported theme demonstration route; do not redesign or redirect it to the homepage.","3","https://rkrenosolution.com/home-5/","YES — page-sitemap","YES","YES","EXACT_DUPLICATE","none — both proposed 410","","LOW","LOW","UNKNOWN — no Search Console or backlink export available","LOCALIZED/AVAILABLE — visual suitability unreviewed","0","0","Vastcon; Ivey School demo; Lorem ipsum; Demo route name","NONE FOUND","Experience claim; Named demo project","NOT_APPLICABLE","Evidence for business claims","PROPOSED_NOT_IMPLEMENTED"
"/home-6-one-page/","https://rkrenosolution.com/home-6-one-page/","generated-route","Home 6 One Page - RK Reno Solution","page","200","200","NEEDS REDESIGN","BaseLayout + generic legacy-content renderer","REMOVE_AND_410","","gone (410)","Imported theme demonstration route; do not redesign or redirect it to the homepage.","25","https://rkrenosolution.com/home-6-one-page/","YES — page-sitemap","YES","YES","NEAR_DUPLICATE","","/home-6/","LOW","LOW","UNKNOWN — no Search Console or backlink export available","LOCALIZED/AVAILABLE — visual suitability unreviewed","0","0","Vastcon; Ivey School demo; Demo route name","NONE FOUND","Experience claim; Named demo project","NOT_APPLICABLE","Evidence for business claims","PROPOSED_NOT_IMPLEMENTED"
"/home-6/","https://rkrenosolution.com/home-6/","generated-route","Home 6 - RK Reno Solution","page","200","200","NEEDS REDESIGN","BaseLayout + generic legacy-content renderer","REMOVE_AND_410","","gone (410)","Imported theme demonstration route; do not redesign or redirect it to the homepage.","27","https://rkrenosolution.com/home-6/","YES — page-sitemap","YES","YES","HIGH","","","LOW","LOW","UNKNOWN — no Search Console or backlink export available","LOCALIZED/AVAILABLE — visual suitability unreviewed","0","0","Vastcon; Ivey School demo; Demo route name","NONE FOUND","Experience claim; Named demo project","NOT_APPLICABLE","Evidence for business claims","PROPOSED_NOT_IMPLEMENTED"
"/home-7-one-page/","https://rkrenosolution.com/home-7-one-page/","generated-route","Home 7 One Page - RK Reno Solution","page","200","200","NEEDS REDESIGN","BaseLayout + generic legacy-content renderer","REMOVE_AND_410","","gone (410)","Imported theme demonstration route; do not redesign or redirect it to the homepage.","4","https://rkrenosolution.com/home-7-one-page/","YES — page-sitemap","YES","YES","HIGH","","","LOW","LOW","UNKNOWN — no Search Console or backlink export available","LOCALIZED/AVAILABLE — visual suitability unreviewed","0","0","Vastcon; Lorem ipsum; Demo route name","NONE FOUND","Customer count; Experience claim","NOT_APPLICABLE","Evidence for business claims","PROPOSED_NOT_IMPLEMENTED"
"/home-8-onepage/","https://rkrenosolution.com/home-8-onepage/","generated-route","Home 8 One Page - RK Reno Solution","page","200","200","NEEDS REDESIGN","BaseLayout + generic legacy-content renderer","REMOVE_AND_410","","gone (410)","Imported theme demonstration route; do not redesign or redirect it to the homepage.","2","https://rkrenosolution.com/home-8-onepage/","YES — page-sitemap","YES","YES","EXACT_DUPLICATE","none — both proposed 410","","LOW","LOW","UNKNOWN — no Search Console or backlink export available","LOCALIZED/AVAILABLE — visual suitability unreviewed","0","0","Vastcon; Demo route name","NONE FOUND","Customer count","NOT_APPLICABLE","Evidence for business claims","PROPOSED_NOT_IMPLEMENTED"
"/home-8/","https://rkrenosolution.com/home-8/","generated-route","Home 8 - RK Reno Solution","page","200","200","NEEDS REDESIGN","BaseLayout + generic legacy-content renderer","REMOVE_AND_410","","gone (410)","Imported theme demonstration route; do not redesign or redirect it to the homepage.","4","https://rkrenosolution.com/home-8/","YES — page-sitemap","YES","YES","EXACT_DUPLICATE","none — both proposed 410","","LOW","LOW","UNKNOWN — no Search Console or backlink export available","LOCALIZED/AVAILABLE — visual suitability unreviewed","0","0","Vastcon; Demo route name","NONE FOUND","Customer count","NOT_APPLICABLE","Evidence for business claims","PROPOSED_NOT_IMPLEMENTED"
"/home-9-one-page/","https://rkrenosolution.com/home-9-one-page/","generated-route","Home 9 One Page - RK Reno Solution","page","200","200","NEEDS REDESIGN","BaseLayout + generic legacy-content renderer","REMOVE_AND_410","","gone (410)","Imported theme demonstration route; do not redesign or redirect it to the homepage.","2","https://rkrenosolution.com/home-9-one-page/","YES — page-sitemap","YES","YES","EXACT_DUPLICATE","none — both proposed 410","","LOW","LOW","UNKNOWN — no Search Console or backlink export available","LOCALIZED/AVAILABLE — visual suitability unreviewed","0","0","Vastcon; Ivey School demo; Demo route name","NONE FOUND","Customer count; Named demo project","NOT_APPLICABLE","Evidence for business claims","PROPOSED_NOT_IMPLEMENTED"
"/home-9/","https://rkrenosolution.com/home-9/","generated-route","Home 9 - RK Reno Solution","page","200","200","NEEDS REDESIGN","BaseLayout + generic legacy-content renderer","REMOVE_AND_410","","gone (410)","Imported theme demonstration route; do not redesign or redirect it to the homepage.","4","https://rkrenosolution.com/home-9/","YES — page-sitemap","YES","YES","EXACT_DUPLICATE","none — both proposed 410","","LOW","LOW","UNKNOWN — no Search Console or backlink export available","LOCALIZED/AVAILABLE — visual suitability unreviewed","0","0","Vastcon; Ivey School demo; Demo route name","NONE FOUND","Customer count; Named demo project","NOT_APPLICABLE","Evidence for business claims","PROPOSED_NOT_IMPLEMENTED"
"/home-renovation-contractor-in-subang-jaya/","https://rkrenosolution.com/home-renovation-contractor-in-subang-jaya/","generated-route","Home Renovation Contractor in Subang Jaya - RK Reno Solution","page","200","200","NEEDS IMAGES","BaseLayout + generic legacy-content renderer","KEEP_AND_REDESIGN","","index,follow","Route has clear RK Reno business or search intent and should retain its approved content.","1","https://rkrenosolution.com/home-renovation-contractor-in-subang-jaya/","YES — page-sitemap","YES","YES","HIGH","","","HIGH","HIGH","UNKNOWN — no Search Console or backlink export available","BLOCKED — 1 hotlinked, 0 missing","1","0","NONE FOUND","NONE FOUND","Project count; Rating claim; Guarantee or warranty; Named testimonial/team member","NOT_APPLICABLE","Evidence for business claims; Verified original images/project photos","PROPOSED_NOT_IMPLEMENTED"
"/house-renovation-in-kuala-lumpur-the-ultimate-planning-cost-guide-2026/","https://rkrenosolution.com/house-renovation-in-kuala-lumpur-the-ultimate-planning-cost-guide-2026/","generated-route","House Renovation Cost Kuala Lumpur 2026 | Price Guide","post","200","200","NEEDS IMAGES","BaseLayout + generic legacy-content renderer","KEEP_AND_REDESIGN","","index,follow","Route has clear RK Reno business or search intent and should retain its approved content.","24","https://rkrenosolution.com/house-renovation-in-kuala-lumpur-the-ultimate-planning-cost-guide-2026/","YES — post-sitemap","YES","YES","HIGH","","","HIGH","HIGH","UNKNOWN — no Search Console or backlink export available","BLOCKED — 3 hotlinked, 0 missing","3","0","NONE FOUND","NONE FOUND","NONE FOUND","NOT_APPLICABLE","Verified original images/project photos","PROPOSED_NOT_IMPLEMENTED"
"/house-renovation-in-kuala-lumpur/","https://rkrenosolution.com/house-renovation-in-kuala-lumpur/","generated-route","House Renovation Cost Kuala Lumpur 2026 | Price Guide","page","200","200","TECHNICALLY COMPLETE","BaseLayout + page-specific custom layout","KEEP_CONTENT_PAGE","","index,follow","Genuine priority content is retained; owner approval and shared-system review remain.","15","https://rkrenosolution.com/house-renovation-in-kuala-lumpur/","YES — page-sitemap","YES","YES","HIGH","","","HIGH","HIGH","UNKNOWN — no Search Console or backlink export available","LOCALIZED/AVAILABLE — visual suitability unreviewed","0","0","NONE FOUND","NONE FOUND","NONE FOUND","NOT_APPLICABLE","None for disposition; owner approval still required","PROPOSED_NOT_IMPLEMENTED"
"/house-renovation-in-selangor-the-ultimate-2026-guide-to-extending-your-home/","https://rkrenosolution.com/house-renovation-in-selangor-the-ultimate-2026-guide-to-extending-your-home/","generated-route","House Renovation in Selangor: The Ultimate 2026 Guide to Extending Your Home - RK Reno Solution","post","200","200","NEEDS IMAGES","BaseLayout + generic legacy-content renderer","KEEP_AND_REDESIGN","","index,follow","Route has clear RK Reno business or search intent and should retain its approved content.","16","https://rkrenosolution.com/house-renovation-in-selangor-the-ultimate-2026-guide-to-extending-your-home/","YES — post-sitemap","YES","YES","HIGH","","","HIGH","HIGH","UNKNOWN — no Search Console or backlink export available","BLOCKED — 2 hotlinked, 0 missing","2","0","NONE FOUND","NONE FOUND","Experience claim; Guarantee or warranty","NOT_APPLICABLE","Evidence for business claims; Verified original images/project photos","PROPOSED_NOT_IMPLEMENTED"
"/house-renovation-in-selangor/","https://rkrenosolution.com/house-renovation-in-selangor/","generated-route","House Renovation Selangor | Contractor & Starting Prices","page","200","200","TECHNICALLY COMPLETE","BaseLayout + page-specific custom layout","KEEP_CONTENT_PAGE","","index,follow","Genuine priority content is retained; owner approval and shared-system review remain.","3","https://rkrenosolution.com/house-renovation-in-selangor/","YES — page-sitemap","YES","YES","HIGH","","","HIGH","HIGH","UNKNOWN — no Search Console or backlink export available","LOCALIZED/AVAILABLE — visual suitability unreviewed","0","0","NONE FOUND","NONE FOUND","NONE FOUND","NOT_APPLICABLE","None for disposition; owner approval still required","PROPOSED_NOT_IMPLEMENTED"
"/landing-page/","https://rkrenosolution.com/landing-page/","generated-route","Landing Page - RK Reno Solution","page","200","200","NEEDS REDESIGN","BaseLayout + generic legacy-content renderer","REMOVE_AND_410","","gone (410)","Imported theme demonstration route; do not redesign or redirect it to the homepage.","1","https://rkrenosolution.com/landing-page/","YES — page-sitemap","YES","YES","HIGH","","","LOW","LOW","UNKNOWN — no Search Console or backlink export available","LOCALIZED/AVAILABLE — visual suitability unreviewed","0","0","Vastcon; Theme refund copy; Demo route name","NONE FOUND","Guarantee or warranty","NOT_APPLICABLE","Evidence for business claims","PROPOSED_NOT_IMPLEMENTED"
"/my-account/","https://rkrenosolution.com/my-account/","WordPress-export","My account","page","200","404","NOT REVIEWED","not generated","REMOVE_AND_410","","gone (410)","Published WooCommerce utility exists in the export but has no supported RK Reno sales function.","0","","NO","YES","NO","LOW","","","LOW","LOW","UNKNOWN — no Search Console or backlink export available","NO IMAGE DEPENDENCY FOUND","0","0","NONE FOUND","NONE FOUND","NONE FOUND","NOT_APPLICABLE","None for disposition; owner approval still required","PROPOSED_NOT_IMPLEMENTED"
"/office-renovation-in-kuala-lumpur-the-2026-corporate-guide-to-productivity/","https://rkrenosolution.com/office-renovation-in-kuala-lumpur-the-2026-corporate-guide-to-productivity/","generated-route","Office Renovation in Kuala Lumpur: The 2026 Corporate Guide to Productivity - RK Reno Solution","post","200","200","NEEDS IMAGES","BaseLayout + generic legacy-content renderer","KEEP_AND_REDESIGN","","index,follow","Route has clear RK Reno business or search intent and should retain its approved content.","19","https://rkrenosolution.com/office-renovation-in-kuala-lumpur-the-2026-corporate-guide-to-productivity/","YES — post-sitemap","YES","YES","HIGH","","","HIGH","HIGH","UNKNOWN — no Search Console or backlink export available","BLOCKED — 1 hotlinked, 0 missing","1","0","NONE FOUND","NONE FOUND","NONE FOUND","NOT_APPLICABLE","Verified original images/project photos","PROPOSED_NOT_IMPLEMENTED"
"/office-renovation-in-kuala-lumpur/","https://rkrenosolution.com/office-renovation-in-kuala-lumpur/","generated-route","Office Renovation Contractor KL | Fit-Out & Reinstatement","page","200","200","NEEDS IMAGES","BaseLayout + generic legacy-content renderer","KEEP_AND_REDESIGN","","index,follow","Route has clear RK Reno business or search intent and should retain its approved content.","8","https://rkrenosolution.com/office-renovation-in-kuala-lumpur/","YES — page-sitemap","YES","YES","HIGH","","","HIGH","HIGH","UNKNOWN — no Search Console or backlink export available","BLOCKED — 3 hotlinked, 0 missing","3","0","NONE FOUND","NONE FOUND","NONE FOUND","NOT_APPLICABLE","Verified original images/project photos","PROPOSED_NOT_IMPLEMENTED"
"/office-renovation-petaling-jaya-corporate-fit-out-experts/","https://rkrenosolution.com/office-renovation-petaling-jaya-corporate-fit-out-experts/","generated-route","Office Renovation Petaling Jaya: Corporate Fit-Out Experts - RK Reno Solution","post","200","200","NEEDS IMAGES","BaseLayout + generic legacy-content renderer","KEEP_AND_REDESIGN","","index,follow","Route has clear RK Reno business or search intent and should retain its approved content.","71","https://rkrenosolution.com/office-renovation-petaling-jaya-corporate-fit-out-experts/","YES — post-sitemap","YES","YES","HIGH","","","HIGH","HIGH","UNKNOWN — no Search Console or backlink export available","BLOCKED — 1 hotlinked, 0 missing","1","0","NONE FOUND","NONE FOUND","Guarantee or warranty","NOT_APPLICABLE","Evidence for business claims; Verified original images/project photos","PROPOSED_NOT_IMPLEMENTED"
"/our-projects-2/","https://rkrenosolution.com/our-projects-2/","generated-route","Our Projects 2 - RK Reno Solution","page","200","200","NEEDS REDESIGN","BaseLayout + generic legacy-content renderer","OWNER_DECISION_REQUIRED","","noindex,follow","Identity, history, testimonials, or project claims require owner-supplied authentic content.","0","https://rkrenosolution.com/our-projects-2/","YES — page-sitemap","YES","YES","MEDIUM","","","UNKNOWN","UNKNOWN","UNKNOWN — no Search Console or backlink export available","LOCALIZED/AVAILABLE — visual suitability unreviewed","0","0","Ivey School demo","NONE FOUND","Customer count; Named demo project","NOT_APPLICABLE","Evidence for business claims; Owner decision and authentic replacement content","OWNER_CONFIRMATION_REQUIRED"
"/our-projects/","https://rkrenosolution.com/our-projects/","generated-route","Our Projects 1 - RK Reno Solution","page","200","200","NEEDS REDESIGN","BaseLayout + generic legacy-content renderer","OWNER_DECISION_REQUIRED","","noindex,follow","Identity, history, testimonials, or project claims require owner-supplied authentic content.","14","https://rkrenosolution.com/our-projects/","YES — page-sitemap","YES","YES","HIGH","","","UNKNOWN","UNKNOWN","UNKNOWN — no Search Console or backlink export available","LOCALIZED/AVAILABLE — visual suitability unreviewed","0","0","Ivey School demo","NONE FOUND","Customer count; Named demo project","NOT_APPLICABLE","Evidence for business claims; Owner decision and authentic replacement content","OWNER_CONFIRMATION_REQUIRED"
"/our-team/","https://rkrenosolution.com/our-team/","generated-route","Our Team - RK Reno Solution","page","200","200","NEEDS REDESIGN","BaseLayout + generic legacy-content renderer","OWNER_DECISION_REQUIRED","","noindex,follow","Identity, history, testimonials, or project claims require owner-supplied authentic content.","36","https://rkrenosolution.com/our-team/","YES — page-sitemap","YES","YES","MEDIUM","","","UNKNOWN","UNKNOWN","UNKNOWN — no Search Console or backlink export available","LOCALIZED/AVAILABLE — visual suitability unreviewed","0","0","Vincent Pham/P.","NONE FOUND","Customer count; Named testimonial/team member","NOT_APPLICABLE","Evidence for business claims; Owner decision and authentic replacement content","OWNER_CONFIRMATION_REQUIRED"
"/pakej-deep-cleaning-rumah-kl-termasuk-pre-hari-raya/","https://rkrenosolution.com/pakej-deep-cleaning-rumah-kl-termasuk-pre-hari-raya/","generated-route","Pakej Deep Cleaning Rumah KL (Termasuk Pre-Hari Raya) - RK Reno Solution","post","200","200","NEEDS IMAGES","BaseLayout + generic legacy-content renderer","KEEP_AND_REDESIGN","","index,follow","Route has clear RK Reno business or search intent and should retain its approved content.","76","https://rkrenosolution.com/pakej-deep-cleaning-rumah-kl-termasuk-pre-hari-raya/","YES — post-sitemap","YES","YES","HIGH","","","HIGH","HIGH","UNKNOWN — no Search Console or backlink export available","BLOCKED — 0 hotlinked, 7 missing","0","7","NONE FOUND","NONE FOUND","NONE FOUND","NOT_APPLICABLE","Verified original images/project photos","PROPOSED_NOT_IMPLEMENTED"
"/plaster-ceiling-contractor-kl-the-ultimate-design-pricing-guide-2026/","https://rkrenosolution.com/plaster-ceiling-contractor-kl-the-ultimate-design-pricing-guide-2026/","generated-route","Plaster Ceiling Contractor KL: The Ultimate Design & Pricing Guide (2026) - RK Reno Solution","post","200","200","NEEDS IMAGES","BaseLayout + generic legacy-content renderer","KEEP_AND_REDESIGN","","index,follow","Route has clear RK Reno business or search intent and should retain its approved content.","21","https://rkrenosolution.com/plaster-ceiling-contractor-kl-the-ultimate-design-pricing-guide-2026/","YES — post-sitemap","YES","YES","HIGH","","","HIGH","HIGH","UNKNOWN — no Search Console or backlink export available","BLOCKED — 1 hotlinked, 0 missing","1","0","NONE FOUND","NONE FOUND","NONE FOUND","NOT_APPLICABLE","Verified original images/project photos","PROPOSED_NOT_IMPLEMENTED"
"/plaster-ceiling-contractor-kl/","https://rkrenosolution.com/plaster-ceiling-contractor-kl/","generated-route","Plaster Ceiling Contractor KL - RK Reno Solution","page","200","200","NEEDS IMAGES","BaseLayout + generic legacy-content renderer","KEEP_AND_REDESIGN","","index,follow","Route has clear RK Reno business or search intent and should retain its approved content.","11","https://rkrenosolution.com/plaster-ceiling-contractor-kl/","YES — page-sitemap","YES","YES","HIGH","","","HIGH","HIGH","UNKNOWN — no Search Console or backlink export available","BLOCKED — 3 hotlinked, 0 missing","3","0","NONE FOUND","NONE FOUND","Project count; Rating claim; Experience claim; Guarantee or warranty","NOT_APPLICABLE","Evidence for business claims; Verified original images/project photos","PROPOSED_NOT_IMPLEMENTED"
"/portfolio/axis-industrial-park/","https://rkrenosolution.com/portfolio/axis-industrial-park/","generated-route","Axis Industrial Park - RK Reno Solution","portfolio","200","200","NEEDS REDESIGN","BaseLayout + generic legacy-content renderer","REMOVE_AND_410","","gone (410)","Repeated Ivey/Vastcon/Vincent demo copy does not establish RK Reno project ownership.","46","https://rkrenosolution.com/portfolio/axis-industrial-park/","YES — portfolio-sitemap","YES","YES","NEAR_DUPLICATE","","/portfolio/the-ivey-school-of-business/","LOW","LOW","UNKNOWN — no Search Console or backlink export available","LOCALIZED/AVAILABLE — visual suitability unreviewed","0","0","Vastcon; Vincent Pham/P.; Ivey School demo; Alten/ECOM demo; Lorem ipsum","Bay Area; foreign dollar budget; foreign phone/email","Named testimonial/team member; Named demo project","LIKELY_THEME_DEMO","Evidence for business claims; Confirm no listed project is genuine RK Reno work","PROPOSED_NOT_IMPLEMENTED"
"/portfolio/building-a-sustainable-tomorrow/","https://rkrenosolution.com/portfolio/building-a-sustainable-tomorrow/","generated-route","Building a Sustainable Tomorrow - RK Reno Solution","portfolio","200","200","NEEDS REDESIGN","BaseLayout + generic legacy-content renderer","REMOVE_AND_410","","gone (410)","Repeated Ivey/Vastcon/Vincent demo copy does not establish RK Reno project ownership.","34","https://rkrenosolution.com/portfolio/building-a-sustainable-tomorrow/","YES — portfolio-sitemap","YES","YES","NEAR_DUPLICATE","","/portfolio/the-ivey-school-of-business/","LOW","LOW","UNKNOWN — no Search Console or backlink export available","LOCALIZED/AVAILABLE — visual suitability unreviewed","0","0","Vastcon; Vincent Pham/P.; Ivey School demo; Alten/ECOM demo; Lorem ipsum","Bay Area; foreign dollar budget; foreign phone/email","Named testimonial/team member; Named demo project","LIKELY_THEME_DEMO","Evidence for business claims; Confirm no listed project is genuine RK Reno work","PROPOSED_NOT_IMPLEMENTED"
"/portfolio/building-excellence-through-innovation/","https://rkrenosolution.com/portfolio/building-excellence-through-innovation/","generated-route","Building Excellence Through Innovation - RK Reno Solution","portfolio","200","200","NEEDS REDESIGN","BaseLayout + generic legacy-content renderer","REMOVE_AND_410","","gone (410)","Repeated Ivey/Vastcon/Vincent demo copy does not establish RK Reno project ownership.","45","https://rkrenosolution.com/portfolio/building-excellence-through-innovation/","YES — portfolio-sitemap","YES","YES","NEAR_DUPLICATE","","/portfolio/the-ivey-school-of-business/","LOW","LOW","UNKNOWN — no Search Console or backlink export available","LOCALIZED/AVAILABLE — visual suitability unreviewed","0","0","Vastcon; Vincent Pham/P.; Ivey School demo; Alten/ECOM demo; Lorem ipsum","Bay Area; foreign dollar budget; foreign phone/email","Named testimonial/team member; Named demo project","LIKELY_THEME_DEMO","Evidence for business claims; Confirm no listed project is genuine RK Reno work","PROPOSED_NOT_IMPLEMENTED"
"/portfolio/commercial/","https://rkrenosolution.com/portfolio/commercial/","production-404","Page not found – RK Reno Solution","taxonomy","404","404 (not generated)","NOT REVIEWED","not generated","EXISTING_404_LEAVE_GONE","","remain 404","Remove remaining internal references; the portfolio destination is unverified theme-demo content. Linked unique article count: 0; unique introduction not established.","128","https://rkrenosolution.com/portfolio/commercial/","YES — portfolio-category-sitemap","YES","NO","LOW","","","LOW","LOW","UNKNOWN — no Search Console or backlink export available","LOCALIZED/AVAILABLE — visual suitability unreviewed","0","0","NONE FOUND","NONE FOUND","NONE FOUND","NOT_APPLICABLE","Category/tag retention strategy","PROPOSED_NOT_IMPLEMENTED"
"/portfolio/crafting-landmark-construction-projects/","https://rkrenosolution.com/portfolio/crafting-landmark-construction-projects/","generated-route","Crafting Landmark Construction Projects - RK Reno Solution","portfolio","200","200","NEEDS REDESIGN","BaseLayout + generic legacy-content renderer","REMOVE_AND_410","","gone (410)","Repeated Ivey/Vastcon/Vincent demo copy does not establish RK Reno project ownership.","65","https://rkrenosolution.com/portfolio/crafting-landmark-construction-projects/","YES — portfolio-sitemap","YES","YES","NEAR_DUPLICATE","","/portfolio/the-ivey-school-of-business/","LOW","LOW","UNKNOWN — no Search Console or backlink export available","LOCALIZED/AVAILABLE — visual suitability unreviewed","0","0","Vastcon; Vincent Pham/P.; Ivey School demo; Alten/ECOM demo; Lorem ipsum","Bay Area; foreign dollar budget; foreign phone/email","Named testimonial/team member; Named demo project","LIKELY_THEME_DEMO","Evidence for business claims; Confirm no listed project is genuine RK Reno work","PROPOSED_NOT_IMPLEMENTED"
"/portfolio/cutting-edge-strategies-for-building-success/","https://rkrenosolution.com/portfolio/cutting-edge-strategies-for-building-success/","generated-route","Cutting-Edge Strategies for Building Success - RK Reno Solution","portfolio","200","200","NEEDS REDESIGN","BaseLayout + generic legacy-content renderer","REMOVE_AND_410","","gone (410)","Repeated Ivey/Vastcon/Vincent demo copy does not establish RK Reno project ownership.","28","https://rkrenosolution.com/portfolio/cutting-edge-strategies-for-building-success/","YES — portfolio-sitemap","YES","YES","NEAR_DUPLICATE","","/portfolio/the-ivey-school-of-business/","LOW","LOW","UNKNOWN — no Search Console or backlink export available","LOCALIZED/AVAILABLE — visual suitability unreviewed","0","0","Vastcon; Vincent Pham/P.; Ivey School demo; Alten/ECOM demo; Lorem ipsum","Bay Area; foreign dollar budget; foreign phone/email","Named testimonial/team member; Named demo project","LIKELY_THEME_DEMO","Evidence for business claims; Confirm no listed project is genuine RK Reno work","PROPOSED_NOT_IMPLEMENTED"
"/portfolio/designing-the-future-of-urban-spaces/","https://rkrenosolution.com/portfolio/designing-the-future-of-urban-spaces/","generated-route","Designing the Future of Urban Spaces - RK Reno Solution","portfolio","200","200","NEEDS REDESIGN","BaseLayout + generic legacy-content renderer","REMOVE_AND_410","","gone (410)","Repeated Ivey/Vastcon/Vincent demo copy does not establish RK Reno project ownership.","22","https://rkrenosolution.com/portfolio/designing-the-future-of-urban-spaces/","YES — portfolio-sitemap","YES","YES","NEAR_DUPLICATE","","/portfolio/the-ivey-school-of-business/","LOW","LOW","UNKNOWN — no Search Console or backlink export available","LOCALIZED/AVAILABLE — visual suitability unreviewed","0","0","Vastcon; Vincent Pham/P.; Ivey School demo; Alten/ECOM demo; Lorem ipsum","Bay Area; foreign dollar budget; foreign phone/email","Named testimonial/team member; Named demo project","LIKELY_THEME_DEMO","Evidence for business claims; Confirm no listed project is genuine RK Reno work","PROPOSED_NOT_IMPLEMENTED"
"/portfolio/electrical/","https://rkrenosolution.com/portfolio/electrical/","production-404","Page not found – RK Reno Solution","taxonomy","404","404 (not generated)","NOT REVIEWED","not generated","EXISTING_404_LEAVE_GONE","","remain 404","Remove remaining internal references; the portfolio destination is unverified theme-demo content. Linked unique article count: 0; unique introduction not established.","44","https://rkrenosolution.com/portfolio/electrical/","YES — portfolio-category-sitemap","YES","NO","LOW","","","LOW","LOW","UNKNOWN — no Search Console or backlink export available","LOCALIZED/AVAILABLE — visual suitability unreviewed","0","0","NONE FOUND","NONE FOUND","NONE FOUND","NOT_APPLICABLE","Category/tag retention strategy","PROPOSED_NOT_IMPLEMENTED"
"/portfolio/expert-solutions-for-modern-structures/","https://rkrenosolution.com/portfolio/expert-solutions-for-modern-structures/","generated-route","Expert Solutions for Modern Structures - RK Reno Solution","portfolio","200","200","NEEDS REDESIGN","BaseLayout + generic legacy-content renderer","REMOVE_AND_410","","gone (410)","Repeated Ivey/Vastcon/Vincent demo copy does not establish RK Reno project ownership.","39","https://rkrenosolution.com/portfolio/expert-solutions-for-modern-structures/","YES — portfolio-sitemap","YES","YES","NEAR_DUPLICATE","","/portfolio/the-ivey-school-of-business/","LOW","LOW","UNKNOWN — no Search Console or backlink export available","LOCALIZED/AVAILABLE — visual suitability unreviewed","0","0","Vastcon; Vincent Pham/P.; Ivey School demo; Alten/ECOM demo; Lorem ipsum","Bay Area; foreign dollar budget; foreign phone/email","Named testimonial/team member; Named demo project","LIKELY_THEME_DEMO","Evidence for business claims; Confirm no listed project is genuine RK Reno work","PROPOSED_NOT_IMPLEMENTED"
"/portfolio/home-renovation/","https://rkrenosolution.com/portfolio/home-renovation/","production-404","Page not found – RK Reno Solution","taxonomy","404","404 (not generated)","NOT REVIEWED","not generated","EXISTING_404_LEAVE_GONE","","remain 404","Remove remaining internal references; the portfolio destination is unverified theme-demo content. Linked unique article count: 0; unique introduction not established.","78","https://rkrenosolution.com/portfolio/home-renovation/","YES — portfolio-category-sitemap","YES","NO","LOW","","","LOW","LOW","UNKNOWN — no Search Console or backlink export available","LOCALIZED/AVAILABLE — visual suitability unreviewed","0","0","NONE FOUND","NONE FOUND","NONE FOUND","NOT_APPLICABLE","Category/tag retention strategy","PROPOSED_NOT_IMPLEMENTED"
"/portfolio/innovating-the-next-generation-of-architecture/","https://rkrenosolution.com/portfolio/innovating-the-next-generation-of-architecture/","generated-route","Innovating the Next Generation of Architecture - RK Reno Solution","portfolio","200","200","NEEDS REDESIGN","BaseLayout + generic legacy-content renderer","REMOVE_AND_410","","gone (410)","Repeated Ivey/Vastcon/Vincent demo copy does not establish RK Reno project ownership.","45","https://rkrenosolution.com/portfolio/innovating-the-next-generation-of-architecture/","YES — portfolio-sitemap","YES","YES","NEAR_DUPLICATE","","/portfolio/the-ivey-school-of-business/","LOW","LOW","UNKNOWN — no Search Console or backlink export available","LOCALIZED/AVAILABLE — visual suitability unreviewed","0","0","Vastcon; Vincent Pham/P.; Ivey School demo; Alten/ECOM demo; Lorem ipsum","Bay Area; foreign dollar budget; foreign phone/email","Named testimonial/team member; Named demo project","LIKELY_THEME_DEMO","Evidence for business claims; Confirm no listed project is genuine RK Reno work","PROPOSED_NOT_IMPLEMENTED"
"/portfolio/innovative-approaches-to-construction-excellence/","https://rkrenosolution.com/portfolio/innovative-approaches-to-construction-excellence/","generated-route","Innovative Approaches to Construction Excellence - RK Reno Solution","portfolio","200","200","NEEDS REDESIGN","BaseLayout + generic legacy-content renderer","REMOVE_AND_410","","gone (410)","Repeated Ivey/Vastcon/Vincent demo copy does not establish RK Reno project ownership.","30","https://rkrenosolution.com/portfolio/innovative-approaches-to-construction-excellence/","YES — portfolio-sitemap","YES","YES","NEAR_DUPLICATE","","/portfolio/the-ivey-school-of-business/","LOW","LOW","UNKNOWN — no Search Console or backlink export available","LOCALIZED/AVAILABLE — visual suitability unreviewed","0","0","Vastcon; Vincent Pham/P.; Ivey School demo; Alten/ECOM demo; Lorem ipsum","Bay Area; foreign dollar budget; foreign phone/email","Named testimonial/team member; Named demo project","LIKELY_THEME_DEMO","Evidence for business claims; Confirm no listed project is genuine RK Reno work","PROPOSED_NOT_IMPLEMENTED"
"/portfolio/innovative-construction-project-showcase/","https://rkrenosolution.com/portfolio/innovative-construction-project-showcase/","generated-route","Innovative Construction Project Showcase - RK Reno Solution","portfolio","200","200","NEEDS REDESIGN","BaseLayout + generic legacy-content renderer","REMOVE_AND_410","","gone (410)","Repeated Ivey/Vastcon/Vincent demo copy does not establish RK Reno project ownership.","48","https://rkrenosolution.com/portfolio/innovative-construction-project-showcase/","YES — portfolio-sitemap","YES","YES","NEAR_DUPLICATE","","/portfolio/the-ivey-school-of-business/","LOW","LOW","UNKNOWN — no Search Console or backlink export available","LOCALIZED/AVAILABLE — visual suitability unreviewed","0","0","Vastcon; Vincent Pham/P.; Ivey School demo; Alten/ECOM demo; Lorem ipsum","Bay Area; foreign dollar budget; foreign phone/email","Named testimonial/team member; Named demo project","LIKELY_THEME_DEMO","Evidence for business claims; Confirm no listed project is genuine RK Reno work","PROPOSED_NOT_IMPLEMENTED"
"/portfolio/mastering-construction-with-precision/","https://rkrenosolution.com/portfolio/mastering-construction-with-precision/","generated-route","Mastering Construction with Precision - RK Reno Solution","portfolio","200","200","NEEDS REDESIGN","BaseLayout + generic legacy-content renderer","REMOVE_AND_410","","gone (410)","Repeated Ivey/Vastcon/Vincent demo copy does not establish RK Reno project ownership.","60","https://rkrenosolution.com/portfolio/mastering-construction-with-precision/","YES — portfolio-sitemap","YES","YES","NEAR_DUPLICATE","","/portfolio/the-ivey-school-of-business/","LOW","LOW","UNKNOWN — no Search Console or backlink export available","LOCALIZED/AVAILABLE — visual suitability unreviewed","0","0","Vastcon; Vincent Pham/P.; Ivey School demo; Alten/ECOM demo; Lorem ipsum","Bay Area; foreign dollar budget; foreign phone/email","Named testimonial/team member; Named demo project","LIKELY_THEME_DEMO","Evidence for business claims; Confirm no listed project is genuine RK Reno work","PROPOSED_NOT_IMPLEMENTED"
"/portfolio/oakwood-residence/","https://rkrenosolution.com/portfolio/oakwood-residence/","generated-route","Oakwood Residence - RK Reno Solution","portfolio","200","200","NEEDS REDESIGN","BaseLayout + generic legacy-content renderer","REMOVE_AND_410","","gone (410)","Repeated Ivey/Vastcon/Vincent demo copy does not establish RK Reno project ownership.","46","https://rkrenosolution.com/portfolio/oakwood-residence/","YES — portfolio-sitemap","YES","YES","NEAR_DUPLICATE","","/portfolio/the-ivey-school-of-business/","LOW","LOW","UNKNOWN — no Search Console or backlink export available","LOCALIZED/AVAILABLE — visual suitability unreviewed","0","0","Vastcon; Vincent Pham/P.; Ivey School demo; Alten/ECOM demo; Lorem ipsum","Bay Area; foreign dollar budget; foreign phone/email","Named testimonial/team member; Named demo project","LIKELY_THEME_DEMO","Evidence for business claims; Confirm no listed project is genuine RK Reno work","PROPOSED_NOT_IMPLEMENTED"
"/portfolio/office-renovation/","https://rkrenosolution.com/portfolio/office-renovation/","production-404","Page not found – RK Reno Solution","taxonomy","404","404 (not generated)","NOT REVIEWED","not generated","EXISTING_404_LEAVE_GONE","","remain 404","Remove remaining internal references; the portfolio destination is unverified theme-demo content. Linked unique article count: 0; unique introduction not established.","107","https://rkrenosolution.com/portfolio/office-renovation/","YES — portfolio-category-sitemap","YES","NO","LOW","","","LOW","LOW","UNKNOWN — no Search Console or backlink export available","LOCALIZED/AVAILABLE — visual suitability unreviewed","0","0","NONE FOUND","NONE FOUND","NONE FOUND","NOT_APPLICABLE","Category/tag retention strategy","PROPOSED_NOT_IMPLEMENTED"
"/portfolio/pioneering-solutions-for-architectural-excellence/","https://rkrenosolution.com/portfolio/pioneering-solutions-for-architectural-excellence/","generated-route","Pioneering Solutions for Architectural Excellence - RK Reno Solution","portfolio","200","200","NEEDS REDESIGN","BaseLayout + generic legacy-content renderer","REMOVE_AND_410","","gone (410)","Repeated Ivey/Vastcon/Vincent demo copy does not establish RK Reno project ownership.","28","https://rkrenosolution.com/portfolio/pioneering-solutions-for-architectural-excellence/","YES — portfolio-sitemap","YES","YES","NEAR_DUPLICATE","","/portfolio/the-ivey-school-of-business/","LOW","LOW","UNKNOWN — no Search Console or backlink export available","LOCALIZED/AVAILABLE — visual suitability unreviewed","0","0","Vastcon; Vincent Pham/P.; Ivey School demo; Alten/ECOM demo; Lorem ipsum","Bay Area; foreign dollar budget; foreign phone/email","Named testimonial/team member; Named demo project","LIKELY_THEME_DEMO","Evidence for business claims; Confirm no listed project is genuine RK Reno work","PROPOSED_NOT_IMPLEMENTED"
"/portfolio/precision-craftsmanship-in-construction/","https://rkrenosolution.com/portfolio/precision-craftsmanship-in-construction/","generated-route","Precision Craftsmanship in Construction - RK Reno Solution","portfolio","200","200","NEEDS REDESIGN","BaseLayout + generic legacy-content renderer","REMOVE_AND_410","","gone (410)","Repeated Ivey/Vastcon/Vincent demo copy does not establish RK Reno project ownership.","39","https://rkrenosolution.com/portfolio/precision-craftsmanship-in-construction/","YES — portfolio-sitemap","YES","YES","NEAR_DUPLICATE","","/portfolio/the-ivey-school-of-business/","LOW","LOW","UNKNOWN — no Search Console or backlink export available","LOCALIZED/AVAILABLE — visual suitability unreviewed","0","0","Vastcon; Vincent Pham/P.; Ivey School demo; Alten/ECOM demo; Lorem ipsum","Bay Area; foreign dollar budget; foreign phone/email","Named testimonial/team member; Named demo project","LIKELY_THEME_DEMO","Evidence for business claims; Confirm no listed project is genuine RK Reno work","PROPOSED_NOT_IMPLEMENTED"
"/portfolio/residential/","https://rkrenosolution.com/portfolio/residential/","production-404","Page not found – RK Reno Solution","taxonomy","404","404 (not generated)","NOT REVIEWED","not generated","EXISTING_404_LEAVE_GONE","","remain 404","Remove remaining internal references; the portfolio destination is unverified theme-demo content. Linked unique article count: 0; unique introduction not established.","27","https://rkrenosolution.com/portfolio/residential/","YES — portfolio-category-sitemap","YES","NO","LOW","","","LOW","LOW","UNKNOWN — no Search Console or backlink export available","LOCALIZED/AVAILABLE — visual suitability unreviewed","0","0","NONE FOUND","NONE FOUND","NONE FOUND","NOT_APPLICABLE","Category/tag retention strategy","PROPOSED_NOT_IMPLEMENTED"
"/portfolio/revolutionary-techniques-in-modern-construction/","https://rkrenosolution.com/portfolio/revolutionary-techniques-in-modern-construction/","generated-route","Revolutionary Techniques in Modern Construction - RK Reno Solution","portfolio","200","200","NEEDS REDESIGN","BaseLayout + generic legacy-content renderer","REMOVE_AND_410","","gone (410)","Repeated Ivey/Vastcon/Vincent demo copy does not establish RK Reno project ownership.","28","https://rkrenosolution.com/portfolio/revolutionary-techniques-in-modern-construction/","YES — portfolio-sitemap","YES","YES","NEAR_DUPLICATE","","/portfolio/the-ivey-school-of-business/","LOW","LOW","UNKNOWN — no Search Console or backlink export available","LOCALIZED/AVAILABLE — visual suitability unreviewed","0","0","Vastcon; Vincent Pham/P.; Ivey School demo; Alten/ECOM demo; Lorem ipsum","Bay Area; foreign dollar budget; foreign phone/email","Named testimonial/team member; Named demo project","LIKELY_THEME_DEMO","Evidence for business claims; Confirm no listed project is genuine RK Reno work","PROPOSED_NOT_IMPLEMENTED"
"/portfolio/shaping-tomorrows-built-environment/","https://rkrenosolution.com/portfolio/shaping-tomorrows-built-environment/","generated-route","Shaping Tomorrow’s Built Environment - RK Reno Solution","portfolio","200","200","NEEDS REDESIGN","BaseLayout + generic legacy-content renderer","REMOVE_AND_410","","gone (410)","Repeated Ivey/Vastcon/Vincent demo copy does not establish RK Reno project ownership.","30","https://rkrenosolution.com/portfolio/shaping-tomorrows-built-environment/","YES — portfolio-sitemap","YES","YES","NEAR_DUPLICATE","","/portfolio/the-ivey-school-of-business/","LOW","LOW","UNKNOWN — no Search Console or backlink export available","LOCALIZED/AVAILABLE — visual suitability unreviewed","0","0","Vastcon; Vincent Pham/P.; Ivey School demo; Alten/ECOM demo; Lorem ipsum","Bay Area; foreign dollar budget; foreign phone/email","Named testimonial/team member; Named demo project","LIKELY_THEME_DEMO","Evidence for business claims; Confirm no listed project is genuine RK Reno work","PROPOSED_NOT_IMPLEMENTED"
"/portfolio/skyline-hub/","https://rkrenosolution.com/portfolio/skyline-hub/","generated-route","Skyline Hub - RK Reno Solution","portfolio","200","200","NEEDS REDESIGN","BaseLayout + generic legacy-content renderer","REMOVE_AND_410","","gone (410)","Repeated Ivey/Vastcon/Vincent demo copy does not establish RK Reno project ownership.","45","https://rkrenosolution.com/portfolio/skyline-hub/","YES — portfolio-sitemap","YES","YES","NEAR_DUPLICATE","","/portfolio/the-ivey-school-of-business/","LOW","LOW","UNKNOWN — no Search Console or backlink export available","LOCALIZED/AVAILABLE — visual suitability unreviewed","0","0","Vastcon; Vincent Pham/P.; Ivey School demo; Alten/ECOM demo; Lorem ipsum","Bay Area; foreign dollar budget; foreign phone/email","Named testimonial/team member; Named demo project","LIKELY_THEME_DEMO","Evidence for business claims; Confirm no listed project is genuine RK Reno work","PROPOSED_NOT_IMPLEMENTED"
"/portfolio/stadium/","https://rkrenosolution.com/portfolio/stadium/","production-404","Page not found – RK Reno Solution","taxonomy","404","404 (not generated)","NOT REVIEWED","not generated","EXISTING_404_LEAVE_GONE","","remain 404","Remove remaining internal references; the portfolio destination is unverified theme-demo content. Linked unique article count: 0; unique introduction not established.","58","https://rkrenosolution.com/portfolio/stadium/","YES — portfolio-category-sitemap","YES","NO","LOW","","","LOW","LOW","UNKNOWN — no Search Console or backlink export available","LOCALIZED/AVAILABLE — visual suitability unreviewed","0","0","NONE FOUND","NONE FOUND","NONE FOUND","NOT_APPLICABLE","Category/tag retention strategy","PROPOSED_NOT_IMPLEMENTED"
"/portfolio/the-ivey-school-of-business/","https://rkrenosolution.com/portfolio/the-ivey-school-of-business/","generated-route","The Ivey School of Business - RK Reno Solution","portfolio","200","200","NEEDS REDESIGN","BaseLayout + generic legacy-content renderer","REMOVE_AND_410","","gone (410)","Repeated Ivey/Vastcon/Vincent demo copy does not establish RK Reno project ownership.","48","https://rkrenosolution.com/portfolio/the-ivey-school-of-business/","YES — portfolio-sitemap","YES","YES","NEAR_DUPLICATE","","/portfolio/axis-industrial-park/","LOW","LOW","UNKNOWN — no Search Console or backlink export available","LOCALIZED/AVAILABLE — visual suitability unreviewed","0","0","Vastcon; Vincent Pham/P.; Ivey School demo; Alten/ECOM demo; Lorem ipsum","Bay Area; foreign dollar budget; foreign phone/email","Named testimonial/team member; Named demo project","LIKELY_THEME_DEMO","Evidence for business claims; Confirm no listed project is genuine RK Reno work","PROPOSED_NOT_IMPLEMENTED"
"/portfolio/transforming-designs-into-reality/","https://rkrenosolution.com/portfolio/transforming-designs-into-reality/","generated-route","Transforming Designs Into Reality - RK Reno Solution","portfolio","200","200","NEEDS REDESIGN","BaseLayout + generic legacy-content renderer","REMOVE_AND_410","","gone (410)","Repeated Ivey/Vastcon/Vincent demo copy does not establish RK Reno project ownership.","81","https://rkrenosolution.com/portfolio/transforming-designs-into-reality/","YES — portfolio-sitemap","YES","YES","NEAR_DUPLICATE","","/portfolio/the-ivey-school-of-business/","LOW","LOW","UNKNOWN — no Search Console or backlink export available","LOCALIZED/AVAILABLE — visual suitability unreviewed","0","0","Vastcon; Vincent Pham/P.; Ivey School demo; Alten/ECOM demo; Lorem ipsum","Bay Area; foreign dollar budget; foreign phone/email","Named testimonial/team member; Named demo project","LIKELY_THEME_DEMO","Evidence for business claims; Confirm no listed project is genuine RK Reno work","PROPOSED_NOT_IMPLEMENTED"
"/portfolio/waterproofing/","https://rkrenosolution.com/portfolio/waterproofing/","production-404","Page not found – RK Reno Solution","taxonomy","404","404 (not generated)","NOT REVIEWED","not generated","EXISTING_404_LEAVE_GONE","","remain 404","Remove remaining internal references; the portfolio destination is unverified theme-demo content. Linked unique article count: 0; unique introduction not established.","61","https://rkrenosolution.com/portfolio/waterproofing/","YES — portfolio-category-sitemap","YES","NO","LOW","","","LOW","LOW","UNKNOWN — no Search Console or backlink export available","LOCALIZED/AVAILABLE — visual suitability unreviewed","0","0","NONE FOUND","NONE FOUND","NONE FOUND","NOT_APPLICABLE","Category/tag retention strategy","PROPOSED_NOT_IMPLEMENTED"
"/pricing-plan/","https://rkrenosolution.com/pricing-plan/","generated-route","Pricing Plan - RK Reno Solution","page","200","200","NEEDS REDESIGN","BaseLayout + generic legacy-content renderer","REMOVE_AND_410","","gone (410)","Imported theme demonstration route; do not redesign or redirect it to the homepage.","14","https://rkrenosolution.com/pricing-plan/","YES — page-sitemap","YES","YES","HIGH","","","LOW","LOW","UNKNOWN — no Search Console or backlink export available","LOCALIZED/AVAILABLE — visual suitability unreviewed","0","0","Demo route name","NONE FOUND","Customer count; Guarantee or warranty","NOT_APPLICABLE","Evidence for business claims","PROPOSED_NOT_IMPLEMENTED"
"/product-category/repair-expand/","https://rkrenosolution.com/product-category/repair-expand/","generated-route","Repair & Expand - RK Reno Solution","product","200","200","NEEDS CONTENT","BaseLayout + generic legacy-content renderer","REMOVE_AND_410","","gone (410)","Imported WooCommerce content; no evidence RK Reno sells these products online.","1","https://rkrenosolution.com/product-category/repair-expand/","YES — product_cat-sitemap","YES","NO","LOW","","","LOW","LOW","UNKNOWN — no Search Console or backlink export available","LOCALIZED/AVAILABLE — visual suitability unreviewed","0","0","NONE FOUND","NONE FOUND","NONE FOUND","NOT_APPLICABLE","None for disposition; owner approval still required","PROPOSED_NOT_IMPLEMENTED"
"/product/blackdecker-circular-saw/","https://rkrenosolution.com/product/blackdecker-circular-saw/","generated-route","Black+Decker Circular Saw - RK Reno Solution","product","200","200","NEEDS CONTENT","BaseLayout + generic legacy-content renderer","REMOVE_AND_410","","gone (410)","Imported WooCommerce content; no evidence RK Reno sells these products online.","1","https://rkrenosolution.com/product/blackdecker-circular-saw/","YES — product-sitemap","YES","YES","LOW","","","LOW","LOW","UNKNOWN — no Search Console or backlink export available","LOCALIZED/AVAILABLE — visual suitability unreviewed","0","0","NONE FOUND","NONE FOUND","NONE FOUND","NOT_APPLICABLE","None for disposition; owner approval still required","PROPOSED_NOT_IMPLEMENTED"
"/product/bosch-js470e-7-0-amp-jigsaw/","https://rkrenosolution.com/product/bosch-js470e-7-0-amp-jigsaw/","generated-route","Bosch JS470E 7.0-Amp Jigsaw - RK Reno Solution","product","200","200","NEEDS REDESIGN","BaseLayout + generic legacy-content renderer","REMOVE_AND_410","","gone (410)","Imported WooCommerce content; no evidence RK Reno sells these products online.","1","https://rkrenosolution.com/product/bosch-js470e-7-0-amp-jigsaw/","YES — product-sitemap","YES","YES","MEDIUM","","","LOW","LOW","UNKNOWN — no Search Console or backlink export available","LOCALIZED/AVAILABLE — visual suitability unreviewed","0","0","NONE FOUND","NONE FOUND","NONE FOUND","NOT_APPLICABLE","None for disposition; owner approval still required","PROPOSED_NOT_IMPLEMENTED"
"/product/cutting-circular-saw/","https://rkrenosolution.com/product/cutting-circular-saw/","generated-route","Cutting Circular Saw - RK Reno Solution","product","200","200","NEEDS REDESIGN","BaseLayout + generic legacy-content renderer","REMOVE_AND_410","","gone (410)","Imported WooCommerce content; no evidence RK Reno sells these products online.","1","https://rkrenosolution.com/product/cutting-circular-saw/","YES — product-sitemap","YES","YES","MEDIUM","","","LOW","LOW","UNKNOWN — no Search Console or backlink export available","LOCALIZED/AVAILABLE — visual suitability unreviewed","0","0","NONE FOUND","NONE FOUND","NONE FOUND","NOT_APPLICABLE","None for disposition; owner approval still required","PROPOSED_NOT_IMPLEMENTED"
"/product/dewalt-dwe575sb-circular-saw/","https://rkrenosolution.com/product/dewalt-dwe575sb-circular-saw/","generated-route","DeWalt DWE575SB Circular Saw - RK Reno Solution","product","200","200","NEEDS CONTENT","BaseLayout + generic legacy-content renderer","REMOVE_AND_410","","gone (410)","Imported WooCommerce content; no evidence RK Reno sells these products online.","1","https://rkrenosolution.com/product/dewalt-dwe575sb-circular-saw/","YES — product-sitemap","YES","YES","LOW","","","LOW","LOW","UNKNOWN — no Search Console or backlink export available","LOCALIZED/AVAILABLE — visual suitability unreviewed","0","0","NONE FOUND","NONE FOUND","NONE FOUND","NOT_APPLICABLE","None for disposition; owner approval still required","PROPOSED_NOT_IMPLEMENTED"
"/product/festool-hk-circular-saw/","https://rkrenosolution.com/product/festool-hk-circular-saw/","generated-route","Festool HK Circular Saw - RK Reno Solution","product","200","200","NEEDS CONTENT","BaseLayout + generic legacy-content renderer","REMOVE_AND_410","","gone (410)","Imported WooCommerce content; no evidence RK Reno sells these products online.","1","https://rkrenosolution.com/product/festool-hk-circular-saw/","YES — product-sitemap","YES","YES","LOW","","","LOW","LOW","UNKNOWN — no Search Console or backlink export available","LOCALIZED/AVAILABLE — visual suitability unreviewed","0","0","NONE FOUND","NONE FOUND","NONE FOUND","NOT_APPLICABLE","None for disposition; owner approval still required","PROPOSED_NOT_IMPLEMENTED"
"/product/makita-5007mg-magnesium-circular-saw/","https://rkrenosolution.com/product/makita-5007mg-magnesium-circular-saw/","generated-route","Makita 5007MG Magnesium Circular Saw - RK Reno Solution","product","200","200","NEEDS CONTENT","BaseLayout + generic legacy-content renderer","REMOVE_AND_410","","gone (410)","Imported WooCommerce content; no evidence RK Reno sells these products online.","1","https://rkrenosolution.com/product/makita-5007mg-magnesium-circular-saw/","YES — product-sitemap","YES","YES","LOW","","","LOW","LOW","UNKNOWN — no Search Console or backlink export available","LOCALIZED/AVAILABLE — visual suitability unreviewed","0","0","NONE FOUND","NONE FOUND","NONE FOUND","NOT_APPLICABLE","None for disposition; owner approval still required","PROPOSED_NOT_IMPLEMENTED"
"/product/metabo-hpt-ripmax-pro-circular-saw/","https://rkrenosolution.com/product/metabo-hpt-ripmax-pro-circular-saw/","generated-route","Metabo HPT Ripmax Pro Circular Saw - RK Reno Solution","product","200","200","NEEDS CONTENT","BaseLayout + generic legacy-content renderer","REMOVE_AND_410","","gone (410)","Imported WooCommerce content; no evidence RK Reno sells these products online.","1","https://rkrenosolution.com/product/metabo-hpt-ripmax-pro-circular-saw/","YES — product-sitemap","YES","YES","LOW","","","LOW","LOW","UNKNOWN — no Search Console or backlink export available","LOCALIZED/AVAILABLE — visual suitability unreviewed","0","0","NONE FOUND","NONE FOUND","NONE FOUND","NOT_APPLICABLE","None for disposition; owner approval still required","PROPOSED_NOT_IMPLEMENTED"
"/product/milwaukee-fuel-circular-saw/","https://rkrenosolution.com/product/milwaukee-fuel-circular-saw/","generated-route","Milwaukee FUEL Circular Saw - RK Reno Solution","product","200","200","NEEDS CONTENT","BaseLayout + generic legacy-content renderer","REMOVE_AND_410","","gone (410)","Imported WooCommerce content; no evidence RK Reno sells these products online.","1","https://rkrenosolution.com/product/milwaukee-fuel-circular-saw/","YES — product-sitemap","YES","YES","LOW","","","LOW","LOW","UNKNOWN — no Search Console or backlink export available","LOCALIZED/AVAILABLE — visual suitability unreviewed","0","0","NONE FOUND","NONE FOUND","NONE FOUND","NOT_APPLICABLE","None for disposition; owner approval still required","PROPOSED_NOT_IMPLEMENTED"
"/product/ryobi-p505-18v-circular-saw/","https://rkrenosolution.com/product/ryobi-p505-18v-circular-saw/","generated-route","Ryobi P505 18V Circular Saw - RK Reno Solution","product","200","200","NEEDS CONTENT","BaseLayout + generic legacy-content renderer","REMOVE_AND_410","","gone (410)","Imported WooCommerce content; no evidence RK Reno sells these products online.","1","https://rkrenosolution.com/product/ryobi-p505-18v-circular-saw/","YES — product-sitemap","YES","YES","LOW","","","LOW","LOW","UNKNOWN — no Search Console or backlink export available","LOCALIZED/AVAILABLE — visual suitability unreviewed","0","0","NONE FOUND","NONE FOUND","NONE FOUND","NOT_APPLICABLE","None for disposition; owner approval still required","PROPOSED_NOT_IMPLEMENTED"
"/product/skil-5280-01-circular-saw/","https://rkrenosolution.com/product/skil-5280-01-circular-saw/","generated-route","Skil 5280-01 Circular Saw - RK Reno Solution","product","200","200","NEEDS CONTENT","BaseLayout + generic legacy-content renderer","REMOVE_AND_410","","gone (410)","Imported WooCommerce content; no evidence RK Reno sells these products online.","1","https://rkrenosolution.com/product/skil-5280-01-circular-saw/","YES — product-sitemap","YES","YES","LOW","","","LOW","LOW","UNKNOWN — no Search Console or backlink export available","LOCALIZED/AVAILABLE — visual suitability unreviewed","0","0","NONE FOUND","NONE FOUND","NONE FOUND","NOT_APPLICABLE","None for disposition; owner approval still required","PROPOSED_NOT_IMPLEMENTED"
"/product/vacuum-cleaner/","https://rkrenosolution.com/product/vacuum-cleaner/","generated-route","Vacuum Cleaner - RK Reno Solution","product","200","200","NEEDS CONTENT","BaseLayout + generic legacy-content renderer","REMOVE_AND_410","","gone (410)","Imported WooCommerce content; no evidence RK Reno sells these products online.","1","https://rkrenosolution.com/product/vacuum-cleaner/","YES — product-sitemap","YES","YES","LOW","","","LOW","LOW","UNKNOWN — no Search Console or backlink export available","LOCALIZED/AVAILABLE — visual suitability unreviewed","0","0","NONE FOUND","NONE FOUND","NONE FOUND","NOT_APPLICABLE","None for disposition; owner approval still required","PROPOSED_NOT_IMPLEMENTED"
"/product/worx-compact-circular-saw/","https://rkrenosolution.com/product/worx-compact-circular-saw/","generated-route","WORX Compact Circular Saw - RK Reno Solution","product","200","200","NEEDS CONTENT","BaseLayout + generic legacy-content renderer","REMOVE_AND_410","","gone (410)","Imported WooCommerce content; no evidence RK Reno sells these products online.","1","https://rkrenosolution.com/product/worx-compact-circular-saw/","YES — product-sitemap","YES","YES","LOW","","","LOW","LOW","UNKNOWN — no Search Console or backlink export available","LOCALIZED/AVAILABLE — visual suitability unreviewed","0","0","NONE FOUND","NONE FOUND","NONE FOUND","NOT_APPLICABLE","None for disposition; owner approval still required","PROPOSED_NOT_IMPLEMENTED"
"/pu-injection-waterproofing-kl-how-to-fix-wall-cracks-permanently/","https://rkrenosolution.com/pu-injection-waterproofing-kl-how-to-fix-wall-cracks-permanently/","generated-route","PU Injection Waterproofing KL: How to Fix Wall Cracks Permanently - RK Reno Solution","post","200","200","NEEDS IMAGES","BaseLayout + generic legacy-content renderer","KEEP_AND_REDESIGN","","index,follow","Route has clear RK Reno business or search intent and should retain its approved content.","73","https://rkrenosolution.com/pu-injection-waterproofing-kl-how-to-fix-wall-cracks-permanently/","YES — post-sitemap","YES","YES","HIGH","","","HIGH","HIGH","UNKNOWN — no Search Console or backlink export available","BLOCKED — 1 hotlinked, 0 missing","1","0","NONE FOUND","NONE FOUND","Guarantee or warranty","NOT_APPLICABLE","Evidence for business claims; Verified original images/project photos","PROPOSED_NOT_IMPLEMENTED"
"/sample-page/","https://rkrenosolution.com/sample-page/","generated-route","Sample Page - RK Reno Solution","page","200","200","NEEDS REDESIGN","BaseLayout + generic legacy-content renderer","REMOVE_AND_410","","gone (410)","Imported theme demonstration route; do not redesign or redirect it to the homepage.","0","https://rkrenosolution.com/sample-page/","YES — page-sitemap","YES","YES","MEDIUM","","","LOW","LOW","UNKNOWN — no Search Console or backlink export available","NO IMAGE DEPENDENCY FOUND","0","0","Demo route name","NONE FOUND","NONE FOUND","NOT_APPLICABLE","None for disposition; owner approval still required","PROPOSED_NOT_IMPLEMENTED"
"/service-category/building-architecture/","https://rkrenosolution.com/service-category/building-architecture/","generated-route","Building Architecture - RK Reno Solution","taxonomy","200","200","NEEDS CONTENT","BaseLayout + generic legacy-content renderer","MERGE_AND_301_REDIRECT","/services/","301 redirect","Imported theme taxonomy/service intent is adequately served by the main Services page. Linked unique article count: 0; unique introduction not established.","0","https://rkrenosolution.com/service-category/building-architecture/","YES — service-category-sitemap","YES","NO","LOW","","","LOW","LOW","UNKNOWN — no Search Console or backlink export available","LOCALIZED/AVAILABLE — visual suitability unreviewed","0","0","NONE FOUND","NONE FOUND","NONE FOUND","NOT_APPLICABLE","Category/tag retention strategy","PROPOSED_NOT_IMPLEMENTED"
"/service-category/building-renovation/","https://rkrenosolution.com/service-category/building-renovation/","generated-route","Building Renovation - RK Reno Solution","taxonomy","200","200","NEEDS CONTENT","BaseLayout + generic legacy-content renderer","MERGE_AND_301_REDIRECT","/services/","301 redirect","Imported theme taxonomy/service intent is adequately served by the main Services page. Linked unique article count: 0; unique introduction not established.","0","https://rkrenosolution.com/service-category/building-renovation/","YES — service-category-sitemap","YES","NO","LOW","","","LOW","LOW","UNKNOWN — no Search Console or backlink export available","LOCALIZED/AVAILABLE — visual suitability unreviewed","0","0","NONE FOUND","NONE FOUND","NONE FOUND","NOT_APPLICABLE","Category/tag retention strategy","PROPOSED_NOT_IMPLEMENTED"
"/service-category/flooring-roofing/","https://rkrenosolution.com/service-category/flooring-roofing/","generated-route","Flooring & Roofing - RK Reno Solution","taxonomy","200","200","NEEDS CONTENT","BaseLayout + generic legacy-content renderer","MERGE_AND_301_REDIRECT","/services/","301 redirect","Imported theme taxonomy/service intent is adequately served by the main Services page. Linked unique article count: 0; unique introduction not established.","0","https://rkrenosolution.com/service-category/flooring-roofing/","YES — service-category-sitemap","YES","NO","LOW","","","LOW","LOW","UNKNOWN — no Search Console or backlink export available","LOCALIZED/AVAILABLE — visual suitability unreviewed","0","0","NONE FOUND","NONE FOUND","NONE FOUND","NOT_APPLICABLE","Category/tag retention strategy","PROPOSED_NOT_IMPLEMENTED"
"/service-category/general-constracting/","https://rkrenosolution.com/service-category/general-constracting/","generated-route","General Constracting - RK Reno Solution","taxonomy","200","200","NEEDS CONTENT","BaseLayout + generic legacy-content renderer","MERGE_AND_301_REDIRECT","/services/","301 redirect","Imported theme taxonomy/service intent is adequately served by the main Services page. Linked unique article count: 0; unique introduction not established.","0","https://rkrenosolution.com/service-category/general-constracting/","YES — service-category-sitemap","YES","NO","LOW","","","LOW","LOW","UNKNOWN — no Search Console or backlink export available","LOCALIZED/AVAILABLE — visual suitability unreviewed","0","0","NONE FOUND","NONE FOUND","NONE FOUND","NOT_APPLICABLE","Category/tag retention strategy","PROPOSED_NOT_IMPLEMENTED"
"/service-category/interior-design/","https://rkrenosolution.com/service-category/interior-design/","generated-route","Interior Design - RK Reno Solution","taxonomy","200","200","NEEDS CONTENT","BaseLayout + generic legacy-content renderer","MERGE_AND_301_REDIRECT","/services/","301 redirect","Imported theme taxonomy/service intent is adequately served by the main Services page. Linked unique article count: 0; unique introduction not established.","0","https://rkrenosolution.com/service-category/interior-design/","YES — service-category-sitemap","YES","NO","LOW","","","LOW","LOW","UNKNOWN — no Search Console or backlink export available","LOCALIZED/AVAILABLE — visual suitability unreviewed","0","0","NONE FOUND","NONE FOUND","NONE FOUND","NOT_APPLICABLE","Category/tag retention strategy","PROPOSED_NOT_IMPLEMENTED"
"/service-category/repair-expand/","https://rkrenosolution.com/service-category/repair-expand/","generated-route","Repair & Expand - RK Reno Solution","taxonomy","200","200","NEEDS CONTENT","BaseLayout + generic legacy-content renderer","MERGE_AND_301_REDIRECT","/services/","301 redirect","Imported theme taxonomy/service intent is adequately served by the main Services page. Linked unique article count: 0; unique introduction not established.","0","https://rkrenosolution.com/service-category/repair-expand/","YES — service-category-sitemap","YES","NO","LOW","","","LOW","LOW","UNKNOWN — no Search Console or backlink export available","LOCALIZED/AVAILABLE — visual suitability unreviewed","0","0","NONE FOUND","NONE FOUND","NONE FOUND","NOT_APPLICABLE","Category/tag retention strategy","PROPOSED_NOT_IMPLEMENTED"
"/service/architecture-design/","https://rkrenosolution.com/service/architecture-design/","generated-route","Architecture Design - RK Reno Solution","service","200","200","NEEDS REDESIGN","BaseLayout + generic legacy-content renderer","MERGE_AND_301_REDIRECT","/services/","301 redirect","Imported theme taxonomy/service intent is adequately served by the main Services page.","36","https://rkrenosolution.com/service/architecture-design/","YES — service-sitemap","YES","YES","HIGH","","","LOW","LOW","UNKNOWN — no Search Console or backlink export available","LOCALIZED/AVAILABLE — visual suitability unreviewed","0","0","Vastcon","foreign phone/email","NONE FOUND","NOT_APPLICABLE","None for disposition; owner approval still required","PROPOSED_NOT_IMPLEMENTED"
"/service/building-construction/","https://rkrenosolution.com/service/building-construction/","generated-route","Building Construction - RK Reno Solution","service","200","200","NEEDS REDESIGN","BaseLayout + generic legacy-content renderer","MERGE_AND_301_REDIRECT","/services/","301 redirect","Imported theme taxonomy/service intent is adequately served by the main Services page.","36","https://rkrenosolution.com/service/building-construction/","YES — service-sitemap","YES","YES","HIGH","","","LOW","LOW","UNKNOWN — no Search Console or backlink export available","LOCALIZED/AVAILABLE — visual suitability unreviewed","0","0","Vastcon","foreign phone/email","NONE FOUND","NOT_APPLICABLE","None for disposition; owner approval still required","PROPOSED_NOT_IMPLEMENTED"
"/service/building-renovation/","https://rkrenosolution.com/service/building-renovation/","generated-route","building renovation - RK Reno Solution","service","200","200","NEEDS REDESIGN","BaseLayout + restored WordPress theme layout","KEEP_AND_REDESIGN","","index,follow","Route has clear RK Reno business or search intent and should retain its approved content.","32","https://rkrenosolution.com/service/building-renovation/","YES — service-sitemap","YES","YES","HIGH","","","HIGH","MEDIUM","UNKNOWN — no Search Console or backlink export available","LOCALIZED/AVAILABLE — visual suitability unreviewed","0","0","Vastcon","foreign phone/email","NONE FOUND","NOT_APPLICABLE","None for disposition; owner approval still required","PROPOSED_NOT_IMPLEMENTED"
"/service/flooring-roofing/","https://rkrenosolution.com/service/flooring-roofing/","generated-route","flooring & roofing - RK Reno Solution","service","200","200","NEEDS REDESIGN","BaseLayout + generic legacy-content renderer","MERGE_AND_301_REDIRECT","/services/","301 redirect","Imported theme taxonomy/service intent is adequately served by the main Services page.","36","https://rkrenosolution.com/service/flooring-roofing/","YES — service-sitemap","YES","YES","HIGH","","","LOW","LOW","UNKNOWN — no Search Console or backlink export available","LOCALIZED/AVAILABLE — visual suitability unreviewed","0","0","Vastcon","foreign phone/email","NONE FOUND","NOT_APPLICABLE","None for disposition; owner approval still required","PROPOSED_NOT_IMPLEMENTED"
"/service/general-contracting/","https://rkrenosolution.com/service/general-contracting/","generated-route","general contracting - RK Reno Solution","service","200","200","NEEDS REDESIGN","BaseLayout + generic legacy-content renderer","MERGE_AND_301_REDIRECT","/services/","301 redirect","Imported theme taxonomy/service intent is adequately served by the main Services page.","36","https://rkrenosolution.com/service/general-contracting/","YES — service-sitemap","YES","YES","HIGH","","","LOW","LOW","UNKNOWN — no Search Console or backlink export available","LOCALIZED/AVAILABLE — visual suitability unreviewed","0","0","Vastcon","foreign phone/email","NONE FOUND","NOT_APPLICABLE","None for disposition; owner approval still required","PROPOSED_NOT_IMPLEMENTED"
"/service/repair-expand/","https://rkrenosolution.com/service/repair-expand/","generated-route","repair & expand - RK Reno Solution","service","200","200","NEEDS REDESIGN","BaseLayout + generic legacy-content renderer","MERGE_AND_301_REDIRECT","/services/","301 redirect","Imported theme taxonomy/service intent is adequately served by the main Services page.","70","https://rkrenosolution.com/service/repair-expand/","YES — service-sitemap","YES","YES","HIGH","","","LOW","LOW","UNKNOWN — no Search Console or backlink export available","LOCALIZED/AVAILABLE — visual suitability unreviewed","0","0","Vastcon","foreign phone/email","NONE FOUND","NOT_APPLICABLE","None for disposition; owner approval still required","PROPOSED_NOT_IMPLEMENTED"
"/services/","https://rkrenosolution.com/services/","generated-route","Services - RK Reno Solution","page","200","200","NEEDS REDESIGN","BaseLayout + restored WordPress theme layout","KEEP_AND_REDESIGN","","index,follow","Route has clear RK Reno business or search intent and should retain its approved content.","38","https://rkrenosolution.com/services/","YES — page-sitemap","YES","YES","HIGH","","","HIGH","MEDIUM","UNKNOWN — no Search Console or backlink export available","LOCALIZED/AVAILABLE — visual suitability unreviewed","0","0","NONE FOUND","NONE FOUND","NONE FOUND","NOT_APPLICABLE","None for disposition; owner approval still required","PROPOSED_NOT_IMPLEMENTED"
"/services/%20https:/rkrenosolution.com/about-us/","https://rkrenosolution.com/services/%20https://rkrenosolution.com/about-us/","production-404","Page not found – RK Reno Solution","page","404","404 (not generated)","NOT REVIEWED","not generated","EXISTING_404_REPAIR","/about-us/","301 redirect","Repair the malformed About link and redirect only this malformed URL.","6","https://rkrenosolution.com/services/%20https://rkrenosolution.com/about-us/","NO","YES","NO","LOW","","","LOW","LOW","UNKNOWN — no Search Console or backlink export available","LOCALIZED/AVAILABLE — visual suitability unreviewed","0","0","NONE FOUND","NONE FOUND","NONE FOUND","NOT_APPLICABLE","None for disposition; owner approval still required","PROPOSED_NOT_IMPLEMENTED"
"/servis-aircond-murah-kl-the-ultimate-2026-guide-to-a-colder-home/","https://rkrenosolution.com/servis-aircond-murah-kl-the-ultimate-2026-guide-to-a-colder-home/","generated-route","Servis Aircond Murah KL: The Ultimate 2026 Guide to a Colder Home - RK Reno Solution","post","200","200","NEEDS IMAGES","BaseLayout + generic legacy-content renderer","KEEP_AND_REDESIGN","","index,follow","Route has clear RK Reno business or search intent and should retain its approved content.","18","https://rkrenosolution.com/servis-aircond-murah-kl-the-ultimate-2026-guide-to-a-colder-home/","YES — post-sitemap","YES","YES","HIGH","","","HIGH","HIGH","UNKNOWN — no Search Console or backlink export available","BLOCKED — 1 hotlinked, 0 missing","1","0","NONE FOUND","NONE FOUND","Guarantee or warranty","NOT_APPLICABLE","Evidence for business claims; Verified original images/project photos","PROPOSED_NOT_IMPLEMENTED"
"/servis-aircond-murah-kl/","https://rkrenosolution.com/servis-aircond-murah-kl/","generated-route","Servis Aircond Murah KL - RK Reno Solution","page","200","200","TECHNICALLY COMPLETE","BaseLayout + page-specific custom layout","KEEP_CONTENT_PAGE","","index,follow","Genuine priority content is retained; owner approval and shared-system review remain.","1","https://rkrenosolution.com/servis-aircond-murah-kl/","YES — page-sitemap","YES","YES","HIGH","","","HIGH","HIGH","UNKNOWN — no Search Console or backlink export available","LOCALIZED/AVAILABLE — visual suitability unreviewed","0","0","NONE FOUND","NONE FOUND","Guarantee or warranty","NOT_APPLICABLE","Evidence for business claims","PROPOSED_NOT_IMPLEMENTED"
"/servis-cuci-rumah-kl-the-ultimate-2026-guide-to-a-spotless-home/","https://rkrenosolution.com/servis-cuci-rumah-kl-the-ultimate-2026-guide-to-a-spotless-home/","generated-route","Servis Cuci Rumah KL: The Ultimate 2026 Guide to a Spotless Home - RK Reno Solution","post","200","200","NEEDS IMAGES","BaseLayout + generic legacy-content renderer","KEEP_AND_REDESIGN","","index,follow","Route has clear RK Reno business or search intent and should retain its approved content.","17","https://rkrenosolution.com/servis-cuci-rumah-kl-the-ultimate-2026-guide-to-a-spotless-home/","YES — post-sitemap","YES","YES","HIGH","","","HIGH","HIGH","UNKNOWN — no Search Console or backlink export available","BLOCKED — 1 hotlinked, 0 missing","1","0","NONE FOUND","NONE FOUND","Guarantee or warranty","NOT_APPLICABLE","Evidence for business claims; Verified original images/project photos","PROPOSED_NOT_IMPLEMENTED"
"/servis-cuci-rumah-kl/","https://rkrenosolution.com/servis-cuci-rumah-kl/","generated-route","Servis Cuci Rumah KL - RK Reno Solution","page","200","200","NEEDS REDESIGN","BaseLayout + generic legacy-content renderer","KEEP_AND_REDESIGN","","index,follow","Route has clear RK Reno business or search intent and should retain its approved content.","1","https://rkrenosolution.com/servis-cuci-rumah-kl/","YES — page-sitemap","YES","YES","HIGH","","","HIGH","HIGH","UNKNOWN — no Search Console or backlink export available","LOCALIZED/AVAILABLE — visual suitability unreviewed","0","0","NONE FOUND","NONE FOUND","Project count; Rating claim","NOT_APPLICABLE","Evidence for business claims","PROPOSED_NOT_IMPLEMENTED"
"/shop/","https://rkrenosolution.com/shop/","generated-route","Shop - RK Reno Solution","page","200","200","NEEDS REDESIGN","BaseLayout + generic legacy-content renderer","REMOVE_AND_410","","gone (410)","Imported WooCommerce content; no evidence RK Reno sells these products online.","28","https://rkrenosolution.com/shop/","YES — page-sitemap","YES","NO","MEDIUM","","","LOW","LOW","UNKNOWN — no Search Console or backlink export available","LOCALIZED/AVAILABLE — visual suitability unreviewed","0","0","NONE FOUND","NONE FOUND","NONE FOUND","NOT_APPLICABLE","None for disposition; owner approval still required","PROPOSED_NOT_IMPLEMENTED"
"/tag/aircond-maintenance/","https://rkrenosolution.com/tag/aircond-maintenance/","generated-route","Aircond Maintenance - RK Reno Solution","taxonomy","200","200","NEEDS CONTENT","BaseLayout + generic legacy-content renderer","KEEP_NOINDEX_TEMPORARILY","","noindex,follow","Thin archive may aid navigation but needs article-count and taxonomy strategy review. Linked unique article count: 1; unique introduction not established.","2","https://rkrenosolution.com/tag/aircond-maintenance/","YES — post_tag-sitemap","YES","NO","LOW","","","MEDIUM","LOW","UNKNOWN — no Search Console or backlink export available","LOCALIZED/AVAILABLE — visual suitability unreviewed","0","0","NONE FOUND","NONE FOUND","NONE FOUND","NOT_APPLICABLE","Category/tag retention strategy","PROPOSED_NOT_IMPLEMENTED"
"/tag/ceiling-works/","https://rkrenosolution.com/tag/ceiling-works/","generated-route","Ceiling Works - RK Reno Solution","taxonomy","200","200","NEEDS CONTENT","BaseLayout + generic legacy-content renderer","MERGE_AND_301_REDIRECT","/category/interior-design/","301 redirect","Exact duplicate thin archive; consolidate on the stronger category route. Linked unique article count: 1; unique introduction not established.","2","https://rkrenosolution.com/tag/ceiling-works/","YES — post_tag-sitemap","YES","NO","EXACT_DUPLICATE","/category/interior-design/","","LOW","LOW","UNKNOWN — no Search Console or backlink export available","LOCALIZED/AVAILABLE — visual suitability unreviewed","0","0","NONE FOUND","NONE FOUND","NONE FOUND","NOT_APPLICABLE","Category/tag retention strategy","PROPOSED_NOT_IMPLEMENTED"
"/tag/cleaning/","https://rkrenosolution.com/tag/cleaning/","generated-route","Cleaning - RK Reno Solution","taxonomy","200","200","NEEDS CONTENT","BaseLayout + generic legacy-content renderer","KEEP_NOINDEX_TEMPORARILY","","noindex,follow","Thin archive may aid navigation but needs article-count and taxonomy strategy review. Linked unique article count: 1; unique introduction not established.","2","https://rkrenosolution.com/tag/cleaning/","YES — post_tag-sitemap","YES","NO","LOW","","","MEDIUM","LOW","UNKNOWN — no Search Console or backlink export available","LOCALIZED/AVAILABLE — visual suitability unreviewed","0","0","NONE FOUND","NONE FOUND","NONE FOUND","NOT_APPLICABLE","Category/tag retention strategy","PROPOSED_NOT_IMPLEMENTED"
"/tag/guide/","https://rkrenosolution.com/tag/guide/","generated-route","Guide - RK Reno Solution","taxonomy","200","200","NEEDS CONTENT","BaseLayout + generic legacy-content renderer","KEEP_NOINDEX_TEMPORARILY","","noindex,follow","Thin archive may aid navigation but needs article-count and taxonomy strategy review. Linked unique article count: 1; unique introduction not established.","2","https://rkrenosolution.com/tag/guide/","YES — post_tag-sitemap","YES","NO","LOW","","","MEDIUM","LOW","UNKNOWN — no Search Console or backlink export available","LOCALIZED/AVAILABLE — visual suitability unreviewed","0","0","NONE FOUND","NONE FOUND","NONE FOUND","NOT_APPLICABLE","Category/tag retention strategy","PROPOSED_NOT_IMPLEMENTED"
"/tag/interior-finishing/","https://rkrenosolution.com/tag/interior-finishing/","generated-route","Interior Finishing - RK Reno Solution","taxonomy","200","200","NEEDS REDESIGN","BaseLayout + generic legacy-content renderer","KEEP_NOINDEX_TEMPORARILY","","noindex,follow","Thin archive may aid navigation but needs article-count and taxonomy strategy review. Linked unique article count: 2; unique introduction not established.","3","https://rkrenosolution.com/tag/interior-finishing/","YES — post_tag-sitemap","YES","NO","MEDIUM","","","MEDIUM","LOW","UNKNOWN — no Search Console or backlink export available","LOCALIZED/AVAILABLE — visual suitability unreviewed","0","0","NONE FOUND","NONE FOUND","NONE FOUND","NOT_APPLICABLE","Category/tag retention strategy","PROPOSED_NOT_IMPLEMENTED"
"/tag/kuala-lumpur/","https://rkrenosolution.com/tag/kuala-lumpur/","generated-route","Kuala Lumpur - RK Reno Solution","taxonomy","200","200","NEEDS CONTENT","BaseLayout + generic legacy-content renderer","MERGE_AND_301_REDIRECT","/category/servis-pembersihan/","301 redirect","Exact duplicate thin archive; consolidate on the stronger category route. Linked unique article count: 1; unique introduction not established.","2","https://rkrenosolution.com/tag/kuala-lumpur/","YES — post_tag-sitemap","YES","NO","EXACT_DUPLICATE","/category/servis-pembersihan/","","LOW","LOW","UNKNOWN — no Search Console or backlink export available","LOCALIZED/AVAILABLE — visual suitability unreviewed","0","0","NONE FOUND","NONE FOUND","NONE FOUND","NOT_APPLICABLE","Category/tag retention strategy","PROPOSED_NOT_IMPLEMENTED"
"/tag/office-fit-out/","https://rkrenosolution.com/tag/office-fit-out/","generated-route","Office Fit-Out - RK Reno Solution","taxonomy","200","200","NEEDS CONTENT","BaseLayout + generic legacy-content renderer","KEEP_NOINDEX_TEMPORARILY","","noindex,follow","Thin archive may aid navigation but needs article-count and taxonomy strategy review. Linked unique article count: 1; unique introduction not established.","2","https://rkrenosolution.com/tag/office-fit-out/","YES — post_tag-sitemap","YES","NO","LOW","","","MEDIUM","LOW","UNKNOWN — no Search Console or backlink export available","LOCALIZED/AVAILABLE — visual suitability unreviewed","0","0","NONE FOUND","NONE FOUND","NONE FOUND","NOT_APPLICABLE","Category/tag retention strategy","PROPOSED_NOT_IMPLEMENTED"
"/tag/pemasangan-aircond/","https://rkrenosolution.com/tag/pemasangan-aircond/","generated-route","Pemasangan Aircond - RK Reno Solution","taxonomy","200","200","NEEDS CONTENT","BaseLayout + generic legacy-content renderer","KEEP_NOINDEX_TEMPORARILY","","noindex,follow","Thin archive may aid navigation but needs article-count and taxonomy strategy review. Linked unique article count: 1; unique introduction not established.","1","https://rkrenosolution.com/tag/pemasangan-aircond/","YES — post_tag-sitemap","YES","NO","LOW","","","MEDIUM","LOW","UNKNOWN — no Search Console or backlink export available","LOCALIZED/AVAILABLE — visual suitability unreviewed","0","0","NONE FOUND","NONE FOUND","NONE FOUND","NOT_APPLICABLE","Category/tag retention strategy","PROPOSED_NOT_IMPLEMENTED"
"/tag/waterproofing/","https://rkrenosolution.com/tag/waterproofing/","generated-route","Waterproofing - RK Reno Solution","taxonomy","200","200","NEEDS REDESIGN","BaseLayout + generic legacy-content renderer","KEEP_NOINDEX_TEMPORARILY","","noindex,follow","Thin archive may aid navigation but needs article-count and taxonomy strategy review. Linked unique article count: 2; unique introduction not established.","3","https://rkrenosolution.com/tag/waterproofing/","YES — post_tag-sitemap","YES","NO","MEDIUM","","","MEDIUM","LOW","UNKNOWN — no Search Console or backlink export available","LOCALIZED/AVAILABLE — visual suitability unreviewed","0","0","NONE FOUND","NONE FOUND","NONE FOUND","NOT_APPLICABLE","Category/tag retention strategy","PROPOSED_NOT_IMPLEMENTED"
"/tag/wiring/","https://rkrenosolution.com/tag/wiring/","generated-route","Wiring - RK Reno Solution","taxonomy","200","200","NEEDS CONTENT","BaseLayout + generic legacy-content renderer","MERGE_AND_301_REDIRECT","/category/technical-guides/","301 redirect","Exact duplicate thin archive; consolidate on the stronger category route. Linked unique article count: 1; unique introduction not established.","2","https://rkrenosolution.com/tag/wiring/","YES — post_tag-sitemap","YES","NO","EXACT_DUPLICATE","/category/technical-guides/","","LOW","LOW","UNKNOWN — no Search Console or backlink export available","LOCALIZED/AVAILABLE — visual suitability unreviewed","0","0","NONE FOUND","NONE FOUND","NONE FOUND","NOT_APPLICABLE","Category/tag retention strategy","PROPOSED_NOT_IMPLEMENTED"
"/team-detail/","https://rkrenosolution.com/team-detail/","generated-route","Team Detail - RK Reno Solution","page","200","200","NEEDS REDESIGN","BaseLayout + generic legacy-content renderer","REMOVE_AND_410","","gone (410)","Imported or obsolete utility content has no verified business purpose.","46","https://rkrenosolution.com/team-detail/","YES — page-sitemap","YES","YES","MEDIUM","","","LOW","LOW","UNKNOWN — no Search Console or backlink export available","LOCALIZED/AVAILABLE — visual suitability unreviewed","0","0","Vastcon; PCL/EllisDon demo","Australia/NSW","Experience claim; Named testimonial/team member","NOT_APPLICABLE","Evidence for business claims","PROPOSED_NOT_IMPLEMENTED"
"/testimonials/","https://rkrenosolution.com/testimonials/","generated-route","Testimonials - RK Reno Solution","page","200","200","NEEDS REDESIGN","BaseLayout + generic legacy-content renderer","OWNER_DECISION_REQUIRED","","noindex,follow","Identity, history, testimonials, or project claims require owner-supplied authentic content.","2","https://rkrenosolution.com/testimonials/","YES — page-sitemap","YES","YES","HIGH","","","UNKNOWN","UNKNOWN","UNKNOWN — no Search Console or backlink export available","LOCALIZED/AVAILABLE — visual suitability unreviewed","0","0","Vastcon; Vincent Pham/P.; Alten/ECOM demo","Bay Area","Named testimonial/team member","NOT_APPLICABLE","Evidence for business claims; Owner decision and authentic replacement content","OWNER_CONFIRMATION_REQUIRED"
"/thank-you/","https://rkrenosolution.com/thank-you/","generated-route","Thank You - RK Reno Solution","page","200","200","NEEDS CONTENT","BaseLayout + generic legacy-content renderer","KEEP_NOINDEX_TEMPORARILY","","noindex,follow","Useful form-flow utility; keep out of search results.","0","https://rkrenosolution.com/thank-you/","YES — page-sitemap","YES","YES","LOW","","","MEDIUM","LOW","UNKNOWN — no Search Console or backlink export available","NO IMAGE DEPENDENCY FOUND","0","0","NONE FOUND","NONE FOUND","NONE FOUND","NOT_APPLICABLE","None for disposition; owner approval still required","PROPOSED_NOT_IMPLEMENTED"
"/upah-pasang-aircond-selangor-panduan-harga-pemasangan-2026/","https://rkrenosolution.com/upah-pasang-aircond-selangor-panduan-harga-pemasangan-2026/","generated-route","Upah Pasang Aircond Selangor 2026 | Harga & Pemasangan","post","200","200","TECHNICALLY COMPLETE","BaseLayout + page-specific custom layout","KEEP_CONTENT_PAGE","","index,follow","Genuine priority content is retained; owner approval and shared-system review remain.","62","https://rkrenosolution.com/upah-pasang-aircond-selangor-panduan-harga-pemasangan-2026/","YES — post-sitemap","YES","YES","HIGH","","","HIGH","HIGH","UNKNOWN — no Search Console or backlink export available","LOCALIZED/AVAILABLE — visual suitability unreviewed","0","0","NONE FOUND","NONE FOUND","NONE FOUND","NOT_APPLICABLE","None for disposition; owner approval still required","PROPOSED_NOT_IMPLEMENTED"
"/upah-pasang-aircond-selangor/","https://rkrenosolution.com/upah-pasang-aircond-selangor/","generated-route","Aircond Installation Selangor | Upah Pasang Aircond","page","200","200","TECHNICALLY COMPLETE","BaseLayout + page-specific custom layout","KEEP_CONTENT_PAGE","","index,follow","Genuine priority content is retained; owner approval and shared-system review remain.","9","https://rkrenosolution.com/upah-pasang-aircond-selangor/","YES — page-sitemap","YES","YES","HIGH","","","HIGH","HIGH","UNKNOWN — no Search Console or backlink export available","LOCALIZED/AVAILABLE — visual suitability unreviewed","0","0","NONE FOUND","NONE FOUND","NONE FOUND","NOT_APPLICABLE","None for disposition; owner approval still required","PROPOSED_NOT_IMPLEMENTED"
"/waterproofing-contractor-kuala-lumpur-the-complete-guide-to-stopping-leaks-2026/","https://rkrenosolution.com/waterproofing-contractor-kuala-lumpur-the-complete-guide-to-stopping-leaks-2026/","generated-route","Waterproofing Contractor Kuala Lumpur: The Complete Guide to Stopping Leaks (2026) - RK Reno Solution","post","200","200","NEEDS IMAGES","BaseLayout + generic legacy-content renderer","KEEP_AND_REDESIGN","","index,follow","Route has clear RK Reno business or search intent and should retain its approved content.","73","https://rkrenosolution.com/waterproofing-contractor-kuala-lumpur-the-complete-guide-to-stopping-leaks-2026/","YES — post-sitemap","YES","YES","HIGH","","","HIGH","HIGH","UNKNOWN — no Search Console or backlink export available","BLOCKED — 1 hotlinked, 0 missing","1","0","NONE FOUND","NONE FOUND","Guarantee or warranty","NOT_APPLICABLE","Evidence for business claims; Verified original images/project photos","PROPOSED_NOT_IMPLEMENTED"
"/waterproofing-contractor-kuala-lumpur/","https://rkrenosolution.com/waterproofing-contractor-kuala-lumpur/","generated-route","Waterproofing Contractor Kuala Lumpur - RK Reno Solution","page","200","200","NEEDS IMAGES","BaseLayout + generic legacy-content renderer","KEEP_AND_REDESIGN","","index,follow","Route has clear RK Reno business or search intent and should retain its approved content.","5","https://rkrenosolution.com/waterproofing-contractor-kuala-lumpur/","YES — page-sitemap","YES","YES","HIGH","","","HIGH","HIGH","UNKNOWN — no Search Console or backlink export available","BLOCKED — 1 hotlinked, 0 missing","1","0","NONE FOUND","NONE FOUND","Project count; Rating claim; Guarantee or warranty; Named testimonial/team member","NOT_APPLICABLE","Evidence for business claims; Verified original images/project photos","PROPOSED_NOT_IMPLEMENTED"
"/wishlist/","https://rkrenosolution.com/wishlist/","generated-route","Wishlist - RK Reno Solution","page","200","200","NEEDS CONTENT","BaseLayout + generic legacy-content renderer","REMOVE_AND_410","","gone (410)","Imported WooCommerce content; no evidence RK Reno sells these products online.","1","https://rkrenosolution.com/wishlist/","YES — page-sitemap","YES","YES","LOW","","","LOW","LOW","UNKNOWN — no Search Console or backlink export available","LOCALIZED/AVAILABLE — visual suitability unreviewed","0","0","NONE FOUND","NONE FOUND","NONE FOUND","NOT_APPLICABLE","None for disposition; owner approval still required","PROPOSED_NOT_IMPLEMENTED"
"/wp-content/uploads/2025/01/home.svg","https://rkrenosolution.com/home-2/","internal-link","","page","200","404","NOT REVIEWED","not generated","REMOVE_AND_410","","gone (410)","Theme-demo alias/asset is not a public RK Reno content page.","0","https://rkrenosolution.com/home-2/","NO","NO","NO","LOW","","","LOW","LOW","UNKNOWN — no Search Console or backlink export available","NO IMAGE DEPENDENCY FOUND","0","0","NONE FOUND","NONE FOUND","NONE FOUND","NOT_APPLICABLE","None for disposition; owner approval still required","PROPOSED_NOT_IMPLEMENTED"
