"route","expectedProductionUrl","expectedHttpStatus","indexability","sitemapIncluded","seoTitle","metaDescription","canonical","robots","h1","h2","h3","openGraphTitle","openGraphDescription","openGraphUrl","openGraphImage","twitterCard","schemaTypes","breadcrumbSchema","faqSchema","serviceSchema","articleSchema","publishedDate","modifiedDate","internalLinkDestinations","imageUrls","imageAltText","language","wordCount","mainContentTextHash"
"/","https://rkrenosolution.com/","200","INDEXABLE","TRUE","Home - RK Reno Solution","RK Reno Solution helps homeowners and businesses plan renovation, aircond, electrical, waterproofing and related property work with clear communication from the first site discussion.","https://rkrenosolution.com/","index, follow","Reliable Renovation Contractor in KL & Selangor","Practical Renovation Solutions for Better Spaces | Renovation, Repair & Installation Services in KL and Selangor | Reliable Service for Homes, Offices & Commercial Spaces | How We Handle Your Project | Get In Touch With Us | What Customers Say About RK Reno Solution | Need Renovation or Repair Work?","Smart Work Planning | Skilled Service Team | PU Injection Waterproofing KL: How to Fix Wall Cracks Permanently | Office Renovation Petaling Jaya: Corporate Fit-Out Experts | Waterproofing Contractor Kuala Lumpur: The Complete Guide to Stopping Leaks (2026) | Upah Pasang Aircond Selangor: Panduan Harga & Pemasangan (2026) | Pakej Deep Cleaning Rumah KL (Termasuk Pre-Hari Raya) | Commercial Retail Shop Renovation in Kuala Lumpur | Local Service Experience | Clean & Careful Workmanship | Clear Communication | Inquiry & Consultation | Site Check & Quotation | Work Planning & Execution | Completion & Handover","Home - RK Reno Solution","RK Reno Solution helps homeowners and businesses plan renovation, aircond, electrical, waterproofing and related property work with clear communication from the first site discussion.","https://rkrenosolution.com/","https://rkrenosolution.com/assets/media/RK-Reno-Solutions-Logo-942f64bb.png","summary_large_image","WebPage","FALSE","FALSE","FALSE","FALSE","","","/services/ | /contact-us/ | /about-us/ | /pu-injection-waterproofing-kl-how-to-fix-wall-cracks-permanently/ | /office-renovation-petaling-jaya-corporate-fit-out-experts/ | /waterproofing-contractor-kuala-lumpur-the-complete-guide-to-stopping-leaks-2026/ | /upah-pasang-aircond-selangor-panduan-harga-pemasangan-2026/ | /pakej-deep-cleaning-rumah-kl-termasuk-pre-hari-raya/ | /commercial-retail-shop-renovation-in-kuala-lumpur/","/assets/media/RK-Reno-Solution-contractor-reviewing-renovation-projec-1fc54dc9.jpg | /assets/media/Plaster-ceiling-and-aircond-installation-dd789b38.jpg | /assets/media/Bathroom-waterproofing-service-in-KL-3293ca94.jpg | /assets/media/Office-renovation-service-in-Selangor-7928d19d.jpg | /assets/media/Bathroom-waterproofing-service-in-KL-3293ca94.jpg | /assets/media/owner/rk-reno-aircond-outdoor-condenser-720.webp | /assets/media/detailed-kitchen-cleaning-kl-67669628.jpg | /assets/media/Renovation-contractor-for-commercial-buildings-93583952.jpg | /assets/media/Modern-building-renovation-and-property-improvement-b1ec6039.jpg | /assets/media/Construction-workers-discussing-renovation-plans-092133b6.jpg | /assets/media/avartar1-90x90-68065c41.webp | /assets/media/avartar1-90x90-68065c41.webp | /assets/media/avartar1-90x90-68065c41.webp | /assets/media/home7-img7-f8f5cbc2.webp","RK Reno Solution contractor reviewing a renovation project | Completed interior installation |  |  |  |  |  |  | Modern building renovation and property improvement | Construction workers discussing renovation plans |  |  |  | ","en","650","e15cc902ee3e1a479c350f00624bd7c7878b8e0e3d91ec1f98da62edf8572298"
"/services/","https://rkrenosolution.com/services/","200","INDEXABLE","TRUE","Services - RK Reno Solution","Explore renovation, repair, installation and maintenance services for residential and commercial properties in Kuala Lumpur and Selangor.","https://rkrenosolution.com/services/","index, follow","Services","Property Services Done With Care and Clear Planning | Site Checking | Workmanship | Clear Communication | Renovation, Repair & Installation Services in KL and Selangor | Practical Information for Your Property Work | Ready to Work Together?","Building Renovation | House Renovation in Kuala Lumpur | House Renovation in Selangor | Office Renovation | Aircond Installation KL | Aircond Installation Selangor | Pakej Deep Cleaning Rumah KL: Scope and Enquiry Guide | Commercial Retail Shop Renovation in Kuala Lumpur | PU Injection Waterproofing KL: Crack and Leak Repair Guide | Office Renovation Petaling Jaya: Corporate Fit-Out Planning | Waterproofing Contractor Kuala Lumpur: Leak Inspection Guide (2026) | Upah Pasang Aircond Selangor: Panduan Harga & Pemasangan","Services - RK Reno Solution","Explore renovation, repair, installation and maintenance services for residential and commercial properties in Kuala Lumpur and Selangor.","https://rkrenosolution.com/services/","https://rkrenosolution.com/assets/media/RK-Reno-Solutions-Logo-942f64bb.png","summary_large_image","WebPage","FALSE","FALSE","FALSE","FALSE","","","/ | /contact-us/ | /service/building-renovation/ | /house-renovation-in-kuala-lumpur/ | /house-renovation-in-selangor/ | /office-renovation-in-kuala-lumpur/ | /aircond-installation-kl/ | /upah-pasang-aircond-selangor/ | /services/ | /faq/ | /home-renovation-contractor-in-subang-jaya/ | /pakej-deep-cleaning-rumah-kl-termasuk-pre-hari-raya/ | /commercial-retail-shop-renovation-in-kuala-lumpur/ | /pu-injection-waterproofing-kl-how-to-fix-wall-cracks-permanently/ | /office-renovation-petaling-jaya-corporate-fit-out-experts/ | /waterproofing-contractor-kuala-lumpur-the-complete-guide-to-stopping-leaks-2026/ | /upah-pasang-aircond-selangor-panduan-harga-pemasangan-2026/","/assets/media/Renovation-contractor-for-commercial-buildings-93583952.jpg | /assets/media/detailed-kitchen-cleaning-kl-67669628.jpg | /assets/media/Renovation-contractor-for-commercial-buildings-93583952.jpg | /assets/media/Bathroom-waterproofing-service-in-KL-3293ca94.jpg | /assets/media/Office-renovation-service-in-Selangor-7928d19d.jpg | /assets/media/Bathroom-waterproofing-service-in-KL-3293ca94.jpg | /assets/media/owner/rk-reno-aircond-outdoor-condenser-720.webp | /assets/media/home7-img7-f8f5cbc2.webp","Renovation contractor working in a commercial building | General kitchen cleaning imagery, not a customer project | General commercial renovation planning imagery | General waterproofing inspection and repair imagery | General office fit-out service imagery | General waterproofing inspection imagery | Owner-supplied image of an outdoor aircond condenser unit | ","en","341","5151400174e7bdf6a57107f64fa9d3acd084d652eff4c1e8e610ff9f534f8aaf"
"/about-us/","https://rkrenosolution.com/about-us/","200","INDEXABLE","TRUE","About us - RK Reno Solution","RK Reno Solution is a Kuala Lumpur–based renovation and property-service business supporting homeowners and business owners across KL and Selangor.","https://rkrenosolution.com/about-us/","index, follow","About Us","Who We Are | Our Mission | Core Values | Reliable Renovation Contractor in KL and Selangor | Practical Site Advice | Careful Workmanship | Clear Work Process | Honest Communication | Simple, Clear and Practical Renovation Support | Meet Our Leadership | Serving Kuala Lumpur, Selangor and Nearby Areas | Ready to Work Together?","Rao Israr | Home Renovation | Office Renovation | Waterproofing Services | Plaster Ceiling and Aircond Installation","About us - RK Reno Solution","RK Reno Solution is a Kuala Lumpur–based renovation and property-service business supporting homeowners and business owners across KL and Selangor.","https://rkrenosolution.com/about-us/","https://rkrenosolution.com/assets/media/RK-Reno-Solutions-Logo-942f64bb.png","summary_large_image","WebPage","FALSE","FALSE","FALSE","FALSE","","","/ | /services/ | /contact-us/ | /house-renovation-in-kuala-lumpur/ | /office-renovation-in-kuala-lumpur/ | /waterproofing-contractor-kuala-lumpur/ | /plaster-ceiling-contractor-kl/","/assets/media/Renovation-contractor-for-commercial-buildings-93583952.jpg | /assets/media/Renovation-planning-and-project-drawings-6cfdb2fc.jpg | /assets/media/Renovation-planning-and-project-drawings-1-ea76b170.jpg | /assets/media/Home-renovation-service-in-KL-422b205c.jpg | /assets/media/Office-renovation-service-in-Selangor-7928d19d.jpg | /assets/media/Bathroom-waterproofing-service-in-KL-3293ca94.jpg | /assets/media/Plaster-ceiling-and-aircond-installation-dd789b38.jpg | /assets/media/Service-areas-in-KL-and-Selangor-0f0a8548.jpg | /assets/media/home7-img7-f8f5cbc2.webp","Renovation work and construction planning | Contractor inspecting renovation work | Renovation planning and project drawings | Home Renovation | Office Renovation | Waterproofing Services | Plaster Ceiling and Aircond Installation | Service areas in Kuala Lumpur and Selangor | ","en","349","bdfc114a00e6cbd8c684009747c8a4ef489caa6d0b229832ac31668e73c003e7"
"/contact-us/","https://rkrenosolution.com/contact-us/","200","INDEXABLE","TRUE","Contact Us - RK Reno Solution","Send the property location, service required and a short description. Photos and approximate measurements can help us understand the enquiry.","https://rkrenosolution.com/contact-us/","index, follow","Contact Us","Have a question? Please contact us using the customer support channels below. | Send Your Enquiry | Share the Property and Work Details","","Contact Us - RK Reno Solution","Send the property location, service required and a short description. Photos and approximate measurements can help us understand the enquiry.","https://rkrenosolution.com/contact-us/","https://rkrenosolution.com/assets/media/RK-Reno-Solutions-Logo-942f64bb.png","summary_large_image","WebPage","FALSE","FALSE","FALSE","FALSE","","","/ | /services/","/assets/media/ct-08-a16e9952.webp","Building and construction visual","en","125","f4b32f9f1d30629ba6d8ca41269b24dbadd05c166abd286fa5cb78d6e768011a"
"/servis-aircond-murah-kl/","https://rkrenosolution.com/servis-aircond-murah-kl/","200","INDEXABLE","TRUE","Servis Aircond Murah KL - RK Reno Solution","Aircond kurang sejuk, berbau atau bocor air? Dapatkan pemeriksaan, pembersihan dan cadangan servis untuk rumah atau pejabat di Kuala Lumpur.","https://rkrenosolution.com/servis-aircond-murah-kl/","index, follow","Servis Aircond Murah KL","Pakar Servis Aircond Murah KL | Kenapa Pilih Kami untuk Servis Aircond Murah KL? | Perkhidmatan Penyaman Udara Menyeluruh | Soalan Lazim Mengenai Servis Aircond Murah KL | Ready to Work Together?","Senarai Harga Servis Aircond Murah KL (2026) | Senarai Harga Servis Aircond Murah KL (2026) | Harga Bajet, Kualiti Premium | Pakej Servis Aircond Murah KL Kami | 1. Temujanji & Diagnosis Awal | 2. Perlindungan Ruang & Cucian | 3. Pemeriksaan Tekanan Gas (PSI) | Sebut Harga Servis Aircond KL | General Service | Chemical Wash Overhaul | Isi & Top-up Gas | Repair & Troubleshoot | Buka & Pasang Aircond | Servis Kontrak Pejabat","Servis Aircond Murah KL - RK Reno Solution","Aircond kurang sejuk, berbau atau bocor air? Dapatkan pemeriksaan, pembersihan dan cadangan servis untuk rumah atau pejabat di Kuala Lumpur.","https://rkrenosolution.com/servis-aircond-murah-kl/","https://rkrenosolution.com/assets/media/RK-Reno-Solutions-Logo-942f64bb.png","summary_large_image","Service | FAQPage","FALSE","TRUE","TRUE","FALSE","","","/ | /contact-us/","/assets/media/owner/rk-reno-aircond-indoor-unit-service-access-960.webp | /assets/media/home7-img7-f8f5cbc2.webp","Owner-supplied wall-mounted aircond unit with service access | ","en","803","23a29d19fd38bd06ae2592ca62d3f89a906154f6b4d90dade7060406b62c38fc"
"/aircond-installation-kl/","https://rkrenosolution.com/aircond-installation-kl/","200","INDEXABLE","TRUE","Aircond Installation KL - RK Reno Solution","Installation for wall-mounted aircond units in Kuala Lumpur homes, condominiums, offices and shops, with the scope confirmed from the unit and site requirements.","https://rkrenosolution.com/aircond-installation-kl/","index, follow","Aircond Installation KL","Professional Aircond Installation KL for Homes, Condos, Offices & Shops | Aircond Installation Services in Kuala Lumpur | What Can Increase the Installation Cost? | Aircond Installation KL Prices | RK Reno Aircond Installation Work | How the Aircond Installation Process Works | Aircond Installation Across Kuala Lumpur | Aircond Installation KL FAQs | Get an Aircond Installation KL Quote | Ready to Work Together?","New Aircond Installation | Replace an Old Unit | Aircond Relocation | Copper Pipe & Drainage | Additional Wiring | Vacuum & Testing | Get a More Accurate Quote | 1.0HP & 1.5HP Wall-Mounted | 2.0HP & 2.5HP Wall-Mounted | Review the Site | Confirm Scope & Price | Install & Connect | Vacuum & Test | Need a detailed installation guide? | Need installation in Selangor? | Need Aircond Servicing? | Need a New Electrical Point?","Aircond Installation KL - RK Reno Solution","Installation for wall-mounted aircond units in Kuala Lumpur homes, condominiums, offices and shops, with the scope confirmed from the unit and site requirements.","https://rkrenosolution.com/aircond-installation-kl/","https://rkrenosolution.com/assets/media/RK-Reno-Solutions-Logo-942f64bb.png","summary_large_image","Service | FAQPage","FALSE","TRUE","TRUE","FALSE","","","/ | /contact-us/","/assets/media/721430356-1623451745783563-6720154604310865920-n-b6c68602.jpg | /assets/media/owner/rk-reno-wall-mounted-aircond-unit-960.webp | /assets/media/owner/rk-reno-aircond-unit-trunking-960.webp | /assets/media/owner/rk-reno-aircond-outdoor-condenser-720.webp | /assets/media/home7-img7-f8f5cbc2.webp","RK Reno technician carrying out aircond installation in Kuala Lumpur | Owner-supplied image of a wall-mounted aircond unit | Owner-supplied image of an aircond unit with trunking | Owner-supplied image of an outdoor aircond condenser unit | ","en","779","2e80003895950bbcfc165eaa1caae68bd0d1d64801e3d1736517d974895aeb7b"
"/upah-pasang-aircond-selangor/","https://rkrenosolution.com/upah-pasang-aircond-selangor/","200","INDEXABLE","TRUE","Aircond Installation Selangor | Upah Pasang Aircond","Servis pemasangan aircond untuk rumah, pejabat dan kedai di Selangor, berdasarkan kapasiti unit, jarak paip, saliran, bekalan elektrik dan keadaan tapak.","https://rkrenosolution.com/upah-pasang-aircond-selangor/","index, follow","Upah Pasang Aircond Selangor untuk Rumah, Pejabat & Kedai","Upah Pasang Aircond Selangor untuk Rumah, Pejabat & Kedai | Servis Aircond Installation Selangor | Apa Yang Boleh Menambah Kos? | Harga Upah Pasang Aircond Selangor | Contoh Kerja Aircond RK Reno | Proses Pemasangan Aircond | Aircond Installation di Selangor & Lembah Klang | FAQ Aircond Installation Selangor | Dapatkan Quotation Aircond Installation Selangor | Ready to Work Together?","Pemasangan Unit Baru | Ganti Unit Lama | Pindah Aircond | Copper Pipe & Drainage | Wiring Tambahan | Vacuum & Testing | Dapatkan Anggaran Lebih Tepat | 1.0HP & 1.5HP Wall-Mounted | 2.0HP & 2.5HP Wall-Mounted | Semak Tapak | Sahkan Skop & Harga | Pasang & Sambung | Vacuum & Test | Perlukan panduan harga yang lebih lengkap? | Mencari servis khusus di Kuala Lumpur?","Aircond Installation Selangor | Upah Pasang Aircond","Servis pemasangan aircond untuk rumah, pejabat dan kedai di Selangor, berdasarkan kapasiti unit, jarak paip, saliran, bekalan elektrik dan keadaan tapak.","https://rkrenosolution.com/upah-pasang-aircond-selangor/","https://rkrenosolution.com/assets/media/RK-Reno-Solutions-Logo-942f64bb.png","summary_large_image","Service | FAQPage","FALSE","TRUE","TRUE","FALSE","","","/ | /contact-us/","/assets/media/721430356-1623451745783563-6720154604310865920-n-b6c68602.jpg | /assets/media/owner/rk-reno-wall-mounted-aircond-unit-960.webp | /assets/media/owner/rk-reno-aircond-unit-trunking-960.webp | /assets/media/owner/rk-reno-aircond-outdoor-condenser-720.webp | /assets/media/home7-img7-f8f5cbc2.webp","Juruteknik RK Reno menjalankan pemasangan aircond di Selangor | Owner-supplied image of a wall-mounted aircond unit | Owner-supplied image of an aircond unit with trunking | Owner-supplied image of an outdoor aircond condenser unit | ","en","683","06ecf74a16af929053d8e919fff55d0adcce8b45cd59eca834afc0b6c163771e"
"/upah-pasang-aircond-selangor-panduan-harga-pemasangan-2026/","https://rkrenosolution.com/upah-pasang-aircond-selangor-panduan-harga-pemasangan-2026/","200","INDEXABLE","TRUE","Upah Pasang Aircond Selangor 2026 | Harga & Pemasangan","Panduan memahami faktor harga, skop standard, bahan, akses dan pengesahan tapak untuk pemasangan aircond di Selangor.","https://rkrenosolution.com/upah-pasang-aircond-selangor-panduan-harga-pemasangan-2026/","index, follow","Upah Pasang Aircond Selangor: Panduan Harga &amp; Pemasangan (2026)","Upah Pasang Aircond Selangor: Panduan Harga & Pemasangan (2026) | 1. Apa Yang Termasuk Dalam Harga Asas? | 2. Gambar Kerja Pemasangan Aircond RK Reno | 3. Copper Pipe & Kualiti Material | 4. Inverter vs Non-Inverter: Ada Beza Pemasangan? | 5. Harga Upah Pasang Aircond Selangor 2026 | 6. Faktor Yang Boleh Menambah Kos Pemasangan | 7. Proses Pemasangan Aircond | 8. Cara Dapatkan Quotation Dengan Cepat | 9. Jenis Tempat Yang Sesuai | 10. Kawasan Servis Pemasangan Aircond Di Selangor | 11. Kenapa Proses Vacuum Penting? | 12. Kenapa Pilih RK Reno Solution? | 13. Soalan Lazim Tentang Upah Pasang Aircond Selangor | Request a clear scope and quotation | Related service | Recent guides | Search","Nak semak harga untuk lokasi anda? | Sudah Beli Aircond dan Cari Orang Pasang? | 1.0HP & 1.5HP Wall-Mounted | 2.0HP & 2.5HP Wall-Mounted | Semak Lokasi | Sahkan Skop & Harga | Pasang Unit | Sambung Copper Pipe | Vacuum Sistem | Testing | Dapatkan Quotation Aircond Melalui WhatsApp","Upah Pasang Aircond Selangor 2026 | Harga & Pemasangan","Panduan memahami faktor harga, skop standard, bahan, akses dan pengesahan tapak untuk pemasangan aircond di Selangor.","https://rkrenosolution.com/upah-pasang-aircond-selangor-panduan-harga-pemasangan-2026/","https://rkrenosolution.com/assets/media/RK-Reno-Solutions-Logo-942f64bb.png","summary_large_image","BlogPosting | FAQPage","FALSE","TRUE","FALSE","TRUE","2026-03-28T11:41:12","2026-07-16T12:46:51","/ | /upah-pasang-aircond-selangor/ | /electrical-services-selangor/ | /aircond-installation-kl/ | /servis-aircond-murah-kl/ | /aircond-installation-kl-the-ultimate-2026-guide-rk-reno-solution/ | /commercial-retail-shop-renovation-in-kuala-lumpur/ | /electrical-services-selangor-the-complete-safety-pricing-guide-2026-edition/ | /house-renovation-in-kuala-lumpur-the-ultimate-planning-cost-guide-2026/ | /house-renovation-in-selangor-the-ultimate-2026-guide-to-extending-your-home/","/assets/media/owner/rk-reno-wall-mounted-aircond-unit-960.webp | /assets/media/owner/rk-reno-wall-mounted-aircond-unit-960.webp | /assets/media/owner/rk-reno-wall-mounted-aircond-unit-960.webp | /assets/media/owner/rk-reno-wall-mounted-aircond-unit-960.webp","Juruteknik RK Reno menjalankan pemasangan aircond di Selangor | Proses vacuum pump semasa pemasangan aircond oleh RK Reno | Persediaan unit aircond baru sebelum pemasangan di Selangor | Juruteknik RK Reno memeriksa indoor unit selepas pemasangan","en","2763","f1455cf76e609d5af39d793d7ab73bd1ab73b6fa09e991a6a6027c3e800f8ac0"
"/service/building-renovation/","https://rkrenosolution.com/service/building-renovation/","200","INDEXABLE","TRUE","building renovation - RK Reno Solution","Improve an existing residential or commercial space with a renovation scope shaped around its condition, function and intended use.","https://rkrenosolution.com/service/building-renovation/","index, follow","Building Renovation","Building Renovation | Service List | Working Process | Building Renovation Questions | Ready to Work Together?","Our Services Include | Consultation | Design & Work | Complete & Maintenance","building renovation - RK Reno Solution","Improve an existing residential or commercial space with a renovation scope shaped around its condition, function and intended use.","https://rkrenosolution.com/service/building-renovation/","https://rkrenosolution.com/assets/media/RK-Reno-Solutions-Logo-942f64bb.png","summary_large_image","Service","FALSE","FALSE","TRUE","FALSE","","","/ | /service/building-renovation/ | /house-renovation-in-kuala-lumpur/ | /house-renovation-in-selangor/ | /office-renovation-in-kuala-lumpur/ | /waterproofing-contractor-kuala-lumpur/ | /contact-us/ | /demolition-contractor-kl-selangor/","/assets/media/Construction-workers-discussing-renovation-plans-092133b6.jpg | /assets/media/RK-Reno-Solution-contractor-reviewing-renovation-projec-1fc54dc9.jpg | /assets/media/home7-img7-f8f5cbc2.webp","Construction workers reviewing renovation plans | Contractor reviewing renovation work | ","en","278","1ad792657dbd82f8f752bdee3a987978837943929ac8557ff239f11d351aec4f"
"/electrical-services-selangor/","https://rkrenosolution.com/electrical-services-selangor/","200","INDEXABLE","TRUE","Electrical Services Selangor - RK Reno Solution","Electrical inspection, troubleshooting, wiring and fitting work for homes, offices and commercial properties in Selangor and Kuala Lumpur.","https://rkrenosolution.com/electrical-services-selangor/","index, follow","Electrical Services Selangor","Electrical Services Selangor | Reliable Electrical Services Selangor & KL | Why Choose Our Electrical Services Selangor? | FAQs on Electrical Services Selangor | Related Service Guides | Ready to Work Together?","Comprehensive Electrical Services Selangor List | 1. Inspection & Diagnosis | 2. Proposal & Quotation | 3. Installation & Cabling | 4. Testing & Handover | Quote for Electrical Services Selangor | Complete Rewiring | DB Box Upgrade | Lighting & Fan | Socket Installation | 3-Phase Upgrade","Electrical Services Selangor - RK Reno Solution","Electrical inspection, troubleshooting, wiring and fitting work for homes, offices and commercial properties in Selangor and Kuala Lumpur.","https://rkrenosolution.com/electrical-services-selangor/","https://rkrenosolution.com/assets/media/RK-Reno-Solutions-Logo-942f64bb.png","summary_large_image","Service | FAQPage","FALSE","TRUE","TRUE","FALSE","","","/ | /services/ | /electrical-services-selangor-the-complete-safety-pricing-guide-2026-edition/ | /office-renovation-in-kuala-lumpur/ | /house-renovation-in-selangor/ | /contact-us/","/assets/media/Construction-workers-discussing-renovation-plans-092133b6.jpg | /assets/media/home7-img7-f8f5cbc2.webp","Property work being reviewed before electrical service | ","en","546","c775f69bddbdaac43f94126e610ad135e9b438a60c6e04df93b3ea350e9eb4ae"
"/house-renovation-in-kuala-lumpur/","https://rkrenosolution.com/house-renovation-in-kuala-lumpur/","200","INDEXABLE","TRUE","House Renovation Cost Kuala Lumpur 2026 | Price Guide","Plan painting, tiling, kitchen, bathroom, ceiling, electrical and repair work around the condition and requirements of your Kuala Lumpur property.","https://rkrenosolution.com/house-renovation-in-kuala-lumpur/","index, follow","House Renovation in Kuala Lumpur","House Renovation Contractor in Kuala Lumpur for Condos, Apartments & Landed Homes | Home Renovation Services in Kuala Lumpur | Minimum Starting Prices for KL Renovation Work | What Can Affect a Kuala Lumpur Renovation Quote? | Renovation Work Examples | House Renovation Process in Kuala Lumpur | House Renovation Across Kuala Lumpur | House Renovation in Kuala Lumpur FAQs | Get a House Renovation Quote in Kuala Lumpur | Ready to Work Together?","Painting & Wall Repair | Tiling & Flooring | Kitchen Renovation | Bathroom Renovation | Wet Works & Extensions | Electrical, Plumbing & Aircond | Painting | Tile Installation Labour | Bathroom Refresh | Basic Bathroom Renovation | Basic Condo Refresh | Basic Kitchen Renovation | Get an Initial KL Renovation Estimate | Share the Project | Review Site & Rules | Confirm Scope & Quote | Complete & Inspect | Renovation in Selangor | Office Renovation | Plaster Ceiling | Waterproofing | Aircond Installation | KL Renovation Guide","House Renovation Cost Kuala Lumpur 2026 | Price Guide","Plan painting, tiling, kitchen, bathroom, ceiling, electrical and repair work around the condition and requirements of your Kuala Lumpur property.","https://rkrenosolution.com/house-renovation-in-kuala-lumpur/","https://rkrenosolution.com/assets/media/RK-Reno-Solutions-Logo-942f64bb.png","summary_large_image","Service | FAQPage","FALSE","TRUE","TRUE","FALSE","","","/ | /services/ | /contact-us/ | /demolition-contractor-kl-selangor/","/assets/media/Home-renovation-service-in-KL-422b205c.jpg | /assets/media/home7-img7-f8f5cbc2.webp","House renovation and living-area improvement example in Kuala Lumpur | ","en","824","ff1b310cc02fd5d90588990641b9326c26728570a6ade84ce57aab6e0ec1c21a"
"/house-renovation-in-selangor/","https://rkrenosolution.com/house-renovation-in-selangor/","200","INDEXABLE","TRUE","House Renovation Selangor | Contractor & Starting Prices","Renovation planning for houses and residential properties across Selangor, from targeted repairs and room updates to coordinated multi-trade work.","https://rkrenosolution.com/house-renovation-in-selangor/","index, follow","House Renovation in Selangor","House Renovation Contractor in Selangor for Small Upgrades & Full Projects | Renovation Work for Homes, Condos, Offices & Shops | Minimum Starting Prices for Renovation Work | What Changes the Renovation Price? | Renovation Work Examples | House Renovation Process | House Renovation Across Selangor | House Renovation in Selangor FAQs | Get a House Renovation Quote in Selangor | Ready to Work Together?","Painting & Wall Repair | Tiling & Flooring | Kitchen Renovation | Bathroom Renovation | Wet Works & Extensions | Electrical, Plumbing & Aircond | Painting | Tile Installation Labour | Bathroom Refresh | Basic Bathroom Renovation | Basic Home Refresh | Basic Kitchen Renovation | Get an Initial Renovation Estimate | Share the Project | Site Review | Confirm Scope & Quote | Work & Handover | Renovation in Kuala Lumpur | Renovation in Subang Jaya | Office Renovation | Electrical Services | Aircond Installation","House Renovation Selangor | Contractor & Starting Prices","Renovation planning for houses and residential properties across Selangor, from targeted repairs and room updates to coordinated multi-trade work.","https://rkrenosolution.com/house-renovation-in-selangor/","https://rkrenosolution.com/assets/media/RK-Reno-Solutions-Logo-942f64bb.png","summary_large_image","Service | FAQPage","FALSE","TRUE","TRUE","FALSE","","","/ | /services/ | /contact-us/ | /demolition-contractor-kl-selangor/","/assets/media/Modern-building-renovation-and-property-improvement-b1ec6039.jpg | /assets/media/home7-img7-f8f5cbc2.webp","House renovation and interior improvement example in Selangor | ","en","797","826f680e576305db240b7d6f841f149246fce14524e7800b2f624ced779f38eb"
"/home-renovation-contractor-in-subang-jaya/","https://rkrenosolution.com/home-renovation-contractor-in-subang-jaya/","200","INDEXABLE","TRUE","Home Renovation Contractor in Subang Jaya - RK Reno Solution","Practical renovation, repair and improvement planning for homes in Subang Jaya, with the final scope based on the property and requested work.","https://rkrenosolution.com/home-renovation-contractor-in-subang-jaya/","index, follow","Home Renovation Contractor in Subang Jaya","Home Renovation Contractor in Subang Jaya | Why Choose Our Home Renovation Contractor in Subang Jaya? | Frequently Asked Questions | Related Service Guides | Ready to Work Together?","Estimated Renovation Costs in Subang Jaya | Estimated Renovation Costs in Subang Jaya | 1. Free Site Visit & Consultation | 2. Itemized Quotation | 3. Dedicated Supervision | Ready to Remodel?","Home Renovation Contractor in Subang Jaya - RK Reno Solution","Practical renovation, repair and improvement planning for homes in Subang Jaya, with the final scope based on the property and requested work.","https://rkrenosolution.com/home-renovation-contractor-in-subang-jaya/","https://rkrenosolution.com/assets/media/RK-Reno-Solutions-Logo-942f64bb.png","summary_large_image","Service | FAQPage","FALSE","TRUE","TRUE","FALSE","","","/ | /services/ | /house-renovation-in-selangor-the-ultimate-2026-guide-to-extending-your-home/ | /house-renovation-in-selangor/ | /contact-us/ | /demolition-contractor-kl-selangor/","/assets/media/Renovation-planning-and-project-drawings-6cfdb2fc.jpg | /assets/media/home7-img7-f8f5cbc2.webp","Neutral renovation planning image for a Subang Jaya home | ","en","481","df90908dbc9e7fa7ec4d4891ddb91f4566486372bd2040c925b9f05f872ecae5"
"/office-renovation-in-kuala-lumpur/","https://rkrenosolution.com/office-renovation-in-kuala-lumpur/","200","INDEXABLE","TRUE","Office Renovation Contractor KL | Fit-Out & Reinstatement","Plan office partitions, flooring, ceilings, electrical points, data requirements and reinstatement around the premises and business needs.","https://rkrenosolution.com/office-renovation-in-kuala-lumpur/","index, follow","Office Renovation in Kuala Lumpur","Office Renovation Contractor in Kuala Lumpur for Small Offices, Corporate Fit-Outs & Reinstatement | Office Fit-Out and Renovation Services | Minimum Starting Prices for Office Renovation | What Changes an Office Renovation Quote? | Office Renovation Scope by Business Need | Check Commercial Building Rules Before Work Starts | Office Renovation Visual Examples | Office Renovation Process | Office Renovation in Kuala Lumpur and Nearby Business Areas | Office Renovation Contractor KL FAQs | Get an Office Renovation Quote in Kuala Lumpur | Ready to Work Together?","Office Partitions | Ceiling & Lighting | Flooring & Carpet | Electrical & Data Points | Painting & Finishing | Office Reinstatement | Light Office Refresh | Basic Office Fit-Out | Office Reinstatement | Get a More Useful Initial Estimate | Small Office Refresh | New Office Fit-Out | Occupied Office Upgrade | Renovation Application | Access & Delivery | Noise & Working Hours | Share Plan & Requirements | Review Site & Building Rules | Confirm Scope & Quotation | Fit-Out, Testing & Handover | Office Renovation Guide | Petaling Jaya Office Renovation | Commercial & Retail Renovation | Electrical Services | Aircond Installation KL | Plaster Ceiling KL","Office Renovation Contractor KL | Fit-Out & Reinstatement","Plan office partitions, flooring, ceilings, electrical points, data requirements and reinstatement around the premises and business needs.","https://rkrenosolution.com/office-renovation-in-kuala-lumpur/","https://rkrenosolution.com/assets/media/RK-Reno-Solutions-Logo-942f64bb.png","summary_large_image","Service | FAQPage","FALSE","TRUE","TRUE","FALSE","","","/ | /services/ | /contact-us/ | /demolition-contractor-kl-selangor/","/assets/media/Office-renovation-service-in-Selangor-7928d19d.jpg | /assets/media/home7-img7-f8f5cbc2.webp","Modern office renovation with open-plan layout and partitions | ","en","984","e8d442bb2e0cc18f23d47aa466932ad51049ba97eb9e9b7d8f626ccbaf732eaa"
"/waterproofing-contractor-kuala-lumpur/","https://rkrenosolution.com/waterproofing-contractor-kuala-lumpur/","200","INDEXABLE","TRUE","Waterproofing Contractor Kuala Lumpur - RK Reno Solution","Arrange inspection for roof, bathroom, balcony, wall and concrete leakage before selecting a repair or waterproofing method.","https://rkrenosolution.com/waterproofing-contractor-kuala-lumpur/","index, follow","Waterproofing Contractor Kuala Lumpur","Waterproofing Contractor Kuala Lumpur | Why Hire Our Waterproofing Contractor Kuala Lumpur Team? | Frequently Asked Questions | Related Service Guides | Ready to Work Together?","Estimated Waterproofing Costs in KL (2026) | Estimated Waterproofing Costs in KL (2026) | Top Waterproofing Contractor Kuala Lumpur Services | 1. Expert Leak Detection | 2. Method Selection | 3. Application Work | Get A Free Quote","Waterproofing Contractor Kuala Lumpur - RK Reno Solution","Arrange inspection for roof, bathroom, balcony, wall and concrete leakage before selecting a repair or waterproofing method.","https://rkrenosolution.com/waterproofing-contractor-kuala-lumpur/","https://rkrenosolution.com/assets/media/RK-Reno-Solutions-Logo-942f64bb.png","summary_large_image","Service | FAQPage","FALSE","TRUE","TRUE","FALSE","","","/ | /services/ | /waterproofing-contractor-kuala-lumpur-the-complete-guide-to-stopping-leaks-2026/ | /pu-injection-waterproofing-kl-how-to-fix-wall-cracks-permanently/ | /house-renovation-in-kuala-lumpur/ | /contact-us/","/assets/media/Bathroom-waterproofing-service-in-KL-3293ca94.jpg | /assets/media/home7-img7-f8f5cbc2.webp","Bathroom waterproofing service image in Kuala Lumpur | ","en","450","e83c7991d174d9b31c7cb1562003dc7d04f672bb95a6062c558f357dee3ab9ab"
"/plaster-ceiling-contractor-kl/","https://rkrenosolution.com/plaster-ceiling-contractor-kl/","200","INDEXABLE","TRUE","Plaster Ceiling Contractor KL - RK Reno Solution","Plaster ceiling installation and repair for homes and offices, coordinated with lighting, aircond access and site measurements.","https://rkrenosolution.com/plaster-ceiling-contractor-kl/","index, follow","Plaster Ceiling Contractor KL","Expert Plaster Ceiling Contractor KL | Your Trusted Plaster Ceiling Contractor KL | Designs by Plaster Ceiling Contractor KL | FAQs for Plaster Ceiling Contractor KL | Related Service Guides | Ready to Work Together?","Estimated Plaster Ceiling Costs in Kuala Lumpur (2026) | Our Recent Ceiling Projects | 1. Design Consultation & Measurement | 2. Framing & Suspension | 3. Boarding & Plastering | 4. Wiring Cut-outs & Painting | Quote from Plaster Ceiling Contractor KL | Flat Plaster Ceiling | L-Box & Light Trough | Cornice Installation | Ceiling Repair | Office Grid Ceiling | Gypsum Feature Wall","Plaster Ceiling Contractor KL - RK Reno Solution","Plaster ceiling installation and repair for homes and offices, coordinated with lighting, aircond access and site measurements.","https://rkrenosolution.com/plaster-ceiling-contractor-kl/","https://rkrenosolution.com/assets/media/RK-Reno-Solutions-Logo-942f64bb.png","summary_large_image","Service | FAQPage","FALSE","TRUE","TRUE","FALSE","","","/ | /services/ | /plaster-ceiling-contractor-kl-the-ultimate-design-pricing-guide-2026/ | /office-renovation-in-kuala-lumpur/ | /house-renovation-in-kuala-lumpur/ | /contact-us/","/assets/media/Plaster-ceiling-and-aircond-installation-dd789b38.jpg | /assets/media/home7-img7-f8f5cbc2.webp","Plaster ceiling and aircond coordination image | ","en","743","d405c3bfcf996637fa7f3655833641407662e5875ab67342e07e7944270a06a5"
"/faq/","https://rkrenosolution.com/faq/","200","INDEXABLE","TRUE","FAQ - RK Reno Solution","Answers about renovation, aircond, electrical, waterproofing, ceiling, quotation and service areas.","https://rkrenosolution.com/faq/","index, follow","Frequently Asked Questions","Couldn’t Find Your Answer? Ask Us Questions! | Renovation and Property-Service Guidance","","FAQ - RK Reno Solution","Answers about renovation, aircond, electrical, waterproofing, ceiling, quotation and service areas.","https://rkrenosolution.com/faq/","https://rkrenosolution.com/assets/media/RK-Reno-Solutions-Logo-942f64bb.png","summary_large_image","FAQPage","FALSE","TRUE","FALSE","FALSE","","","/ | /contact-us/ | /services/","/assets/media/faq1-7160bab8.webp | /assets/media/Modern-building-renovation-and-property-improvement-b1ec6039.jpg"," | Modern building renovation","en","336","b5beb8df8d7129de9f87081391549ed358623cb81dff1601ca11de9f97d90b67"
"/blog/","https://rkrenosolution.com/blog/","200","INDEXABLE","TRUE","Blog - RK Reno Solution","Practical renovation and property-service guides from RK Reno Solution.","https://rkrenosolution.com/blog/","index, follow","Blog","Aircond Installation KL: Planning Guide for 2026 | Commercial Retail Shop Renovation in Kuala Lumpur | Electrical Services Selangor: Safety and Quotation Guide | House Renovation in Kuala Lumpur: Planning and Quotation Guide | House Renovation in Selangor: Home Extension Planning Guide | Office Renovation in Kuala Lumpur: Fit-Out Planning Guide | Office Renovation Petaling Jaya: Corporate Fit-Out Planning | Pakej Deep Cleaning Rumah KL: Scope and Enquiry Guide | Plaster Ceiling Contractor KL: Design & Quotation Guide (2026) | PU Injection Waterproofing KL: Crack and Leak Repair Guide | Servis Aircond KL: Maintenance and Troubleshooting Guide | Servis Cuci Rumah KL: Home Cleaning Planning Guide | Upah Pasang Aircond Selangor: Panduan Harga & Pemasangan | Waterproofing Contractor Kuala Lumpur: Leak Inspection Guide (2026) | Categories | Service Links","","Blog - RK Reno Solution","Practical renovation and property-service guides from RK Reno Solution.","https://rkrenosolution.com/blog/","https://rkrenosolution.com/assets/media/RK-Reno-Solutions-Logo-942f64bb.png","summary_large_image","CollectionPage","FALSE","FALSE","FALSE","FALSE","","","/ | /aircond-installation-kl-the-ultimate-2026-guide-rk-reno-solution/ | /commercial-retail-shop-renovation-in-kuala-lumpur/ | /electrical-services-selangor-the-complete-safety-pricing-guide-2026-edition/ | /house-renovation-in-kuala-lumpur-the-ultimate-planning-cost-guide-2026/ | /house-renovation-in-selangor-the-ultimate-2026-guide-to-extending-your-home/ | /office-renovation-in-kuala-lumpur-the-2026-corporate-guide-to-productivity/ | /office-renovation-petaling-jaya-corporate-fit-out-experts/ | /pakej-deep-cleaning-rumah-kl-termasuk-pre-hari-raya/ | /plaster-ceiling-contractor-kl-the-ultimate-design-pricing-guide-2026/ | /pu-injection-waterproofing-kl-how-to-fix-wall-cracks-permanently/ | /servis-aircond-murah-kl-the-ultimate-2026-guide-to-a-colder-home/ | /servis-cuci-rumah-kl-the-ultimate-2026-guide-to-a-spotless-home/ | /upah-pasang-aircond-selangor-panduan-harga-pemasangan-2026/ | /waterproofing-contractor-kuala-lumpur-the-complete-guide-to-stopping-leaks-2026/ | /category/commercial/ | /category/hvac-guides/ | /category/maintenance/ | /category/renovation/ | /category/servis-pembersihan/ | /category/technical-guides/ | /tag/interior-finishing/ | /tag/office-fit-out/ | /tag/waterproofing/ | /services/ | /contact-us/","/assets/media/owner/rk-reno-wall-mounted-aircond-unit-960.webp | /assets/media/Renovation-contractor-for-commercial-buildings-93583952.jpg | /assets/media/Renovation-planning-and-project-drawings-6cfdb2fc.jpg | /assets/media/Home-renovation-service-in-KL-422b205c.jpg | /assets/media/Modern-building-renovation-and-property-improvement-b1ec6039.jpg | /assets/media/Office-renovation-service-in-Selangor-7928d19d.jpg | /assets/media/Office-renovation-service-in-Selangor-7928d19d.jpg | /assets/media/detailed-kitchen-cleaning-kl-67669628.jpg | /assets/media/Plaster-ceiling-and-aircond-installation-dd789b38.jpg | /assets/media/Bathroom-waterproofing-service-in-KL-3293ca94.jpg | /assets/media/owner/rk-reno-aircond-indoor-unit-service-access-960.webp | /assets/media/detailed-kitchen-cleaning-kl-67669628.jpg | /assets/media/owner/rk-reno-aircond-outdoor-condenser-720.webp | /assets/media/Bathroom-waterproofing-service-in-KL-3293ca94.jpg","Owner-supplied image of a wall-mounted aircond unit | General commercial renovation planning imagery | General property service planning imagery for electrical work | General house renovation service imagery in Kuala Lumpur | General residential renovation and property improvement imagery | General office renovation and fit-out service imagery | General office fit-out service imagery | General kitchen cleaning imagery, not a customer project | General plaster ceiling installation imagery | General waterproofing inspection and repair imagery | Owner-supplied image of a wall-mounted aircond unit and service access area | General kitchen cleaning service imagery | Owner-supplied image of an outdoor aircond condenser unit | General waterproofing inspection imagery","en","438","86f7a4869eed35f57a7e6b3d32d64c2bb04463d1c56b481ef4a226687207c970"
"/commercial-retail-shop-renovation-in-kuala-lumpur/","https://rkrenosolution.com/commercial-retail-shop-renovation-in-kuala-lumpur/","200","INDEXABLE","TRUE","Commercial Retail Shop Renovation in Kuala Lumpur - RK Reno Solution","A practical guide to planning retail layout, services, finishes, access and handover for a Kuala Lumpur shop renovation.","https://rkrenosolution.com/commercial-retail-shop-renovation-in-kuala-lumpur/","index, follow","Commercial Retail Shop Renovation in Kuala Lumpur","Commercial Retail Shop Renovation in Kuala Lumpur | 1. The Unique Challenges of Retail Fit-Outs | 2. Our Core Retail Renovation Services | 3. 2026 Retail Shop Renovation Cost Guide | 4. Our Fast-Track Commercial Workflow | 5. Why Retail Brands Trust RK Reno Solution | Request a clear scope and quotation | Related service | Recent guides | Search","Opening a New Branch in Kuala Lumpur?","Commercial Retail Shop Renovation in Kuala Lumpur - RK Reno Solution","A practical guide to planning retail layout, services, finishes, access and handover for a Kuala Lumpur shop renovation.","https://rkrenosolution.com/commercial-retail-shop-renovation-in-kuala-lumpur/","https://rkrenosolution.com/assets/media/RK-Reno-Solutions-Logo-942f64bb.png","summary_large_image","BlogPosting","FALSE","FALSE","FALSE","TRUE","2026-04-04T14:10:19","2026-04-04T14:12:15","/ | /about-us/ | /house-renovation-in-kuala-lumpur/ | /electrical-services-selangor/ | /upah-pasang-aircond-selangor/ | /plaster-ceiling-contractor-kl/ | /office-renovation-in-kuala-lumpur/ | /aircond-installation-kl-the-ultimate-2026-guide-rk-reno-solution/ | /commercial-retail-shop-renovation-in-kuala-lumpur/ | /electrical-services-selangor-the-complete-safety-pricing-guide-2026-edition/ | /house-renovation-in-kuala-lumpur-the-ultimate-planning-cost-guide-2026/ | /house-renovation-in-selangor-the-ultimate-2026-guide-to-extending-your-home/","/assets/media/Renovation-contractor-for-commercial-buildings-93583952.jpg","Commercial retail shop renovation in Kuala Lumpur showing custom display shelving","en","1569","8f11e03684932273d26d74a329712a050d766560b19a62b84b5a704b614fb041"
"/office-renovation-petaling-jaya-corporate-fit-out-experts/","https://rkrenosolution.com/office-renovation-petaling-jaya-corporate-fit-out-experts/","200","INDEXABLE","TRUE","Office Renovation Petaling Jaya: Corporate Fit-Out Experts - RK Reno Solution","Plan a Petaling Jaya office fit-out around layout, services, building requirements, access and the agreed handover condition.","https://rkrenosolution.com/office-renovation-petaling-jaya-corporate-fit-out-experts/","index, follow","Office Renovation Petaling Jaya: Corporate Fit-Out Experts","Office Renovation Petaling Jaya: Corporate Fit-Out Experts | 1. The Unique Demands of PJ Office Fit-Outs | 2. Our Core Corporate Renovation Services | 3. Estimated Office Renovation Cost Guide (2026) | 4. Our 4-Step Seamless Fit-Out Process | 5. Expert Office Reinstatement Works | Request a clear scope and quotation | Related service | Recent guides | Search","Expanding Your Business in Petaling Jaya?","Office Renovation Petaling Jaya: Corporate Fit-Out Experts - RK Reno Solution","Plan a Petaling Jaya office fit-out around layout, services, building requirements, access and the agreed handover condition.","https://rkrenosolution.com/office-renovation-petaling-jaya-corporate-fit-out-experts/","https://rkrenosolution.com/assets/media/RK-Reno-Solutions-Logo-942f64bb.png","summary_large_image","BlogPosting","FALSE","FALSE","FALSE","TRUE","2026-04-04T14:02:23","2026-04-04T14:03:02","/ | /about-us/ | /upah-pasang-aircond-selangor/ | /house-renovation-in-kuala-lumpur/ | /office-renovation-in-kuala-lumpur/ | /aircond-installation-kl-the-ultimate-2026-guide-rk-reno-solution/ | /commercial-retail-shop-renovation-in-kuala-lumpur/ | /electrical-services-selangor-the-complete-safety-pricing-guide-2026-edition/ | /house-renovation-in-kuala-lumpur-the-ultimate-planning-cost-guide-2026/ | /house-renovation-in-selangor-the-ultimate-2026-guide-to-extending-your-home/","/assets/media/Office-renovation-service-in-Selangor-7928d19d.jpg","Modern office renovation in Petaling Jaya showing glass partitions and carpet flooring","en","1495","57903a4ff552362098bceaf415eab7f053695e56bdaaf8805917482cd14113a2"
"/waterproofing-contractor-kuala-lumpur-the-complete-guide-to-stopping-leaks-2026/","https://rkrenosolution.com/waterproofing-contractor-kuala-lumpur-the-complete-guide-to-stopping-leaks-2026/","200","INDEXABLE","TRUE","Waterproofing Contractor Kuala Lumpur: The Complete Guide to Stopping Leaks (2026) - RK Reno Solution","Understand common leakage signs, inspection areas and quotation factors without assuming a permanent result before the source is assessed.","https://rkrenosolution.com/waterproofing-contractor-kuala-lumpur-the-complete-guide-to-stopping-leaks-2026/","index, follow","Waterproofing Contractor Kuala Lumpur: The Complete Guide to Stopping Leaks (2026)","Waterproofing Contractor Kuala Lumpur: The Complete Guide to Stopping Leaks (2026) | 1. Where is the Water Coming From? | 2. The Magic of PU Injection (No-Hacking Required) | 3. Torch-On Membrane for Flat Roofs | 4. Our Detection & Repair Process | 5. Waterproofing Cost Guide (KL 2026) | 6. Why Trust RK Reno Solution? | Request a clear scope and quotation | Related service | Recent guides | Search","Inter-Floor Leaks (Bathrooms) | RC Flat Roofs & Balconies | External Wall Seepage | Is Your Ceiling Turning Yellow?","Waterproofing Contractor Kuala Lumpur: The Complete Guide to Stopping Leaks (2026) - RK Reno Solution","Understand common leakage signs, inspection areas and quotation factors without assuming a permanent result before the source is assessed.","https://rkrenosolution.com/waterproofing-contractor-kuala-lumpur-the-complete-guide-to-stopping-leaks-2026/","https://rkrenosolution.com/assets/media/RK-Reno-Solutions-Logo-942f64bb.png","summary_large_image","BlogPosting","FALSE","FALSE","FALSE","TRUE","2026-03-28T11:42:55","2026-03-28T11:43:38","/ | /plaster-ceiling-contractor-kl/ | /house-renovation-in-kuala-lumpur/ | /waterproofing-contractor-kuala-lumpur/ | /aircond-installation-kl-the-ultimate-2026-guide-rk-reno-solution/ | /commercial-retail-shop-renovation-in-kuala-lumpur/ | /electrical-services-selangor-the-complete-safety-pricing-guide-2026-edition/ | /house-renovation-in-kuala-lumpur-the-ultimate-planning-cost-guide-2026/ | /house-renovation-in-selangor-the-ultimate-2026-guide-to-extending-your-home/","/assets/media/Bathroom-waterproofing-service-in-KL-3293ca94.jpg","Waterproofing Contractor Kuala Lumpur technician injecting PU grout","en","1510","265a19c9d4e55ba0501b83acb0f1cc28219a798ba7bc57c7a5c5b7b99024307c"
"/plaster-ceiling-contractor-kl-the-ultimate-design-pricing-guide-2026/","https://rkrenosolution.com/plaster-ceiling-contractor-kl-the-ultimate-design-pricing-guide-2026/","200","INDEXABLE","TRUE","Plaster Ceiling Contractor KL: The Ultimate Design & Pricing Guide (2026) - RK Reno Solution","Review ceiling types, lighting coordination, repair considerations and the site information needed for a useful quotation.","https://rkrenosolution.com/plaster-ceiling-contractor-kl-the-ultimate-design-pricing-guide-2026/","index, follow","Plaster Ceiling Contractor KL: The Ultimate Design &amp; Pricing Guide (2026)","Plaster Ceiling Contractor KL: The Ultimate Design & Pricing Guide (2026) | 1. Popular Plaster Ceiling Designs | 2. The Flawless Installation Process | 3. Integrating Lighting and Air Conditioning | 4. Plaster Ceiling Cost Guide (KL 2026) | 5. Solving Water Damage and Sagging | 6. Why Choose RK Reno Solution? | Request a clear scope and quotation | Related service | Recent guides | Search","The Flat Ceiling | L-Box & Cove Lighting (Light Troughs) | Cornice Moldings | Grid Ceilings (For Commercial Offices) | Transform Your Living Space","Plaster Ceiling Contractor KL: The Ultimate Design & Pricing Guide (2026) - RK Reno Solution","Review ceiling types, lighting coordination, repair considerations and the site information needed for a useful quotation.","https://rkrenosolution.com/plaster-ceiling-contractor-kl-the-ultimate-design-pricing-guide-2026/","https://rkrenosolution.com/assets/media/RK-Reno-Solutions-Logo-942f64bb.png","summary_large_image","BlogPosting","FALSE","FALSE","FALSE","TRUE","2026-03-28T11:22:52","2026-03-28T11:24:06","/ | /electrical-services-selangor/ | /office-renovation-in-kuala-lumpur/ | /upah-pasang-aircond-selangor/ | /plaster-ceiling-contractor-kl/ | /aircond-installation-kl-the-ultimate-2026-guide-rk-reno-solution/ | /commercial-retail-shop-renovation-in-kuala-lumpur/ | /electrical-services-selangor-the-complete-safety-pricing-guide-2026-edition/ | /house-renovation-in-kuala-lumpur-the-ultimate-planning-cost-guide-2026/ | /house-renovation-in-selangor-the-ultimate-2026-guide-to-extending-your-home/","/assets/media/Plaster-ceiling-and-aircond-installation-dd789b38.jpg","Plaster Ceiling Contractor KL installing modern L-box gypsum ceiling with cove lighting","en","1604","1a41c2f5321460b6ff26bf0ad3bddd39e0e92c787f58963ccb2eb8392e19eff2"
"/aircond-installation-kl-the-ultimate-2026-guide-rk-reno-solution/","https://rkrenosolution.com/aircond-installation-kl-the-ultimate-2026-guide-rk-reno-solution/","200","INDEXABLE","TRUE","Aircond Installation KL The Ultimate 2026 Guide – RK Reno Solution - RK Reno Solution","Plan aircond capacity, unit type, piping, drainage, vacuuming and testing around the room and actual installation route.","https://rkrenosolution.com/aircond-installation-kl-the-ultimate-2026-guide-rk-reno-solution/","index, follow","Aircond Installation KL The Ultimate 2026 Guide &#8211; RK Reno Solution","Aircond Installation KL: The Definitive Guide to Cooling Your Home (2026 Edition) | 1. Choosing the Right Size: Calculating HP | 2. Inverter vs. Non-Inverter: Is it Worth It? | 3. The Professional Installation Process | 4. Aircond Installation KL Cost Breakdown (2026) | 5. Recommended Brands in Malaysia | 6. Why Choose RK Reno Solution? | Request a clear scope and quotation | Related service | Recent guides | Search","The General Rule of Thumb for KL Weather | How Non-Inverter Works | How Inverter Works | Step 1: Site Survey & Planning | Step 2: Professional Core Drilling | Step 3: Copper Piping & Insulation | Need a Quote for Installation? | Standard Installation Rates (Back-to-Back) | Extra Charges to Watch Out For","Aircond Installation KL The Ultimate 2026 Guide – RK Reno Solution - RK Reno Solution","Plan aircond capacity, unit type, piping, drainage, vacuuming and testing around the room and actual installation route.","https://rkrenosolution.com/aircond-installation-kl-the-ultimate-2026-guide-rk-reno-solution/","https://rkrenosolution.com/assets/media/RK-Reno-Solutions-Logo-942f64bb.png","summary_large_image","BlogPosting","FALSE","FALSE","FALSE","TRUE","2026-03-28T11:01:41","2026-03-28T11:02:54","/ | /aircond-installation-kl/ | /upah-pasang-aircond-selangor/ | /servis-aircond-murah-kl/ | /upah-pasang-aircond-selangor-panduan-harga-pemasangan-2026/ | /contact-us/ | /aircond-installation-kl-the-ultimate-2026-guide-rk-reno-solution/ | /commercial-retail-shop-renovation-in-kuala-lumpur/ | /electrical-services-selangor-the-complete-safety-pricing-guide-2026-edition/ | /house-renovation-in-kuala-lumpur-the-ultimate-planning-cost-guide-2026/ | /house-renovation-in-selangor-the-ultimate-2026-guide-to-extending-your-home/","","","en","1747","d8200a8e1c418c60d28de8dc1806354ca221f3ad66312f2475f40b594adc0a96"
"/electrical-services-selangor-the-complete-safety-pricing-guide-2026-edition/","https://rkrenosolution.com/electrical-services-selangor-the-complete-safety-pricing-guide-2026-edition/","200","INDEXABLE","TRUE","Electrical Services Selangor: The Complete Safety & Pricing Guide (2026 Edition) - RK Reno Solution","Recognise electrical warning signs and prepare for inspection of wiring, sockets, lighting, fans, distribution boards or supply changes.","https://rkrenosolution.com/electrical-services-selangor-the-complete-safety-pricing-guide-2026-edition/","index, follow","Electrical Services Selangor: The Complete Safety &amp; Pricing Guide (2026 Edition)","Electrical Services Selangor: The Complete Safety & Pricing Guide (2026 Edition) | 1. Warning Signs: When to Call an Electrician | 2. Our Core Electrical Services Selangor | 3. The Heart of Safety: DB Box & ELCB | 4. Single Phase vs. 3-Phase Upgrade | 5. Electrical Services Selangor Price Guide (2026) | 6. Why Choose RK Reno Solution? | Request a clear scope and quotation | Related service | Recent guides | Search","A. Whole House Rewiring | B. Socket & Point Installation | C. Lighting & Fan Installation | Worried About Old Wiring? | Installation Costs (Labour + Material) | Major Works","Electrical Services Selangor: The Complete Safety & Pricing Guide (2026 Edition) - RK Reno Solution","Recognise electrical warning signs and prepare for inspection of wiring, sockets, lighting, fans, distribution boards or supply changes.","https://rkrenosolution.com/electrical-services-selangor-the-complete-safety-pricing-guide-2026-edition/","https://rkrenosolution.com/assets/media/RK-Reno-Solutions-Logo-942f64bb.png","summary_large_image","BlogPosting","FALSE","FALSE","FALSE","TRUE","2026-03-28T11:05:35","2026-03-28T11:08:16","/ | /house-renovation-in-kuala-lumpur/ | /electrical-services-selangor/ | /service/building-renovation/ | /contact-us/ | /aircond-installation-kl-the-ultimate-2026-guide-rk-reno-solution/ | /commercial-retail-shop-renovation-in-kuala-lumpur/ | /electrical-services-selangor-the-complete-safety-pricing-guide-2026-edition/ | /house-renovation-in-kuala-lumpur-the-ultimate-planning-cost-guide-2026/ | /house-renovation-in-selangor-the-ultimate-2026-guide-to-extending-your-home/","","","en","1510","0941fa63ce7f696767ded862ec6f565cb25ad3f06e9da0c15a2dc06538590cd6"
"/house-renovation-in-kuala-lumpur-the-ultimate-planning-cost-guide-2026/","https://rkrenosolution.com/house-renovation-in-kuala-lumpur-the-ultimate-planning-cost-guide-2026/","200","INDEXABLE","TRUE","House Renovation Cost Kuala Lumpur 2026 | Price Guide","Plan a Kuala Lumpur house renovation around inspection, layout, coordinated trades, materials, sequencing and a site-based quotation.","https://rkrenosolution.com/house-renovation-in-kuala-lumpur-the-ultimate-planning-cost-guide-2026/","index, follow","House Renovation in Kuala Lumpur: The Ultimate Planning &amp; Cost Guide (2026)","House Renovation in Kuala Lumpur: The Ultimate Planning & Cost Guide (2026) | 1. How Much Does House Renovation Cost in Kuala Lumpur? | 2. Renovation Cost by Project Scope | 3. Room-by-Room Renovation Starting Prices | 4. What Different Renovation Budgets May Cover | 5. Condo vs Landed House Renovation Costs | 6. What Changes the Final Renovation Price? | 7. Correct Renovation Work Sequence | 8. Hidden and Extra Renovation Costs | 9. How to Compare Renovation Quotations | 10. Renovation Approvals and Building Rules | Related Renovation and Property Services | 11. House Renovation Cost FAQs | Request a clear scope and quotation | Related service | Recent guides | Search","Need an estimate for your actual property? | Small Repair or Room Refresh | Basic Cosmetic Home Refresh | Full or Structural Renovation | Painting One Room | Tile Installation Labour | Limited Bathroom Refresh | Basic Bathroom Renovation | Selected Kitchen Refresh | Basic Kitchen Renovation | Condo or Apartment | Landed House | Planning & Approval | Protection, Hacking & Disposal | Wet Works, Plumbing & Electrical | Ceiling, Tiling & Flooring | Carpentry, Fixtures & Painting | Testing, Touch-Up & Handover | For Condos and Apartments | For Landed Properties | Plan Your Renovation with a Clear Scope | House Renovation Kuala Lumpur | House Renovation Selangor | Electrical Services | Plaster Ceiling | Waterproofing | Aircond Installation","House Renovation Cost Kuala Lumpur 2026 | Price Guide","Plan a Kuala Lumpur house renovation around inspection, layout, coordinated trades, materials, sequencing and a site-based quotation.","https://rkrenosolution.com/house-renovation-in-kuala-lumpur-the-ultimate-planning-cost-guide-2026/","https://rkrenosolution.com/assets/media/RK-Reno-Solutions-Logo-942f64bb.png","summary_large_image","BlogPosting | FAQPage","FALSE","TRUE","FALSE","TRUE","2026-03-28T11:10:05","2026-07-18T12:57:03","/ | /house-renovation-in-kuala-lumpur/ | /house-renovation-in-selangor/ | /electrical-services-selangor/ | /plaster-ceiling-contractor-kl/ | /waterproofing-contractor-kuala-lumpur/ | /aircond-installation-kl/ | /service/building-renovation/ | /contact-us/ | /aircond-installation-kl-the-ultimate-2026-guide-rk-reno-solution/ | /commercial-retail-shop-renovation-in-kuala-lumpur/ | /electrical-services-selangor-the-complete-safety-pricing-guide-2026-edition/ | /house-renovation-in-kuala-lumpur-the-ultimate-planning-cost-guide-2026/ | /house-renovation-in-selangor-the-ultimate-2026-guide-to-extending-your-home/","/assets/media/Home-renovation-service-in-KL-422b205c.jpg | /assets/media/Home-renovation-service-in-KL-422b205c.jpg | /assets/media/Home-renovation-service-in-KL-422b205c.jpg","Modern house renovation and living area improvement in Kuala Lumpur | Living area renovation planning example in Kuala Lumpur | Kitchen renovation and finishing example in Kuala Lumpur","en","3026","a1b0949ac87410f24d08482d4e9a968aaafb8bc8f501a707b42162056a8f4fe2"
"/house-renovation-in-selangor-the-ultimate-2026-guide-to-extending-your-home/","https://rkrenosolution.com/house-renovation-in-selangor-the-ultimate-2026-guide-to-extending-your-home/","200","INDEXABLE","TRUE","House Renovation in Selangor: The Ultimate 2026 Guide to Extending Your Home - RK Reno Solution","Review site conditions, layout, structural questions, services and quotation factors before planning a home extension in Selangor.","https://rkrenosolution.com/house-renovation-in-selangor-the-ultimate-2026-guide-to-extending-your-home/","index, follow","House Renovation in Selangor: The Ultimate 2026 Guide to Extending Your Home","House Renovation in Selangor: The Ultimate 2026 Guide to Extending Your Home | 1. Navigating Selangor's Local Councils | 2. Our Core Renovation Services | 3. The Renovation Process: Concept to Keys | 4. 2026 House Renovation Cost Guide (Selangor) | 5. Essential Tips for Selangor Homeowners | 6. Why Choose RK Reno Solution? | Request a clear scope and quotation | Related service | Recent guides | Search","A. Wet Works & Extensions | B. M&E (Mechanical & Electrical) | C. Finishing Works | Step 1: Consultation & Site Measurement | Step 2: Quotation & Material Selection | Step 3: Execution | Step 4: Handover | Planning a Major Extension?","House Renovation in Selangor: The Ultimate 2026 Guide to Extending Your Home - RK Reno Solution","Review site conditions, layout, structural questions, services and quotation factors before planning a home extension in Selangor.","https://rkrenosolution.com/house-renovation-in-selangor-the-ultimate-2026-guide-to-extending-your-home/","https://rkrenosolution.com/assets/media/RK-Reno-Solutions-Logo-942f64bb.png","summary_large_image","BlogPosting","FALSE","FALSE","FALSE","TRUE","2026-03-28T11:12:36","2026-03-28T11:13:12","/ | /electrical-services-selangor/ | /plaster-ceiling-contractor-kl/ | /house-renovation-in-selangor/ | /service/building-renovation/ | /contact-us/ | /aircond-installation-kl-the-ultimate-2026-guide-rk-reno-solution/ | /commercial-retail-shop-renovation-in-kuala-lumpur/ | /electrical-services-selangor-the-complete-safety-pricing-guide-2026-edition/ | /house-renovation-in-kuala-lumpur-the-ultimate-planning-cost-guide-2026/ | /house-renovation-in-selangor-the-ultimate-2026-guide-to-extending-your-home/","/assets/media/Home-renovation-service-in-KL-422b205c.jpg | /assets/media/Home-renovation-service-in-KL-422b205c.jpg","House Renovation in Selangor modern terrace extension | Quality tiling and wet works in Selangor","en","1462","d92ffc96c2bd6926d50c53e2f365d6efd62d9299bf8ee0620bc16c977f9cdf7e"
"/office-renovation-in-kuala-lumpur-the-2026-corporate-guide-to-productivity/","https://rkrenosolution.com/office-renovation-in-kuala-lumpur-the-2026-corporate-guide-to-productivity/","200","INDEXABLE","TRUE","Office Renovation in Kuala Lumpur: The 2026 Corporate Guide to Productivity - RK Reno Solution","Plan an office fit-out around space requirements, building rules, coordinated services, work sequencing and handover.","https://rkrenosolution.com/office-renovation-in-kuala-lumpur-the-2026-corporate-guide-to-productivity/","index, follow","Office Renovation in Kuala Lumpur: The 2026 Corporate Guide to Productivity","Office Renovation in Kuala Lumpur: The 2026 Corporate Guide to Productivity | 1. The Rules: Permits & Building Management | 2. Partitioning: Gypsum vs. Glass | 3. Commercial Flooring Options | 4. The Backbone: Data Cabling & Electrical | 5. Moving Out? Office Reinstatement | 6. Office Renovation Cost Guide (KL 2026) | Why RK Reno Solution? | Request a clear scope and quotation | Related service | Recent guides | Search","Gypsum Board Partition (Drywall) | Tempered Glass Partition | Planning an Office Fit-Out?","Office Renovation in Kuala Lumpur: The 2026 Corporate Guide to Productivity - RK Reno Solution","Plan an office fit-out around space requirements, building rules, coordinated services, work sequencing and handover.","https://rkrenosolution.com/office-renovation-in-kuala-lumpur-the-2026-corporate-guide-to-productivity/","https://rkrenosolution.com/assets/media/RK-Reno-Solutions-Logo-942f64bb.png","summary_large_image","BlogPosting","FALSE","FALSE","FALSE","TRUE","2026-03-28T11:15:05","2026-03-28T11:19:42","/ | /office-renovation-in-kuala-lumpur/ | /service/building-renovation/ | /contact-us/ | /aircond-installation-kl-the-ultimate-2026-guide-rk-reno-solution/ | /commercial-retail-shop-renovation-in-kuala-lumpur/ | /electrical-services-selangor-the-complete-safety-pricing-guide-2026-edition/ | /house-renovation-in-kuala-lumpur-the-ultimate-planning-cost-guide-2026/ | /house-renovation-in-selangor-the-ultimate-2026-guide-to-extending-your-home/","/assets/media/Office-renovation-service-in-Selangor-7928d19d.jpg","Modern Office Renovation in Kuala Lumpur","en","1405","f08c2aa5b4adb68c960937e7b260704e439ce9cc690880a07d8497b4ea9e4353"
"/pakej-deep-cleaning-rumah-kl-termasuk-pre-hari-raya/","https://rkrenosolution.com/pakej-deep-cleaning-rumah-kl-termasuk-pre-hari-raya/","200","INDEXABLE","TRUE","Pakej Deep Cleaning Rumah KL (Termasuk Pre-Hari Raya) - RK Reno Solution","Plan a one-off deep-cleaning enquiry for a Kuala Lumpur home, including current availability, property condition and quotation factors.","https://rkrenosolution.com/pakej-deep-cleaning-rumah-kl-termasuk-pre-hari-raya/","index, follow","Pakej Deep Cleaning Rumah KL (Termasuk Pre-Hari Raya)","Pakej Cuci Rumah KL: Harga & Servis Deep Cleaning 2026 | Pakej Cuci Rumah Untuk Ruang Yang Lebih Bersih | Isi Kandungan | Apa Yang Termasuk Dalam Pakej Cuci Rumah? | Harga Pakej Cuci Rumah KL | Mahukan Harga Untuk Rumah Anda? | Pakej Cuci Rumah Pre-Hari Raya | Cucian Selepas Renovasi Rumah | Servis Tambahan Yang Boleh Digabungkan | Kenapa Pilih RK Reno Solution? | Soalan Lazim Tentang Pakej Cuci Rumah | Tempah Pakej Cuci Rumah Hari Ini | Request a clear scope and quotation | Related service | Recent guides | Search","Deep Cleaning | Post Renovation | Pre-Hari Raya | Servis Ini Sesuai Selepas: | Cuci Dapur Berminyak | Cuci Habuk Plaster Ceiling | Servis Aircond Add-On | Pemeriksaan Awal | Rumah & Pejabat | Fokus Kawasan Penting | Berapa harga pakej cuci rumah di KL? | Apa beza deep cleaning dan cucian biasa? | Adakah pakej ini sesuai selepas renovasi? | Berapa lama masa cuci rumah diambil? | Bagaimana cara tempah pakej cuci rumah?","Pakej Deep Cleaning Rumah KL (Termasuk Pre-Hari Raya) - RK Reno Solution","Plan a one-off deep-cleaning enquiry for a Kuala Lumpur home, including current availability, property condition and quotation factors.","https://rkrenosolution.com/pakej-deep-cleaning-rumah-kl-termasuk-pre-hari-raya/","https://rkrenosolution.com/assets/media/RK-Reno-Solutions-Logo-942f64bb.png","summary_large_image","BlogPosting | FAQPage","FALSE","TRUE","FALSE","TRUE","2026-04-04T14:15:32","2026-05-21T16:00:37","/ | /servis-cuci-rumah-kl/ | /house-renovation-in-kuala-lumpur/ | /plaster-ceiling-contractor-kl/ | /waterproofing-contractor-kuala-lumpur/ | /upah-pasang-aircond-selangor/ | /contact-us/ | /servis-cuci-rumah-kl-the-ultimate-2026-guide-to-a-spotless-home/ | /aircond-installation-kl-the-ultimate-2026-guide-rk-reno-solution/ | /commercial-retail-shop-renovation-in-kuala-lumpur/ | /electrical-services-selangor-the-complete-safety-pricing-guide-2026-edition/ | /house-renovation-in-kuala-lumpur-the-ultimate-planning-cost-guide-2026/ | /house-renovation-in-selangor-the-ultimate-2026-guide-to-extending-your-home/","/assets/media/servis-cuci-rumah-kl-2e2d046e.jpg | /assets/media/servis-cuci-rumah-kl-2e2d046e.jpg | /assets/media/servis-cuci-rumah-kl-2e2d046e.jpg | /assets/media/servis-cuci-rumah-kl-2e2d046e.jpg | /assets/media/servis-cuci-rumah-kl-2e2d046e.jpg | /assets/media/servis-cuci-rumah-kl-2e2d046e.jpg | /assets/media/servis-cuci-rumah-kl-2e2d046e.jpg","deep cleaning rumah Kuala Lumpur | cuci bilik air rumah kl | pakej cuci rumah hari raya | cucian selepas renovasi rumah | cuci dapur rumah berminyak | cuci habuk plaster ceiling | servis aircond dan cuci rumah","en","2140","bad1e493fdaafd9f111e4225b7b6adf284c552e8a8b16f2b2962168e437d10ae"
"/pu-injection-waterproofing-kl-how-to-fix-wall-cracks-permanently/","https://rkrenosolution.com/pu-injection-waterproofing-kl-how-to-fix-wall-cracks-permanently/","200","INDEXABLE","TRUE","PU Injection Waterproofing KL: How to Fix Wall Cracks Permanently - RK Reno Solution","Understand when PU injection may be considered and why the crack, water source, structure and site condition must be inspected first.","https://rkrenosolution.com/pu-injection-waterproofing-kl-how-to-fix-wall-cracks-permanently/","index, follow","PU Injection Waterproofing KL: How to Fix Wall Cracks Permanently","PU Injection Waterproofing KL: How to Fix Wall Cracks Permanently | 1. What is PU Injection Waterproofing? | 2. Why Do Concrete Walls & Ceilings Crack? | 3. How the PU Grouting Process Works (No Hacking) | 4. 2026 Cost Guide for PU Injection in KL | 5. Why Choose RK Reno for Wall Crack Repair? | Request a clear scope and quotation | Related service | Recent guides | Search","Stop the Leak Before It Ruins Your Home","PU Injection Waterproofing KL: How to Fix Wall Cracks Permanently - RK Reno Solution","Understand when PU injection may be considered and why the crack, water source, structure and site condition must be inspected first.","https://rkrenosolution.com/pu-injection-waterproofing-kl-how-to-fix-wall-cracks-permanently/","https://rkrenosolution.com/assets/media/RK-Reno-Solutions-Logo-942f64bb.png","summary_large_image","BlogPosting","FALSE","FALSE","FALSE","TRUE","2026-04-04T14:08:09","2026-04-04T14:08:49","/ | /waterproofing-contractor-kuala-lumpur/ | /plaster-ceiling-contractor-kl/ | /house-renovation-in-kuala-lumpur/ | /service/building-renovation/ | /contact-us/ | /aircond-installation-kl-the-ultimate-2026-guide-rk-reno-solution/ | /commercial-retail-shop-renovation-in-kuala-lumpur/ | /electrical-services-selangor-the-complete-safety-pricing-guide-2026-edition/ | /house-renovation-in-kuala-lumpur-the-ultimate-planning-cost-guide-2026/ | /house-renovation-in-selangor-the-ultimate-2026-guide-to-extending-your-home/","/assets/media/Bathroom-waterproofing-service-in-KL-3293ca94.jpg","PU injection waterproofing KL technician sealing wall cracks","en","1563","f57ac7b5689a5b290679199e1e06658c2cd54c9d0d9c70fe57d404fe53cc448e"
"/servis-aircond-murah-kl-the-ultimate-2026-guide-to-a-colder-home/","https://rkrenosolution.com/servis-aircond-murah-kl-the-ultimate-2026-guide-to-a-colder-home/","200","INDEXABLE","TRUE","Servis Aircond Murah KL: The Ultimate 2026 Guide to a Colder Home - RK Reno Solution","Understand routine aircond cleaning, common warning signs and when uncertain cooling or leakage problems need inspection.","https://rkrenosolution.com/servis-aircond-murah-kl-the-ultimate-2026-guide-to-a-colder-home/","index, follow","Servis Aircond Murah KL: The Ultimate 2026 Guide to a Colder Home","Servis Aircond Murah KL: The Ultimate 2026 Guide to a Colder Home | 1. Tanda-Tanda (Signs) Your Aircond Needs Servicing | 2. General Service vs. Chemical Wash: Which One? | 3. The Gas Refill Scam: Do You Really Need It? | 4. Harga Servis Aircond Murah KL (2026 Guide) | 5. Troubleshooting Common Problems | 6. Kenapa Pilih RK Reno Solution? | Request a clear scope and quotation | Related service | Recent guides | Search","General Service (Cuci Biasa) | Chemical Wash (Cuci Chemical) | Aircond Tak Sejuk atau Leaking?","Servis Aircond Murah KL: The Ultimate 2026 Guide to a Colder Home - RK Reno Solution","Understand routine aircond cleaning, common warning signs and when uncertain cooling or leakage problems need inspection.","https://rkrenosolution.com/servis-aircond-murah-kl-the-ultimate-2026-guide-to-a-colder-home/","https://rkrenosolution.com/assets/media/RK-Reno-Solutions-Logo-942f64bb.png","summary_large_image","BlogPosting","FALSE","FALSE","FALSE","TRUE","2026-03-28T11:25:47","2026-03-28T11:26:25","/ | /servis-aircond-murah-kl/ | /aircond-installation-kl/ | /aircond-installation-kl-the-ultimate-2026-guide-rk-reno-solution/ | /contact-us/ | /commercial-retail-shop-renovation-in-kuala-lumpur/ | /electrical-services-selangor-the-complete-safety-pricing-guide-2026-edition/ | /house-renovation-in-kuala-lumpur-the-ultimate-planning-cost-guide-2026/ | /house-renovation-in-selangor-the-ultimate-2026-guide-to-extending-your-home/","/assets/media/owner/rk-reno-aircond-indoor-unit-service-access-960.webp","Servis Aircond Murah KL technician cleaning wall mounted unit filter","en","1480","adc9c7f5eb6f4ccbf828244f6591a27f3b1163e8237413291997eac4c3f027f7"
"/servis-cuci-rumah-kl-the-ultimate-2026-guide-to-a-spotless-home/","https://rkrenosolution.com/servis-cuci-rumah-kl-the-ultimate-2026-guide-to-a-spotless-home/","200","INDEXABLE","TRUE","Servis Cuci Rumah KL: The Ultimate 2026 Guide to a Spotless Home - RK Reno Solution","Prepare a clear home-cleaning scope around rooms, surfaces, access, property condition and the level of cleaning required.","https://rkrenosolution.com/servis-cuci-rumah-kl-the-ultimate-2026-guide-to-a-spotless-home/","index, follow","Servis Cuci Rumah KL: The Ultimate 2026 Guide to a Spotless Home","Servis Cuci Rumah KL: The Ultimate 2026 Guide to a Spotless Home | 1. Types of Cleaning (Jenis Cucian Rumah) | 2. The Danger of Post-Renovation Dust | 3. Our Step-by-Step Cleaning Process | 4. Do You Need to Provide Equipment? | 5. Harga Servis Cuci Rumah KL (2026 Guide) | 6. Kenapa Pilih RK Reno Solution? | Request a clear scope and quotation | Related service | Recent guides | Search","Move-In / Move-Out Cleaning | Post-Renovation Cleaning (Cuci Lepas Reno) | Spring Cleaning (Cuci Raya / Deep Clean) | Rumah Berhabuk Selepas Renovation?","Servis Cuci Rumah KL: The Ultimate 2026 Guide to a Spotless Home - RK Reno Solution","Prepare a clear home-cleaning scope around rooms, surfaces, access, property condition and the level of cleaning required.","https://rkrenosolution.com/servis-cuci-rumah-kl-the-ultimate-2026-guide-to-a-spotless-home/","https://rkrenosolution.com/assets/media/RK-Reno-Solutions-Logo-942f64bb.png","summary_large_image","BlogPosting","FALSE","FALSE","FALSE","TRUE","2026-03-28T11:39:14","2026-03-28T11:40:14","/ | /house-renovation-in-kuala-lumpur/ | /plaster-ceiling-contractor-kl/ | /servis-cuci-rumah-kl/ | /pakej-deep-cleaning-rumah-kl-termasuk-pre-hari-raya/ | /services/ | /contact-us/ | /aircond-installation-kl-the-ultimate-2026-guide-rk-reno-solution/ | /commercial-retail-shop-renovation-in-kuala-lumpur/ | /electrical-services-selangor-the-complete-safety-pricing-guide-2026-edition/ | /house-renovation-in-kuala-lumpur-the-ultimate-planning-cost-guide-2026/ | /house-renovation-in-selangor-the-ultimate-2026-guide-to-extending-your-home/","/assets/media/servis-cuci-rumah-kl-2e2d046e.jpg","Professional Servis Cuci Rumah KL team performing deep cleaning","en","1492","6f88f2a78cd1305ad9e95b17e6dee108af4eeeb7bfbc58cda91d38d36131e670"
"/servis-cuci-rumah-kl/","https://rkrenosolution.com/servis-cuci-rumah-kl/","200","INDEXABLE","TRUE","Servis Cuci Rumah KL - RK Reno Solution","Enquire about general, deep, move-in or move-out, and post-renovation home cleaning in Kuala Lumpur, subject to the current supported scope.","https://rkrenosolution.com/servis-cuci-rumah-kl/","index, follow","Servis Cuci Rumah KL","Pakar Servis Cuci Rumah KL | Kenapa Pilih Kami untuk Servis Cuci Rumah KL? | Pakej Servis Cuci Rumah KL | FAQ Mengenai Servis Cuci Rumah KL | Panduan Berkaitan | Ready to Work Together?","Pakar Servis Cuci Rumah KL (Deep Cleaning) | Senarai Servis Cuci Rumah KL Kami | 1. Booking & Assessment | 2. Team Arrival | 3. Top-to-Bottom Cleaning | 4. Final Inspection | Quote Servis Cuci Rumah KL | Post-Renovation | Move-In / Move-Out | Spring Cleaning | Fabric Cleaning | Office Cleaning | Part-Time Maid","Servis Cuci Rumah KL - RK Reno Solution","Enquire about general, deep, move-in or move-out, and post-renovation home cleaning in Kuala Lumpur, subject to the current supported scope.","https://rkrenosolution.com/servis-cuci-rumah-kl/","https://rkrenosolution.com/assets/media/RK-Reno-Solutions-Logo-942f64bb.png","summary_large_image","Service | FAQPage","FALSE","TRUE","TRUE","FALSE","","","/ | /services/ | /servis-cuci-rumah-kl-the-ultimate-2026-guide-to-a-spotless-home/ | /pakej-deep-cleaning-rumah-kl-termasuk-pre-hari-raya/ | /contact-us/","/assets/media/detailed-kitchen-cleaning-kl-67669628.jpg | /assets/media/servis-cuci-rumah-kl-2e2d046e.jpg | /assets/media/detailed-kitchen-cleaning-kl-67669628.jpg | /assets/media/home7-img7-f8f5cbc2.webp","Detailed kitchen cleaning service in Kuala Lumpur | Professional Servis Cuci Rumah KL team performing deep cleaning in living room | Detailed kitchen cleaning as part of our Servis Cuci Rumah KL package | ","en","642","b793b11f2c2da8277af026a919414cea00579ceaa2a564f68c5efa1de53c527e"
"/thank-you/","https://rkrenosolution.com/thank-you/","200","NOINDEX_NOFOLLOW","FALSE","Thank You - RK Reno Solution","Thank You! Your feedback has been submitted successfully. We appreciate your time and effort to help us improve!","https://rkrenosolution.com/thank-you/","noindex, nofollow","Thank You","A direct visit does not confirm an enquiry was submitted","","Thank You - RK Reno Solution","Thank You! Your feedback has been submitted successfully. We appreciate your time and effort to help us improve!","https://rkrenosolution.com/thank-you/","https://rkrenosolution.com/assets/media/RK-Reno-Solutions-Logo-942f64bb.png","summary_large_image","WebPage","FALSE","FALSE","FALSE","FALSE","","","/ | /contact-us/ | /services/","","","en","76","fe1976de1e5ac8f3ca0f530d8a516f2312c8b330df880925428e266f6948ea77"
"/category/commercial/","https://rkrenosolution.com/category/commercial/","200","NOINDEX_FOLLOW","FALSE","Commercial - RK Reno Solution","Planning guides for retail and office renovation, including layout, services, access and handover considerations.","https://rkrenosolution.com/category/commercial/","noindex, follow","Commercial","Latest articles | Commercial Retail Shop Renovation in Kuala Lumpur | Office Renovation in Kuala Lumpur: Fit-Out Planning Guide | Office Renovation Petaling Jaya: Corporate Fit-Out Planning | Categories & topics | Discuss the property and work scope | Connect the guide to the actual property","","Commercial - RK Reno Solution","Planning guides for retail and office renovation, including layout, services, access and handover considerations.","https://rkrenosolution.com/category/commercial/","https://rkrenosolution.com/assets/media/RK-Reno-Solutions-Logo-942f64bb.png","summary_large_image","CollectionPage","FALSE","FALSE","FALSE","FALSE","","","/ | /commercial-retail-shop-renovation-in-kuala-lumpur/ | /office-renovation-in-kuala-lumpur-the-2026-corporate-guide-to-productivity/ | /office-renovation-petaling-jaya-corporate-fit-out-experts/ | /category/commercial/ | /category/hvac-guides/ | /category/maintenance/ | /category/renovation/ | /category/servis-pembersihan/ | /category/technical-guides/ | /tag/interior-finishing/ | /tag/office-fit-out/ | /tag/waterproofing/ | /office-renovation-in-kuala-lumpur/ | /contact-us/ | /blog/","","","en","177","85deff0ff19862477b7099f741bf21df4f613675def30ecf460a87cd386657b6"
"/category/hvac-guides/","https://rkrenosolution.com/category/hvac-guides/","200","NOINDEX_FOLLOW","FALSE","HVAC Guides - RK Reno Solution","Aircond guides covering installation planning, maintenance and quotation factors for Kuala Lumpur and Selangor properties.","https://rkrenosolution.com/category/hvac-guides/","noindex, follow","HVAC Guides","Latest articles | Aircond Installation KL: Planning Guide for 2026 | Servis Aircond KL: Maintenance and Troubleshooting Guide | Upah Pasang Aircond Selangor: Panduan Harga & Pemasangan | Categories & topics | Discuss the property and work scope | Connect the guide to the actual property","","HVAC Guides - RK Reno Solution","Aircond guides covering installation planning, maintenance and quotation factors for Kuala Lumpur and Selangor properties.","https://rkrenosolution.com/category/hvac-guides/","https://rkrenosolution.com/assets/media/RK-Reno-Solutions-Logo-942f64bb.png","summary_large_image","CollectionPage","FALSE","FALSE","FALSE","FALSE","","","/ | /aircond-installation-kl-the-ultimate-2026-guide-rk-reno-solution/ | /servis-aircond-murah-kl-the-ultimate-2026-guide-to-a-colder-home/ | /upah-pasang-aircond-selangor-panduan-harga-pemasangan-2026/ | /category/commercial/ | /category/hvac-guides/ | /category/maintenance/ | /category/renovation/ | /category/servis-pembersihan/ | /category/technical-guides/ | /tag/interior-finishing/ | /tag/office-fit-out/ | /tag/waterproofing/ | /aircond-installation-kl/ | /contact-us/ | /blog/","","","en","173","294855087f270981d17754aa8b3aedb007fe603888753ca3cb82f349799813ec"
"/category/maintenance/","https://rkrenosolution.com/category/maintenance/","200","NOINDEX_FOLLOW","FALSE","Maintenance - RK Reno Solution","Maintenance planning for aircond servicing, cleaning, leakage inspection and site-dependent repair work.","https://rkrenosolution.com/category/maintenance/","noindex, follow","Maintenance","Latest articles | Pakej Deep Cleaning Rumah KL: Scope and Enquiry Guide | PU Injection Waterproofing KL: Crack and Leak Repair Guide | Servis Aircond KL: Maintenance and Troubleshooting Guide | Servis Cuci Rumah KL: Home Cleaning Planning Guide | Waterproofing Contractor Kuala Lumpur: Leak Inspection Guide (2026) | Categories & topics | Discuss the property and work scope | Connect the guide to the actual property","","Maintenance - RK Reno Solution","Maintenance planning for aircond servicing, cleaning, leakage inspection and site-dependent repair work.","https://rkrenosolution.com/category/maintenance/","https://rkrenosolution.com/assets/media/RK-Reno-Solutions-Logo-942f64bb.png","summary_large_image","CollectionPage","FALSE","FALSE","FALSE","FALSE","","","/ | /pakej-deep-cleaning-rumah-kl-termasuk-pre-hari-raya/ | /pu-injection-waterproofing-kl-how-to-fix-wall-cracks-permanently/ | /servis-aircond-murah-kl-the-ultimate-2026-guide-to-a-colder-home/ | /servis-cuci-rumah-kl-the-ultimate-2026-guide-to-a-spotless-home/ | /waterproofing-contractor-kuala-lumpur-the-complete-guide-to-stopping-leaks-2026/ | /category/commercial/ | /category/hvac-guides/ | /category/maintenance/ | /category/renovation/ | /category/servis-pembersihan/ | /category/technical-guides/ | /tag/interior-finishing/ | /tag/office-fit-out/ | /tag/waterproofing/ | /services/ | /contact-us/ | /blog/","","","en","237","2543fd3699fdc8d07e029a0493964cd8ef4a433a044398338594f3fdcc49169c"
"/category/renovation/","https://rkrenosolution.com/category/renovation/","200","NOINDEX_FOLLOW","FALSE","Renovation - RK Reno Solution","Residential and retail renovation guides covering scope, materials, coordination, sequencing, quotation and handover.","https://rkrenosolution.com/category/renovation/","noindex, follow","Renovation","Latest articles | Commercial Retail Shop Renovation in Kuala Lumpur | House Renovation in Kuala Lumpur: Planning and Quotation Guide | House Renovation in Selangor: Home Extension Planning Guide | Categories & topics | Discuss the property and work scope | Connect the guide to the actual property","","Renovation - RK Reno Solution","Residential and retail renovation guides covering scope, materials, coordination, sequencing, quotation and handover.","https://rkrenosolution.com/category/renovation/","https://rkrenosolution.com/assets/media/RK-Reno-Solutions-Logo-942f64bb.png","summary_large_image","CollectionPage","FALSE","FALSE","FALSE","FALSE","","","/ | /commercial-retail-shop-renovation-in-kuala-lumpur/ | /house-renovation-in-kuala-lumpur-the-ultimate-planning-cost-guide-2026/ | /house-renovation-in-selangor-the-ultimate-2026-guide-to-extending-your-home/ | /category/commercial/ | /category/hvac-guides/ | /category/maintenance/ | /category/renovation/ | /category/servis-pembersihan/ | /category/technical-guides/ | /tag/interior-finishing/ | /tag/office-fit-out/ | /tag/waterproofing/ | /service/building-renovation/ | /contact-us/ | /blog/","","","en","181","94475914e848bc2d2223990d5a867dcec61145b2b507c0fa537e474fe7b20d6f"
"/category/servis-pembersihan/","https://rkrenosolution.com/category/servis-pembersihan/","200","NOINDEX_FOLLOW","FALSE","Servis Pembersihan - RK Reno Solution","Panduan merancang servis cuci rumah dan deep cleaning di Kuala Lumpur berdasarkan keadaan dan skop sebenar.","https://rkrenosolution.com/category/servis-pembersihan/","noindex, follow","Servis Pembersihan","Latest articles | Pakej Deep Cleaning Rumah KL: Scope and Enquiry Guide | Servis Cuci Rumah KL: Home Cleaning Planning Guide | Categories & topics | Discuss the property and work scope | Connect the guide to the actual property","","Servis Pembersihan - RK Reno Solution","Panduan merancang servis cuci rumah dan deep cleaning di Kuala Lumpur berdasarkan keadaan dan skop sebenar.","https://rkrenosolution.com/category/servis-pembersihan/","https://rkrenosolution.com/assets/media/RK-Reno-Solutions-Logo-942f64bb.png","summary_large_image","CollectionPage","FALSE","FALSE","FALSE","FALSE","","","/ | /pakej-deep-cleaning-rumah-kl-termasuk-pre-hari-raya/ | /servis-cuci-rumah-kl-the-ultimate-2026-guide-to-a-spotless-home/ | /category/commercial/ | /category/hvac-guides/ | /category/maintenance/ | /category/renovation/ | /category/servis-pembersihan/ | /category/technical-guides/ | /tag/interior-finishing/ | /tag/office-fit-out/ | /tag/waterproofing/ | /servis-cuci-rumah-kl/ | /contact-us/ | /blog/","","","en","160","553522409e10ca5f29c0c05aa52ec46368cf36e1435f0e092b3620b9b24ef6ea"
"/category/technical-guides/","https://rkrenosolution.com/category/technical-guides/","200","NOINDEX_FOLLOW","FALSE","Technical Guides - RK Reno Solution","Safety, inspection and technical planning guides for electrical, aircond, waterproofing and ceiling work.","https://rkrenosolution.com/category/technical-guides/","noindex, follow","Technical Guides","Latest articles | Aircond Installation KL: Planning Guide for 2026 | Electrical Services Selangor: Safety and Quotation Guide | Plaster Ceiling Contractor KL: Design & Quotation Guide (2026) | PU Injection Waterproofing KL: Crack and Leak Repair Guide | Upah Pasang Aircond Selangor: Panduan Harga & Pemasangan | Waterproofing Contractor Kuala Lumpur: Leak Inspection Guide (2026) | Categories & topics | Discuss the property and work scope | Connect the guide to the actual property","","Technical Guides - RK Reno Solution","Safety, inspection and technical planning guides for electrical, aircond, waterproofing and ceiling work.","https://rkrenosolution.com/category/technical-guides/","https://rkrenosolution.com/assets/media/RK-Reno-Solutions-Logo-942f64bb.png","summary_large_image","CollectionPage","FALSE","FALSE","FALSE","FALSE","","","/ | /aircond-installation-kl-the-ultimate-2026-guide-rk-reno-solution/ | /electrical-services-selangor-the-complete-safety-pricing-guide-2026-edition/ | /plaster-ceiling-contractor-kl-the-ultimate-design-pricing-guide-2026/ | /pu-injection-waterproofing-kl-how-to-fix-wall-cracks-permanently/ | /upah-pasang-aircond-selangor-panduan-harga-pemasangan-2026/ | /waterproofing-contractor-kuala-lumpur-the-complete-guide-to-stopping-leaks-2026/ | /category/commercial/ | /category/hvac-guides/ | /category/maintenance/ | /category/renovation/ | /category/servis-pembersihan/ | /category/technical-guides/ | /tag/interior-finishing/ | /tag/office-fit-out/ | /tag/waterproofing/ | /services/ | /contact-us/ | /blog/","","","en","271","6c123b02bbca0e82879c7f042a9bd17c5b5b8a321dc439a41d46e24f6babafbe"
"/tag/interior-finishing/","https://rkrenosolution.com/tag/interior-finishing/","200","NOINDEX_FOLLOW","FALSE","Interior Finishing - RK Reno Solution","Practical guides for plaster ceilings and coordinated finishing work in renovation projects.","https://rkrenosolution.com/tag/interior-finishing/","noindex, follow","Interior Finishing","Latest articles | Commercial Retail Shop Renovation in Kuala Lumpur | Plaster Ceiling Contractor KL: Design & Quotation Guide (2026) | Categories & topics | Discuss the property and work scope | Connect the guide to the actual property","","Interior Finishing - RK Reno Solution","Practical guides for plaster ceilings and coordinated finishing work in renovation projects.","https://rkrenosolution.com/tag/interior-finishing/","https://rkrenosolution.com/assets/media/RK-Reno-Solutions-Logo-942f64bb.png","summary_large_image","CollectionPage","FALSE","FALSE","FALSE","FALSE","","","/ | /commercial-retail-shop-renovation-in-kuala-lumpur/ | /plaster-ceiling-contractor-kl-the-ultimate-design-pricing-guide-2026/ | /category/commercial/ | /category/hvac-guides/ | /category/maintenance/ | /category/renovation/ | /category/servis-pembersihan/ | /category/technical-guides/ | /tag/interior-finishing/ | /tag/office-fit-out/ | /tag/waterproofing/ | /plaster-ceiling-contractor-kl/ | /contact-us/ | /blog/","","","en","150","d8f36061b228874ac9472f460983ee283abffee11cb3fecc7a31d7cf19714794"
"/tag/office-fit-out/","https://rkrenosolution.com/tag/office-fit-out/","200","NOINDEX_FOLLOW","FALSE","Office Fit-Out - RK Reno Solution","Office renovation planning for Kuala Lumpur and Petaling Jaya premises, including layout, services and building requirements.","https://rkrenosolution.com/tag/office-fit-out/","noindex, follow","Office Fit-Out","Latest articles | Office Renovation in Kuala Lumpur: Fit-Out Planning Guide | Office Renovation Petaling Jaya: Corporate Fit-Out Planning | Categories & topics | Discuss the property and work scope | Connect the guide to the actual property","","Office Fit-Out - RK Reno Solution","Office renovation planning for Kuala Lumpur and Petaling Jaya premises, including layout, services and building requirements.","https://rkrenosolution.com/tag/office-fit-out/","https://rkrenosolution.com/assets/media/RK-Reno-Solutions-Logo-942f64bb.png","summary_large_image","CollectionPage","FALSE","FALSE","FALSE","FALSE","","","/ | /office-renovation-in-kuala-lumpur-the-2026-corporate-guide-to-productivity/ | /office-renovation-petaling-jaya-corporate-fit-out-experts/ | /category/commercial/ | /category/hvac-guides/ | /category/maintenance/ | /category/renovation/ | /category/servis-pembersihan/ | /category/technical-guides/ | /tag/interior-finishing/ | /tag/office-fit-out/ | /tag/waterproofing/ | /office-renovation-in-kuala-lumpur/ | /contact-us/ | /blog/","","","en","143","1f01e303d2a343992abe646da9ca15bb7099ed24ca515dac690ff7095acd6758"
"/tag/waterproofing/","https://rkrenosolution.com/tag/waterproofing/","200","NOINDEX_FOLLOW","FALSE","Waterproofing - RK Reno Solution","Leak inspection and PU injection guidance for site-dependent waterproofing decisions in Kuala Lumpur.","https://rkrenosolution.com/tag/waterproofing/","noindex, follow","Waterproofing","Latest articles | PU Injection Waterproofing KL: Crack and Leak Repair Guide | Waterproofing Contractor Kuala Lumpur: Leak Inspection Guide (2026) | Categories & topics | Discuss the property and work scope | Connect the guide to the actual property","","Waterproofing - RK Reno Solution","Leak inspection and PU injection guidance for site-dependent waterproofing decisions in Kuala Lumpur.","https://rkrenosolution.com/tag/waterproofing/","https://rkrenosolution.com/assets/media/RK-Reno-Solutions-Logo-942f64bb.png","summary_large_image","CollectionPage","FALSE","FALSE","FALSE","FALSE","","","/ | /pu-injection-waterproofing-kl-how-to-fix-wall-cracks-permanently/ | /waterproofing-contractor-kuala-lumpur-the-complete-guide-to-stopping-leaks-2026/ | /category/commercial/ | /category/hvac-guides/ | /category/maintenance/ | /category/renovation/ | /category/servis-pembersihan/ | /category/technical-guides/ | /tag/interior-finishing/ | /tag/office-fit-out/ | /tag/waterproofing/ | /waterproofing-contractor-kuala-lumpur/ | /contact-us/ | /blog/","","","en","157","0a1bd9dd07ac1179ea1536fa0244c4f96c6b755eaedd0691aac5c189737c02e3"
"/company-history/","https://rkrenosolution.com/company-history/","200","NOINDEX_FOLLOW","FALSE","Company History - RK Reno Solution","1995 The Beginning of a Dream In 1995, Vastcon Pham established Vinceta with a vision to revolutionize the construction industry. Starting as a small team of dedicated professionals, we took our first steps by completing residential housing projects that emphasized quality and customer satisfaction. 2000 Expanding Horizons By 2000, Vinceta had grown into a trusted","https://rkrenosolution.com/company-history/","noindex, follow","Company History","","The Beginning of a Dream | Expanding Horizons | Innovation and Excellence | Resilience Amidst Challenges | Building Communities | Industry Recognition | Adapting to a New Era | A Future Built on Vision","Company History - RK Reno Solution","1995 The Beginning of a Dream In 1995, Vastcon Pham established Vinceta with a vision to revolutionize the construction industry. Starting as a small team of dedicated professionals, we took our first steps by completing residential housing projects that emphasized quality and customer satisfaction. 2000 Expanding Horizons By 2000, Vinceta had grown into a trusted","https://rkrenosolution.com/company-history/","https://rkrenosolution.com/assets/media/RK-Reno-Solutions-Logo-942f64bb.png","summary_large_image","WebPage","FALSE","FALSE","FALSE","FALSE","","","/","/assets/media/history1-250x359-b967ef1c.jpg | /assets/media/history2-496x262-96c3efd6.jpg | /assets/media/history3-496x262-4366369f.jpg | /assets/media/history4-496x262-8f6734ff.jpg | /assets/media/history5-496x262-47b33ad3.jpg | /assets/media/history6-496x262-54fc2710.jpg | /assets/media/history7-496x262-c1c477e0.jpg | /assets/media/history8-496x262-2d809f9d.jpg","history1 | history2 | history3 | history4 | history5 | history6 | history7 | history8","en","392","e95467bb1ec4528fdcc1a5d0f9a8ab40a3c08e110f87f3b7ea1da8d2474acd49"
"/our-projects-2/","https://rkrenosolution.com/our-projects-2/","200","NOINDEX_FOLLOW","FALSE","Our Projects 2 - RK Reno Solution","EXPLORE OUR BEST RECENTLY COMPLETED PROJECTS All aviation Building Commercial Electrical Energy Stadium aviation Innovative Construction Project Showcase Delivering a state-of-the-art learning environment, our work at The Ivey School of Business reflects innovation and high-quality construction. Building Building Excellence Through Innovation Delivering a state-of-the-art learning environment, our work at The Ivey School of Business reflects","https://rkrenosolution.com/our-projects-2/","noindex, follow","Our Projects 2","EXPLORE OUR BEST RECENTLY COMPLETED PROJECTS | TRusted by 1000+ customers worldwide","Skyline Hub | Oakwood Residence | Axis Industrial Park | The Ivey School of Business | Innovative Construction Project Showcase","Our Projects 2 - RK Reno Solution","EXPLORE OUR BEST RECENTLY COMPLETED PROJECTS All aviation Building Commercial Electrical Energy Stadium aviation Innovative Construction Project Showcase Delivering a state-of-the-art learning environment, our work at The Ivey School of Business reflects innovation and high-quality construction. Building Building Excellence Through Innovation Delivering a state-of-the-art learning environment, our work at The Ivey School of Business reflects","https://rkrenosolution.com/our-projects-2/","https://rkrenosolution.com/assets/media/RK-Reno-Solutions-Logo-942f64bb.png","summary_large_image","WebPage","FALSE","FALSE","FALSE","FALSE","","","/ | /our-projects/","/assets/media/build1-709x709-06aa3646.webp | /assets/media/build2-709x709-642901b6.webp | /assets/media/build3-1000x526-51be83c5.webp | /assets/media/portfolio-0001-709x709-80c6ea9c.webp | /assets/media/project1-709x709-b3b4159a.webp | /assets/media/parner1-a914b58c.png | /assets/media/parner2-cae87746.png | /assets/media/parner3-d23cfb1a.png | /assets/media/parner4-d301f7e9.png | /assets/media/parner5-8fe0e357.png | /assets/media/parner6-ccb92374.png","build1 | build2 | build3 | portfolio-0001 | project1 |  |  |  |  |  | ","en","175","6041c9fa5e2380006c23dca97d12a594e177e90e4a943eda4d6c69f2a6220ab9"
"/our-projects/","https://rkrenosolution.com/our-projects/","200","NOINDEX_FOLLOW","FALSE","Our Projects 1 - RK Reno Solution","EXPLORE OUR BEST RECENTLY COMPLETED PROJECTS All aviation Building Commercial Electrical Energy Residential Stadium Energy - Stadium Innovating the Next Generation of Architecture Delivering a state-of-the-art learning environment, our work at The Ivey School of Business reflects innovation and high-quality construction. aviation - Commercial Building a Sustainable Tomorrow Delivering a state-of-the-art learning environment, our work","https://rkrenosolution.com/our-projects/","noindex, follow","Our Projects 1","EXPLORE OUR BEST RECENTLY COMPLETED PROJECTS | TRusted by 1000+ customers worldwide","Innovating the Next Generation of Architecture | Building a Sustainable Tomorrow | Designing the Future of Urban Spaces | Pioneering Solutions for Architectural Excellence | Cutting-Edge Strategies for Building Success | Revolutionary Techniques in Modern Construction | Mastering Construction with Precision | Innovative Approaches to Construction Excellence | Shaping Tomorrow’s Built Environment","Our Projects 1 - RK Reno Solution","EXPLORE OUR BEST RECENTLY COMPLETED PROJECTS All aviation Building Commercial Electrical Energy Residential Stadium Energy - Stadium Innovating the Next Generation of Architecture Delivering a state-of-the-art learning environment, our work at The Ivey School of Business reflects innovation and high-quality construction. aviation - Commercial Building a Sustainable Tomorrow Delivering a state-of-the-art learning environment, our work","https://rkrenosolution.com/our-projects/","https://rkrenosolution.com/assets/media/RK-Reno-Solutions-Logo-942f64bb.png","summary_large_image","WebPage","FALSE","FALSE","FALSE","FALSE","","","/ | /our-projects/","/assets/media/portfolio-0004-767x767-bce62a6c.webp | /assets/media/portfolio-0002-767x767-aff06a1a.webp | /assets/media/portfolio-0003-767x767-90f002e0.webp | /assets/media/portfolio-0005-767x767-b62c46c3.webp | /assets/media/portfolio-0006-767x767-1e07cbd4.webp | /assets/media/portfolio-0007-767x767-1e906bdc.webp | /assets/media/project9-767x767-f4c5eed0.webp | /assets/media/project8-767x767-ab414a14.webp | /assets/media/project7-767x767-3cd7ace0.webp | /assets/media/parner1-a914b58c.png | /assets/media/parner2-cae87746.png | /assets/media/parner3-d23cfb1a.png | /assets/media/parner4-d301f7e9.png | /assets/media/parner5-8fe0e357.png | /assets/media/parner6-ccb92374.png","portfolio-0004 | portfolio-0002 | portfolio-0003 | portfolio-0005 | portfolio-0006 | portfolio-0007 | project9 | project8 | project7 |  |  |  |  |  | ","en","309","da0542f8d6980af336df22cc827b1918c353c35280a24c27b3cb17f3d8b48767"
"/our-team/","https://rkrenosolution.com/our-team/","200","NOINDEX_FOLLOW","FALSE","Our Team - RK Reno Solution","our leadership Meet the Visionaries Behind Our Success Our leadership team is driven by innovation, expertise, and a shared commitment to excellence. With a passion for growth and a customer-first mindset, they guide our company toward new heights while fostering a culture of collaboration and integrity. Vincent P. Founder, Chairman and CEO Michelangelo V. Founder,","https://rkrenosolution.com/our-team/","noindex, follow","Our Team","Meet the Visionaries Behind Our Success | TRusted by 1000+ customers worldwide","","Our Team - RK Reno Solution","our leadership Meet the Visionaries Behind Our Success Our leadership team is driven by innovation, expertise, and a shared commitment to excellence. With a passion for growth and a customer-first mindset, they guide our company toward new heights while fostering a culture of collaboration and integrity. Vincent P. Founder, Chairman and CEO Michelangelo V. Founder,","https://rkrenosolution.com/our-team/","https://rkrenosolution.com/assets/media/RK-Reno-Solutions-Logo-942f64bb.png","summary_large_image","WebPage","FALSE","FALSE","FALSE","FALSE","","","/ | /our-team/","/assets/media/team1-cbb3cb37.webp | /assets/media/team2-65bcefd3.webp | /assets/media/team3-23f83b0c.webp | /assets/media/team4-34f18fe9.webp | /assets/media/team5-2b696100.webp | /assets/media/team6-a9efd0c8.webp | /assets/media/team7-37da56e1.webp | /assets/media/team8-dc2c8604.webp | /assets/media/parner1-a914b58c.png | /assets/media/parner2-cae87746.png | /assets/media/parner3-d23cfb1a.png | /assets/media/parner4-d301f7e9.png | /assets/media/parner5-8fe0e357.png | /assets/media/parner6-ccb92374.png"," |  |  |  |  |  |  |  |  |  |  |  |  | ","en","140","c62eb3c6177e415f31f65fb5e8c26381eda27b98ff1fc135d2eabb8e845aa1f4"
"/testimonials/","https://rkrenosolution.com/testimonials/","200","NOINDEX_FOLLOW","FALSE","Testimonials - RK Reno Solution","testimonials our clients say about our services Developed in close collaboration with our partners and clients, combines industry knowledge, decades of experience, ingenuity and adaptability to deliver excellence to our clients. From start to finish, Vastcon delivered exceptional service. They communicated well, met every deadline, and the quality of their work far exceeded our expectations. Vincent","https://rkrenosolution.com/testimonials/","noindex, follow","Testimonials","our clients say about our services | If You Are Satisfied With The Service, Rate Us!","Vincent Pham | Henry S. | JOHn s. | peter c. | Vincent Pham | mark p. | joseph S. | Michelangelo V.","Testimonials - RK Reno Solution","testimonials our clients say about our services Developed in close collaboration with our partners and clients, combines industry knowledge, decades of experience, ingenuity and adaptability to deliver excellence to our clients. From start to finish, Vastcon delivered exceptional service. They communicated well, met every deadline, and the quality of their work far exceeded our expectations. Vincent","https://rkrenosolution.com/testimonials/","https://rkrenosolution.com/assets/media/RK-Reno-Solutions-Logo-942f64bb.png","summary_large_image","WebPage","FALSE","FALSE","FALSE","FALSE","","","/ | /contact-us/","/assets/media/testi6-90x90-1dd91b67.webp | /assets/media/testi1-355d6f8a.webp | /assets/media/testi7-90x90-c47bb668.webp | /assets/media/testi2-5a7736f8.webp | /assets/media/avartar1-90x90-68065c41.webp | /assets/media/testi1-355d6f8a.webp | /assets/media/testi5-90x90-2806e4ce.webp | /assets/media/testi2-5a7736f8.webp | /assets/media/testi5-90x90-2806e4ce.webp | /assets/media/testi6-90x90-1dd91b67.webp | /assets/media/avartar1-90x90-68065c41.webp | /assets/media/testi7-90x90-c47bb668.webp | /assets/media/testi3-25879cc5.webp | /assets/media/logo-iocn-6f17c44e.png","testi6 |  | testi7 |  | avartar1 |  | testi5 |  | testi5 | testi6 | avartar1 | testi7 |  | ","en","468","b6b7228fdb1ff9241d430ede0f08fcba80625efd5b330abeb5d2a5ed8fb8f30f"
"/demolition-contractor-kl-selangor/","https://rkrenosolution.com/demolition-contractor-kl-selangor/","200","INDEXABLE","TRUE","Demolition Contractor KL & Selangor - RK Reno Solution","Interior demolition, bathroom demolition, strip-out, site preparation and debris-removal enquiries in Kuala Lumpur and Selangor.","https://rkrenosolution.com/demolition-contractor-kl-selangor/","index, follow","Demolition Contractor KL & Selangor","Interior Demolition and Strip-Out Work | Demolition and Site-Preparation Enquiries | From Enquiry to Renovation Preparation | Kuala Lumpur and Selangor | Demolition Enquiry Questions","Interior demolition | Bathroom demolition | Partial wall removal | Fixture and fitting removal | Office strip-out | Retail shop strip-out | Site preparation | Debris organisation and removal | Share the site details | Site and scope review | Plan the work | Strip-out and preparation","Demolition Contractor KL & Selangor - RK Reno Solution","Interior demolition, bathroom demolition, strip-out, site preparation and debris-removal enquiries in Kuala Lumpur and Selangor.","https://rkrenosolution.com/demolition-contractor-kl-selangor/","https://rkrenosolution.com/assets/media/RK-Reno-Solutions-Logo-942f64bb.png","summary_large_image","Service | FAQPage","FALSE","TRUE","TRUE","FALSE","","","/","/assets/media/Renovation-contractor-for-commercial-buildings-93583952.jpg | /assets/media/Modern-building-renovation-and-property-improvement-b1ec6039.jpg","Building prepared for renovation work | Property renovation in Kuala Lumpur and Selangor","en","341","ed7de1dc7648a6fe05e9a0da80cbc5cd320c4524b8fe62b9ad3d54fe3cea930f"
