"Route","Area","Astro before","Correction applied","Intentional safe difference","Astro after","Remaining issue"
"/","Content and section depth","2035 chars / 4539px","WordPress blue/orange typography and shared chrome restored; semantic section order and long-form content restored; useful links, tables, FAQs, cards, imagery and CTA roles restored where safe","Unsupported claims, counters, testimonials, warranties, ratings and exact prices excluded; Elementor/plugin/ecommerce/comment/newsletter markup excluded; Accessibility-valid single primary H1 retained where WordPress repeats H1 in footer CTA","4942 chars / 6513px","No blocker beyond documented intentional safe differences"
"/","Heading structure","18 headings","WordPress blue/orange typography and shared chrome restored; semantic section order and long-form content restored; useful links, tables, FAQs, cards, imagery and CTA roles restored where safe","Unsupported claims, counters, testimonials, warranties, ratings and exact prices excluded; Elementor/plugin/ecommerce/comment/newsletter markup excluded; Accessibility-valid single primary H1 retained where WordPress repeats H1 in footer CTA","27 headings","No blocker beyond documented intentional safe differences"
"/","Desktop layout","CLOSE","WordPress blue/orange typography and shared chrome restored; semantic section order and long-form content restored; useful links, tables, FAQs, cards, imagery and CTA roles restored where safe","Unsupported claims, counters, testimonials, warranties, ratings and exact prices excluded; Elementor/plugin/ecommerce/comment/newsletter markup excluded; Accessibility-valid single primary H1 retained where WordPress repeats H1 in footer CTA","CLOSE","No blocker beyond documented intentional safe differences"
"/","SEO and H1","SAFE_DIFFERENCE / SAFE_DIFFERENCE","WordPress blue/orange typography and shared chrome restored; semantic section order and long-form content restored; useful links, tables, FAQs, cards, imagery and CTA roles restored where safe","Unsupported claims, counters, testimonials, warranties, ratings and exact prices excluded; Elementor/plugin/ecommerce/comment/newsletter markup excluded; Accessibility-valid single primary H1 retained where WordPress repeats H1 in footer CTA","MATCH / MATCH","No blocker beyond documented intentional safe differences"
"/services/","Content and section depth","1738 chars / 3785px","WordPress blue/orange typography and shared chrome restored; semantic section order and long-form content restored; useful links, tables, FAQs, cards, imagery and CTA roles restored where safe","Unsupported claims, counters, testimonials, warranties, ratings and exact prices excluded; Elementor/plugin/ecommerce/comment/newsletter markup excluded; Accessibility-valid single primary H1 retained where WordPress repeats H1 in footer CTA","2058 chars / 4001px","No blocker beyond documented intentional safe differences"
"/services/","Heading structure","17 headings","WordPress blue/orange typography and shared chrome restored; semantic section order and long-form content restored; useful links, tables, FAQs, cards, imagery and CTA roles restored where safe","Unsupported claims, counters, testimonials, warranties, ratings and exact prices excluded; Elementor/plugin/ecommerce/comment/newsletter markup excluded; Accessibility-valid single primary H1 retained where WordPress repeats H1 in footer CTA","20 headings","No blocker beyond documented intentional safe differences"
"/services/","Desktop layout","CLOSE","WordPress blue/orange typography and shared chrome restored; semantic section order and long-form content restored; useful links, tables, FAQs, cards, imagery and CTA roles restored where safe","Unsupported claims, counters, testimonials, warranties, ratings and exact prices excluded; Elementor/plugin/ecommerce/comment/newsletter markup excluded; Accessibility-valid single primary H1 retained where WordPress repeats H1 in footer CTA","CLOSE","No blocker beyond documented intentional safe differences"
"/services/","SEO and H1","SAFE_DIFFERENCE / SAFE_DIFFERENCE","WordPress blue/orange typography and shared chrome restored; semantic section order and long-form content restored; useful links, tables, FAQs, cards, imagery and CTA roles restored where safe","Unsupported claims, counters, testimonials, warranties, ratings and exact prices excluded; Elementor/plugin/ecommerce/comment/newsletter markup excluded; Accessibility-valid single primary H1 retained where WordPress repeats H1 in footer CTA","MATCH / MATCH","No blocker beyond documented intentional safe differences"
"/about-us/","Content and section depth","1204 chars / 3207px","WordPress blue/orange typography and shared chrome restored; semantic section order and long-form content restored; useful links, tables, FAQs, cards, imagery and CTA roles restored where safe","Unsupported claims, counters, testimonials, warranties, ratings and exact prices excluded; Elementor/plugin/ecommerce/comment/newsletter markup excluded; Accessibility-valid single primary H1 retained where WordPress repeats H1 in footer CTA","2723 chars / 7465px","No blocker beyond documented intentional safe differences"
"/about-us/","Heading structure","11 headings","WordPress blue/orange typography and shared chrome restored; semantic section order and long-form content restored; useful links, tables, FAQs, cards, imagery and CTA roles restored where safe","Unsupported claims, counters, testimonials, warranties, ratings and exact prices excluded; Elementor/plugin/ecommerce/comment/newsletter markup excluded; Accessibility-valid single primary H1 retained where WordPress repeats H1 in footer CTA","14 headings","No blocker beyond documented intentional safe differences"
"/about-us/","Desktop layout","CLOSE","WordPress blue/orange typography and shared chrome restored; semantic section order and long-form content restored; useful links, tables, FAQs, cards, imagery and CTA roles restored where safe","Unsupported claims, counters, testimonials, warranties, ratings and exact prices excluded; Elementor/plugin/ecommerce/comment/newsletter markup excluded; Accessibility-valid single primary H1 retained where WordPress repeats H1 in footer CTA","CLOSE","No blocker beyond documented intentional safe differences"
"/about-us/","SEO and H1","SAFE_DIFFERENCE / SAFE_DIFFERENCE","WordPress blue/orange typography and shared chrome restored; semantic section order and long-form content restored; useful links, tables, FAQs, cards, imagery and CTA roles restored where safe","Unsupported claims, counters, testimonials, warranties, ratings and exact prices excluded; Elementor/plugin/ecommerce/comment/newsletter markup excluded; Accessibility-valid single primary H1 retained where WordPress repeats H1 in footer CTA","MATCH / MATCH","No blocker beyond documented intentional safe differences"
"/contact-us/","Content and section depth","3061 chars / 4180px","WordPress blue/orange typography and shared chrome restored; semantic section order and long-form content restored; useful links, tables, FAQs, cards, imagery and CTA roles restored where safe","Unsupported claims, counters, testimonials, warranties, ratings and exact prices excluded; Elementor/plugin/ecommerce/comment/newsletter markup excluded; GitHub Pages form remains visibly disabled; Accessibility-valid single primary H1 retained where WordPress repeats H1 in footer CTA","3044 chars / 4248px","No blocker beyond documented intentional safe differences"
"/contact-us/","Heading structure","13 headings","WordPress blue/orange typography and shared chrome restored; semantic section order and long-form content restored; useful links, tables, FAQs, cards, imagery and CTA roles restored where safe","Unsupported claims, counters, testimonials, warranties, ratings and exact prices excluded; Elementor/plugin/ecommerce/comment/newsletter markup excluded; GitHub Pages form remains visibly disabled; Accessibility-valid single primary H1 retained where WordPress repeats H1 in footer CTA","13 headings","No blocker beyond documented intentional safe differences"
"/contact-us/","Desktop layout","CLOSE","WordPress blue/orange typography and shared chrome restored; semantic section order and long-form content restored; useful links, tables, FAQs, cards, imagery and CTA roles restored where safe","Unsupported claims, counters, testimonials, warranties, ratings and exact prices excluded; Elementor/plugin/ecommerce/comment/newsletter markup excluded; GitHub Pages form remains visibly disabled; Accessibility-valid single primary H1 retained where WordPress repeats H1 in footer CTA","CLOSE","No blocker beyond documented intentional safe differences"
"/contact-us/","SEO and H1","SAFE_DIFFERENCE / SAFE_DIFFERENCE","WordPress blue/orange typography and shared chrome restored; semantic section order and long-form content restored; useful links, tables, FAQs, cards, imagery and CTA roles restored where safe","Unsupported claims, counters, testimonials, warranties, ratings and exact prices excluded; Elementor/plugin/ecommerce/comment/newsletter markup excluded; GitHub Pages form remains visibly disabled; Accessibility-valid single primary H1 retained where WordPress repeats H1 in footer CTA","MATCH / MATCH","No blocker beyond documented intentional safe differences"
"/servis-aircond-murah-kl/","Content and section depth","1555 chars / 3735px","WordPress blue/orange typography and shared chrome restored; semantic section order and long-form content restored; useful links, tables, FAQs, cards, imagery and CTA roles restored where safe","Unsupported claims, counters, testimonials, warranties, ratings and exact prices excluded; Elementor/plugin/ecommerce/comment/newsletter markup excluded; Newer approved owner media replaces older neutral WordPress imagery; Visible content restored without source-page CSS/code debris; Accessibility-valid single primary H1 retained where WordPress repeats H1 in footer CTA","4874 chars / 5760px","No blocker beyond documented intentional safe differences"
"/servis-aircond-murah-kl/","Heading structure","12 headings","WordPress blue/orange typography and shared chrome restored; semantic section order and long-form content restored; useful links, tables, FAQs, cards, imagery and CTA roles restored where safe","Unsupported claims, counters, testimonials, warranties, ratings and exact prices excluded; Elementor/plugin/ecommerce/comment/newsletter markup excluded; Newer approved owner media replaces older neutral WordPress imagery; Visible content restored without source-page CSS/code debris; Accessibility-valid single primary H1 retained where WordPress repeats H1 in footer CTA","20 headings","No blocker beyond documented intentional safe differences"
"/servis-aircond-murah-kl/","Desktop layout","CLOSE","WordPress blue/orange typography and shared chrome restored; semantic section order and long-form content restored; useful links, tables, FAQs, cards, imagery and CTA roles restored where safe","Unsupported claims, counters, testimonials, warranties, ratings and exact prices excluded; Elementor/plugin/ecommerce/comment/newsletter markup excluded; Newer approved owner media replaces older neutral WordPress imagery; Visible content restored without source-page CSS/code debris; Accessibility-valid single primary H1 retained where WordPress repeats H1 in footer CTA","CLOSE","No blocker beyond documented intentional safe differences"
"/servis-aircond-murah-kl/","SEO and H1","MATCH / MATCH","WordPress blue/orange typography and shared chrome restored; semantic section order and long-form content restored; useful links, tables, FAQs, cards, imagery and CTA roles restored where safe","Unsupported claims, counters, testimonials, warranties, ratings and exact prices excluded; Elementor/plugin/ecommerce/comment/newsletter markup excluded; Newer approved owner media replaces older neutral WordPress imagery; Visible content restored without source-page CSS/code debris; Accessibility-valid single primary H1 retained where WordPress repeats H1 in footer CTA","MATCH / MATCH","No blocker beyond documented intentional safe differences"
"/aircond-installation-kl/","Content and section depth","1787 chars / 3777px","WordPress blue/orange typography and shared chrome restored; semantic section order and long-form content restored; useful links, tables, FAQs, cards, imagery and CTA roles restored where safe","Unsupported claims, counters, testimonials, warranties, ratings and exact prices excluded; Elementor/plugin/ecommerce/comment/newsletter markup excluded; Newer approved owner media replaces older neutral WordPress imagery; Visible content restored without source-page CSS/code debris; Accessibility-valid single primary H1 retained where WordPress repeats H1 in footer CTA","4607 chars / 10160px","No blocker beyond documented intentional safe differences"
"/aircond-installation-kl/","Heading structure","12 headings","WordPress blue/orange typography and shared chrome restored; semantic section order and long-form content restored; useful links, tables, FAQs, cards, imagery and CTA roles restored where safe","Unsupported claims, counters, testimonials, warranties, ratings and exact prices excluded; Elementor/plugin/ecommerce/comment/newsletter markup excluded; Newer approved owner media replaces older neutral WordPress imagery; Visible content restored without source-page CSS/code debris; Accessibility-valid single primary H1 retained where WordPress repeats H1 in footer CTA","32 headings","No blocker beyond documented intentional safe differences"
"/aircond-installation-kl/","Desktop layout","CLOSE","WordPress blue/orange typography and shared chrome restored; semantic section order and long-form content restored; useful links, tables, FAQs, cards, imagery and CTA roles restored where safe","Unsupported claims, counters, testimonials, warranties, ratings and exact prices excluded; Elementor/plugin/ecommerce/comment/newsletter markup excluded; Newer approved owner media replaces older neutral WordPress imagery; Visible content restored without source-page CSS/code debris; Accessibility-valid single primary H1 retained where WordPress repeats H1 in footer CTA","CLOSE","No blocker beyond documented intentional safe differences"
"/aircond-installation-kl/","SEO and H1","SAFE_DIFFERENCE / MATCH","WordPress blue/orange typography and shared chrome restored; semantic section order and long-form content restored; useful links, tables, FAQs, cards, imagery and CTA roles restored where safe","Unsupported claims, counters, testimonials, warranties, ratings and exact prices excluded; Elementor/plugin/ecommerce/comment/newsletter markup excluded; Newer approved owner media replaces older neutral WordPress imagery; Visible content restored without source-page CSS/code debris; Accessibility-valid single primary H1 retained where WordPress repeats H1 in footer CTA","SAFE_DIFFERENCE / MATCH","No blocker beyond documented intentional safe differences"
"/upah-pasang-aircond-selangor/","Content and section depth","1124 chars / 3426px","WordPress blue/orange typography and shared chrome restored; semantic section order and long-form content restored; useful links, tables, FAQs, cards, imagery and CTA roles restored where safe","Unsupported claims, counters, testimonials, warranties, ratings and exact prices excluded; Elementor/plugin/ecommerce/comment/newsletter markup excluded; Newer approved owner media replaces older neutral WordPress imagery; Visible content restored without source-page CSS/code debris; Accessibility-valid single primary H1 retained where WordPress repeats H1 in footer CTA","4198 chars / 9855px","No blocker beyond documented intentional safe differences"
"/upah-pasang-aircond-selangor/","Heading structure","11 headings","WordPress blue/orange typography and shared chrome restored; semantic section order and long-form content restored; useful links, tables, FAQs, cards, imagery and CTA roles restored where safe","Unsupported claims, counters, testimonials, warranties, ratings and exact prices excluded; Elementor/plugin/ecommerce/comment/newsletter markup excluded; Newer approved owner media replaces older neutral WordPress imagery; Visible content restored without source-page CSS/code debris; Accessibility-valid single primary H1 retained where WordPress repeats H1 in footer CTA","30 headings","No blocker beyond documented intentional safe differences"
"/upah-pasang-aircond-selangor/","Desktop layout","CLOSE","WordPress blue/orange typography and shared chrome restored; semantic section order and long-form content restored; useful links, tables, FAQs, cards, imagery and CTA roles restored where safe","Unsupported claims, counters, testimonials, warranties, ratings and exact prices excluded; Elementor/plugin/ecommerce/comment/newsletter markup excluded; Newer approved owner media replaces older neutral WordPress imagery; Visible content restored without source-page CSS/code debris; Accessibility-valid single primary H1 retained where WordPress repeats H1 in footer CTA","CLOSE","No blocker beyond documented intentional safe differences"
"/upah-pasang-aircond-selangor/","SEO and H1","SAFE_DIFFERENCE / SAFE_DIFFERENCE","WordPress blue/orange typography and shared chrome restored; semantic section order and long-form content restored; useful links, tables, FAQs, cards, imagery and CTA roles restored where safe","Unsupported claims, counters, testimonials, warranties, ratings and exact prices excluded; Elementor/plugin/ecommerce/comment/newsletter markup excluded; Newer approved owner media replaces older neutral WordPress imagery; Visible content restored without source-page CSS/code debris; Accessibility-valid single primary H1 retained where WordPress repeats H1 in footer CTA","MATCH / MATCH","No blocker beyond documented intentional safe differences"
"/upah-pasang-aircond-selangor-panduan-harga-pemasangan-2026/","Content and section depth","1790 chars / 4117px","WordPress blue/orange typography and shared chrome restored; semantic section order and long-form content restored; useful links, tables, FAQs, cards, imagery and CTA roles restored where safe","Unsupported claims, counters, testimonials, warranties, ratings and exact prices excluded; Elementor/plugin/ecommerce/comment/newsletter markup excluded; Newer approved owner media replaces older neutral WordPress imagery; Visible content restored without source-page CSS/code debris; Accessibility-valid single primary H1 retained where WordPress repeats H1 in footer CTA","7721 chars / 13666px","No blocker beyond documented intentional safe differences"
"/upah-pasang-aircond-selangor-panduan-harga-pemasangan-2026/","Heading structure","15 headings","WordPress blue/orange typography and shared chrome restored; semantic section order and long-form content restored; useful links, tables, FAQs, cards, imagery and CTA roles restored where safe","Unsupported claims, counters, testimonials, warranties, ratings and exact prices excluded; Elementor/plugin/ecommerce/comment/newsletter markup excluded; Newer approved owner media replaces older neutral WordPress imagery; Visible content restored without source-page CSS/code debris; Accessibility-valid single primary H1 retained where WordPress repeats H1 in footer CTA","29 headings","No blocker beyond documented intentional safe differences"
"/upah-pasang-aircond-selangor-panduan-harga-pemasangan-2026/","Desktop layout","DIFFERENT","WordPress blue/orange typography and shared chrome restored; semantic section order and long-form content restored; useful links, tables, FAQs, cards, imagery and CTA roles restored where safe","Unsupported claims, counters, testimonials, warranties, ratings and exact prices excluded; Elementor/plugin/ecommerce/comment/newsletter markup excluded; Newer approved owner media replaces older neutral WordPress imagery; Visible content restored without source-page CSS/code debris; Accessibility-valid single primary H1 retained where WordPress repeats H1 in footer CTA","CLOSE","No blocker beyond documented intentional safe differences"
"/upah-pasang-aircond-selangor-panduan-harga-pemasangan-2026/","SEO and H1","SAFE_DIFFERENCE / SAFE_DIFFERENCE","WordPress blue/orange typography and shared chrome restored; semantic section order and long-form content restored; useful links, tables, FAQs, cards, imagery and CTA roles restored where safe","Unsupported claims, counters, testimonials, warranties, ratings and exact prices excluded; Elementor/plugin/ecommerce/comment/newsletter markup excluded; Newer approved owner media replaces older neutral WordPress imagery; Visible content restored without source-page CSS/code debris; Accessibility-valid single primary H1 retained where WordPress repeats H1 in footer CTA","MATCH / MATCH","No blocker beyond documented intentional safe differences"
"/service/building-renovation/","Content and section depth","1157 chars / 3251px","WordPress blue/orange typography and shared chrome restored; semantic section order and long-form content restored; useful links, tables, FAQs, cards, imagery and CTA roles restored where safe","Unsupported claims, counters, testimonials, warranties, ratings and exact prices excluded; Elementor/plugin/ecommerce/comment/newsletter markup excluded; Accessibility-valid single primary H1 retained where WordPress repeats H1 in footer CTA","2700 chars / 3765px","No blocker beyond documented intentional safe differences"
"/service/building-renovation/","Heading structure","11 headings","WordPress blue/orange typography and shared chrome restored; semantic section order and long-form content restored; useful links, tables, FAQs, cards, imagery and CTA roles restored where safe","Unsupported claims, counters, testimonials, warranties, ratings and exact prices excluded; Elementor/plugin/ecommerce/comment/newsletter markup excluded; Accessibility-valid single primary H1 retained where WordPress repeats H1 in footer CTA","11 headings","No blocker beyond documented intentional safe differences"
"/service/building-renovation/","Desktop layout","CLOSE","WordPress blue/orange typography and shared chrome restored; semantic section order and long-form content restored; useful links, tables, FAQs, cards, imagery and CTA roles restored where safe","Unsupported claims, counters, testimonials, warranties, ratings and exact prices excluded; Elementor/plugin/ecommerce/comment/newsletter markup excluded; Accessibility-valid single primary H1 retained where WordPress repeats H1 in footer CTA","CLOSE","No blocker beyond documented intentional safe differences"
"/service/building-renovation/","SEO and H1","MATCH / MATCH","WordPress blue/orange typography and shared chrome restored; semantic section order and long-form content restored; useful links, tables, FAQs, cards, imagery and CTA roles restored where safe","Unsupported claims, counters, testimonials, warranties, ratings and exact prices excluded; Elementor/plugin/ecommerce/comment/newsletter markup excluded; Accessibility-valid single primary H1 retained where WordPress repeats H1 in footer CTA","MATCH / MATCH","No blocker beyond documented intentional safe differences"
"/electrical-services-selangor/","Content and section depth","1778 chars / 3689px","WordPress blue/orange typography and shared chrome restored; semantic section order and long-form content restored; useful links, tables, FAQs, cards, imagery and CTA roles restored where safe","Unsupported claims, counters, testimonials, warranties, ratings and exact prices excluded; Elementor/plugin/ecommerce/comment/newsletter markup excluded; Visible content restored without source-page CSS/code debris; Accessibility-valid single primary H1 retained where WordPress repeats H1 in footer CTA","3678 chars / 5327px","No blocker beyond documented intentional safe differences"
"/electrical-services-selangor/","Heading structure","12 headings","WordPress blue/orange typography and shared chrome restored; semantic section order and long-form content restored; useful links, tables, FAQs, cards, imagery and CTA roles restored where safe","Unsupported claims, counters, testimonials, warranties, ratings and exact prices excluded; Elementor/plugin/ecommerce/comment/newsletter markup excluded; Visible content restored without source-page CSS/code debris; Accessibility-valid single primary H1 retained where WordPress repeats H1 in footer CTA","18 headings","No blocker beyond documented intentional safe differences"
"/electrical-services-selangor/","Desktop layout","CLOSE","WordPress blue/orange typography and shared chrome restored; semantic section order and long-form content restored; useful links, tables, FAQs, cards, imagery and CTA roles restored where safe","Unsupported claims, counters, testimonials, warranties, ratings and exact prices excluded; Elementor/plugin/ecommerce/comment/newsletter markup excluded; Visible content restored without source-page CSS/code debris; Accessibility-valid single primary H1 retained where WordPress repeats H1 in footer CTA","CLOSE","No blocker beyond documented intentional safe differences"
"/electrical-services-selangor/","SEO and H1","MATCH / MATCH","WordPress blue/orange typography and shared chrome restored; semantic section order and long-form content restored; useful links, tables, FAQs, cards, imagery and CTA roles restored where safe","Unsupported claims, counters, testimonials, warranties, ratings and exact prices excluded; Elementor/plugin/ecommerce/comment/newsletter markup excluded; Visible content restored without source-page CSS/code debris; Accessibility-valid single primary H1 retained where WordPress repeats H1 in footer CTA","MATCH / MATCH","No blocker beyond documented intentional safe differences"
"/house-renovation-in-kuala-lumpur/","Content and section depth","1775 chars / 4415px","WordPress blue/orange typography and shared chrome restored; semantic section order and long-form content restored; useful links, tables, FAQs, cards, imagery and CTA roles restored where safe","Unsupported claims, counters, testimonials, warranties, ratings and exact prices excluded; Elementor/plugin/ecommerce/comment/newsletter markup excluded; Visible content restored without source-page CSS/code debris; Accessibility-valid single primary H1 retained where WordPress repeats H1 in footer CTA","5674 chars / 9607px","No blocker beyond documented intentional safe differences"
"/house-renovation-in-kuala-lumpur/","Heading structure","16 headings","WordPress blue/orange typography and shared chrome restored; semantic section order and long-form content restored; useful links, tables, FAQs, cards, imagery and CTA roles restored where safe","Unsupported claims, counters, testimonials, warranties, ratings and exact prices excluded; Elementor/plugin/ecommerce/comment/newsletter markup excluded; Visible content restored without source-page CSS/code debris; Accessibility-valid single primary H1 retained where WordPress repeats H1 in footer CTA","37 headings","No blocker beyond documented intentional safe differences"
"/house-renovation-in-kuala-lumpur/","Desktop layout","CLOSE","WordPress blue/orange typography and shared chrome restored; semantic section order and long-form content restored; useful links, tables, FAQs, cards, imagery and CTA roles restored where safe","Unsupported claims, counters, testimonials, warranties, ratings and exact prices excluded; Elementor/plugin/ecommerce/comment/newsletter markup excluded; Visible content restored without source-page CSS/code debris; Accessibility-valid single primary H1 retained where WordPress repeats H1 in footer CTA","CLOSE","No blocker beyond documented intentional safe differences"
"/house-renovation-in-kuala-lumpur/","SEO and H1","SAFE_DIFFERENCE / MATCH","WordPress blue/orange typography and shared chrome restored; semantic section order and long-form content restored; useful links, tables, FAQs, cards, imagery and CTA roles restored where safe","Unsupported claims, counters, testimonials, warranties, ratings and exact prices excluded; Elementor/plugin/ecommerce/comment/newsletter markup excluded; Visible content restored without source-page CSS/code debris; Accessibility-valid single primary H1 retained where WordPress repeats H1 in footer CTA","MATCH / MATCH","No blocker beyond documented intentional safe differences"
"/house-renovation-in-selangor/","Content and section depth","1697 chars / 4387px","WordPress blue/orange typography and shared chrome restored; semantic section order and long-form content restored; useful links, tables, FAQs, cards, imagery and CTA roles restored where safe","Unsupported claims, counters, testimonials, warranties, ratings and exact prices excluded; Elementor/plugin/ecommerce/comment/newsletter markup excluded; Visible content restored without source-page CSS/code debris; Accessibility-valid single primary H1 retained where WordPress repeats H1 in footer CTA","5462 chars / 9315px","No blocker beyond documented intentional safe differences"
"/house-renovation-in-selangor/","Heading structure","16 headings","WordPress blue/orange typography and shared chrome restored; semantic section order and long-form content restored; useful links, tables, FAQs, cards, imagery and CTA roles restored where safe","Unsupported claims, counters, testimonials, warranties, ratings and exact prices excluded; Elementor/plugin/ecommerce/comment/newsletter markup excluded; Visible content restored without source-page CSS/code debris; Accessibility-valid single primary H1 retained where WordPress repeats H1 in footer CTA","36 headings","No blocker beyond documented intentional safe differences"
"/house-renovation-in-selangor/","Desktop layout","CLOSE","WordPress blue/orange typography and shared chrome restored; semantic section order and long-form content restored; useful links, tables, FAQs, cards, imagery and CTA roles restored where safe","Unsupported claims, counters, testimonials, warranties, ratings and exact prices excluded; Elementor/plugin/ecommerce/comment/newsletter markup excluded; Visible content restored without source-page CSS/code debris; Accessibility-valid single primary H1 retained where WordPress repeats H1 in footer CTA","CLOSE","No blocker beyond documented intentional safe differences"
"/house-renovation-in-selangor/","SEO and H1","SAFE_DIFFERENCE / MATCH","WordPress blue/orange typography and shared chrome restored; semantic section order and long-form content restored; useful links, tables, FAQs, cards, imagery and CTA roles restored where safe","Unsupported claims, counters, testimonials, warranties, ratings and exact prices excluded; Elementor/plugin/ecommerce/comment/newsletter markup excluded; Visible content restored without source-page CSS/code debris; Accessibility-valid single primary H1 retained where WordPress repeats H1 in footer CTA","MATCH / MATCH","No blocker beyond documented intentional safe differences"
"/home-renovation-contractor-in-subang-jaya/","Content and section depth","1354 chars / 3842px","WordPress blue/orange typography and shared chrome restored; semantic section order and long-form content restored; useful links, tables, FAQs, cards, imagery and CTA roles restored where safe","Unsupported claims, counters, testimonials, warranties, ratings and exact prices excluded; Elementor/plugin/ecommerce/comment/newsletter markup excluded; Visible content restored without source-page CSS/code debris; Accessibility-valid single primary H1 retained where WordPress repeats H1 in footer CTA","2222 chars / 3897px","No blocker beyond documented intentional safe differences"
"/home-renovation-contractor-in-subang-jaya/","Heading structure","15 headings","WordPress blue/orange typography and shared chrome restored; semantic section order and long-form content restored; useful links, tables, FAQs, cards, imagery and CTA roles restored where safe","Unsupported claims, counters, testimonials, warranties, ratings and exact prices excluded; Elementor/plugin/ecommerce/comment/newsletter markup excluded; Visible content restored without source-page CSS/code debris; Accessibility-valid single primary H1 retained where WordPress repeats H1 in footer CTA","12 headings","No blocker beyond documented intentional safe differences"
"/home-renovation-contractor-in-subang-jaya/","Desktop layout","CLOSE","WordPress blue/orange typography and shared chrome restored; semantic section order and long-form content restored; useful links, tables, FAQs, cards, imagery and CTA roles restored where safe","Unsupported claims, counters, testimonials, warranties, ratings and exact prices excluded; Elementor/plugin/ecommerce/comment/newsletter markup excluded; Visible content restored without source-page CSS/code debris; Accessibility-valid single primary H1 retained where WordPress repeats H1 in footer CTA","CLOSE","No blocker beyond documented intentional safe differences"
"/home-renovation-contractor-in-subang-jaya/","SEO and H1","MATCH / MATCH","WordPress blue/orange typography and shared chrome restored; semantic section order and long-form content restored; useful links, tables, FAQs, cards, imagery and CTA roles restored where safe","Unsupported claims, counters, testimonials, warranties, ratings and exact prices excluded; Elementor/plugin/ecommerce/comment/newsletter markup excluded; Visible content restored without source-page CSS/code debris; Accessibility-valid single primary H1 retained where WordPress repeats H1 in footer CTA","MATCH / MATCH","No blocker beyond documented intentional safe differences"
"/office-renovation-in-kuala-lumpur/","Content and section depth","1188 chars / 3280px","WordPress blue/orange typography and shared chrome restored; semantic section order and long-form content restored; useful links, tables, FAQs, cards, imagery and CTA roles restored where safe","Unsupported claims, counters, testimonials, warranties, ratings and exact prices excluded; Elementor/plugin/ecommerce/comment/newsletter markup excluded; Visible content restored without source-page CSS/code debris; Accessibility-valid single primary H1 retained where WordPress repeats H1 in footer CTA","6892 chars / 10620px","No blocker beyond documented intentional safe differences"
"/office-renovation-in-kuala-lumpur/","Heading structure","11 headings","WordPress blue/orange typography and shared chrome restored; semantic section order and long-form content restored; useful links, tables, FAQs, cards, imagery and CTA roles restored where safe","Unsupported claims, counters, testimonials, warranties, ratings and exact prices excluded; Elementor/plugin/ecommerce/comment/newsletter markup excluded; Visible content restored without source-page CSS/code debris; Accessibility-valid single primary H1 retained where WordPress repeats H1 in footer CTA","41 headings","No blocker beyond documented intentional safe differences"
"/office-renovation-in-kuala-lumpur/","Desktop layout","DIFFERENT","WordPress blue/orange typography and shared chrome restored; semantic section order and long-form content restored; useful links, tables, FAQs, cards, imagery and CTA roles restored where safe","Unsupported claims, counters, testimonials, warranties, ratings and exact prices excluded; Elementor/plugin/ecommerce/comment/newsletter markup excluded; Visible content restored without source-page CSS/code debris; Accessibility-valid single primary H1 retained where WordPress repeats H1 in footer CTA","CLOSE","No blocker beyond documented intentional safe differences"
"/office-renovation-in-kuala-lumpur/","SEO and H1","SAFE_DIFFERENCE / MATCH","WordPress blue/orange typography and shared chrome restored; semantic section order and long-form content restored; useful links, tables, FAQs, cards, imagery and CTA roles restored where safe","Unsupported claims, counters, testimonials, warranties, ratings and exact prices excluded; Elementor/plugin/ecommerce/comment/newsletter markup excluded; Visible content restored without source-page CSS/code debris; Accessibility-valid single primary H1 retained where WordPress repeats H1 in footer CTA","MATCH / MATCH","No blocker beyond documented intentional safe differences"
"/waterproofing-contractor-kuala-lumpur/","Content and section depth","1428 chars / 3805px","WordPress blue/orange typography and shared chrome restored; semantic section order and long-form content restored; useful links, tables, FAQs, cards, imagery and CTA roles restored where safe","Unsupported claims, counters, testimonials, warranties, ratings and exact prices excluded; Elementor/plugin/ecommerce/comment/newsletter markup excluded; Visible content restored without source-page CSS/code debris; Accessibility-valid single primary H1 retained where WordPress repeats H1 in footer CTA","2522 chars / 4323px","No blocker beyond documented intentional safe differences"
"/waterproofing-contractor-kuala-lumpur/","Heading structure","14 headings","WordPress blue/orange typography and shared chrome restored; semantic section order and long-form content restored; useful links, tables, FAQs, cards, imagery and CTA roles restored where safe","Unsupported claims, counters, testimonials, warranties, ratings and exact prices excluded; Elementor/plugin/ecommerce/comment/newsletter markup excluded; Visible content restored without source-page CSS/code debris; Accessibility-valid single primary H1 retained where WordPress repeats H1 in footer CTA","13 headings","No blocker beyond documented intentional safe differences"
"/waterproofing-contractor-kuala-lumpur/","Desktop layout","CLOSE","WordPress blue/orange typography and shared chrome restored; semantic section order and long-form content restored; useful links, tables, FAQs, cards, imagery and CTA roles restored where safe","Unsupported claims, counters, testimonials, warranties, ratings and exact prices excluded; Elementor/plugin/ecommerce/comment/newsletter markup excluded; Visible content restored without source-page CSS/code debris; Accessibility-valid single primary H1 retained where WordPress repeats H1 in footer CTA","CLOSE","No blocker beyond documented intentional safe differences"
"/waterproofing-contractor-kuala-lumpur/","SEO and H1","MATCH / MATCH","WordPress blue/orange typography and shared chrome restored; semantic section order and long-form content restored; useful links, tables, FAQs, cards, imagery and CTA roles restored where safe","Unsupported claims, counters, testimonials, warranties, ratings and exact prices excluded; Elementor/plugin/ecommerce/comment/newsletter markup excluded; Visible content restored without source-page CSS/code debris; Accessibility-valid single primary H1 retained where WordPress repeats H1 in footer CTA","MATCH / MATCH","No blocker beyond documented intentional safe differences"
"/plaster-ceiling-contractor-kl/","Content and section depth","1159 chars / 3483px","WordPress blue/orange typography and shared chrome restored; semantic section order and long-form content restored; useful links, tables, FAQs, cards, imagery and CTA roles restored where safe","Unsupported claims, counters, testimonials, warranties, ratings and exact prices excluded; Elementor/plugin/ecommerce/comment/newsletter markup excluded; Visible content restored without source-page CSS/code debris; Accessibility-valid single primary H1 retained where WordPress repeats H1 in footer CTA","3861 chars / 5404px","No blocker beyond documented intentional safe differences"
"/plaster-ceiling-contractor-kl/","Heading structure","13 headings","WordPress blue/orange typography and shared chrome restored; semantic section order and long-form content restored; useful links, tables, FAQs, cards, imagery and CTA roles restored where safe","Unsupported claims, counters, testimonials, warranties, ratings and exact prices excluded; Elementor/plugin/ecommerce/comment/newsletter markup excluded; Visible content restored without source-page CSS/code debris; Accessibility-valid single primary H1 retained where WordPress repeats H1 in footer CTA","19 headings","No blocker beyond documented intentional safe differences"
"/plaster-ceiling-contractor-kl/","Desktop layout","CLOSE","WordPress blue/orange typography and shared chrome restored; semantic section order and long-form content restored; useful links, tables, FAQs, cards, imagery and CTA roles restored where safe","Unsupported claims, counters, testimonials, warranties, ratings and exact prices excluded; Elementor/plugin/ecommerce/comment/newsletter markup excluded; Visible content restored without source-page CSS/code debris; Accessibility-valid single primary H1 retained where WordPress repeats H1 in footer CTA","CLOSE","No blocker beyond documented intentional safe differences"
"/plaster-ceiling-contractor-kl/","SEO and H1","MATCH / MATCH","WordPress blue/orange typography and shared chrome restored; semantic section order and long-form content restored; useful links, tables, FAQs, cards, imagery and CTA roles restored where safe","Unsupported claims, counters, testimonials, warranties, ratings and exact prices excluded; Elementor/plugin/ecommerce/comment/newsletter markup excluded; Visible content restored without source-page CSS/code debris; Accessibility-valid single primary H1 retained where WordPress repeats H1 in footer CTA","MATCH / MATCH","No blocker beyond documented intentional safe differences"
"/faq/","Content and section depth","1800 chars / 2549px","WordPress blue/orange typography and shared chrome restored; semantic section order and long-form content restored; useful links, tables, FAQs, cards, imagery and CTA roles restored where safe","Unsupported claims, counters, testimonials, warranties, ratings and exact prices excluded; Elementor/plugin/ecommerce/comment/newsletter markup excluded; Accessibility-valid single primary H1 retained where WordPress repeats H1 in footer CTA","1800 chars / 2411px","No blocker beyond documented intentional safe differences"
"/faq/","Heading structure","13 headings","WordPress blue/orange typography and shared chrome restored; semantic section order and long-form content restored; useful links, tables, FAQs, cards, imagery and CTA roles restored where safe","Unsupported claims, counters, testimonials, warranties, ratings and exact prices excluded; Elementor/plugin/ecommerce/comment/newsletter markup excluded; Accessibility-valid single primary H1 retained where WordPress repeats H1 in footer CTA","13 headings","No blocker beyond documented intentional safe differences"
"/faq/","Desktop layout","CLOSE","WordPress blue/orange typography and shared chrome restored; semantic section order and long-form content restored; useful links, tables, FAQs, cards, imagery and CTA roles restored where safe","Unsupported claims, counters, testimonials, warranties, ratings and exact prices excluded; Elementor/plugin/ecommerce/comment/newsletter markup excluded; Accessibility-valid single primary H1 retained where WordPress repeats H1 in footer CTA","CLOSE","No blocker beyond documented intentional safe differences"
"/faq/","SEO and H1","MATCH / MATCH","WordPress blue/orange typography and shared chrome restored; semantic section order and long-form content restored; useful links, tables, FAQs, cards, imagery and CTA roles restored where safe","Unsupported claims, counters, testimonials, warranties, ratings and exact prices excluded; Elementor/plugin/ecommerce/comment/newsletter markup excluded; Accessibility-valid single primary H1 retained where WordPress repeats H1 in footer CTA","MATCH / MATCH","No blocker beyond documented intentional safe differences"
"/blog/","Content and section depth","3212 chars / 3097px","WordPress blue/orange typography and shared chrome restored; semantic section order and long-form content restored; useful links, tables, FAQs, cards, imagery and CTA roles restored where safe","Unsupported claims, counters, testimonials, warranties, ratings and exact prices excluded; Elementor/plugin/ecommerce/comment/newsletter markup excluded; Accessibility-valid single primary H1 retained where WordPress repeats H1 in footer CTA","3322 chars / 4025px","No blocker beyond documented intentional safe differences"
"/blog/","Heading structure","18 headings","WordPress blue/orange typography and shared chrome restored; semantic section order and long-form content restored; useful links, tables, FAQs, cards, imagery and CTA roles restored where safe","Unsupported claims, counters, testimonials, warranties, ratings and exact prices excluded; Elementor/plugin/ecommerce/comment/newsletter markup excluded; Accessibility-valid single primary H1 retained where WordPress repeats H1 in footer CTA","18 headings","No blocker beyond documented intentional safe differences"
"/blog/","Desktop layout","CLOSE","WordPress blue/orange typography and shared chrome restored; semantic section order and long-form content restored; useful links, tables, FAQs, cards, imagery and CTA roles restored where safe","Unsupported claims, counters, testimonials, warranties, ratings and exact prices excluded; Elementor/plugin/ecommerce/comment/newsletter markup excluded; Accessibility-valid single primary H1 retained where WordPress repeats H1 in footer CTA","CLOSE","No blocker beyond documented intentional safe differences"
"/blog/","SEO and H1","MATCH / SAFE_DIFFERENCE","WordPress blue/orange typography and shared chrome restored; semantic section order and long-form content restored; useful links, tables, FAQs, cards, imagery and CTA roles restored where safe","Unsupported claims, counters, testimonials, warranties, ratings and exact prices excluded; Elementor/plugin/ecommerce/comment/newsletter markup excluded; Accessibility-valid single primary H1 retained where WordPress repeats H1 in footer CTA","MATCH / MATCH","No blocker beyond documented intentional safe differences"
"/commercial-retail-shop-renovation-in-kuala-lumpur/","Content and section depth","1273 chars / 3240px","WordPress blue/orange typography and shared chrome restored; semantic section order and long-form content restored; useful links, tables, FAQs, cards, imagery and CTA roles restored where safe","Unsupported claims, counters, testimonials, warranties, ratings and exact prices excluded; Elementor/plugin/ecommerce/comment/newsletter markup excluded; Visible content restored without source-page CSS/code debris; Accessibility-valid single primary H1 retained where WordPress repeats H1 in footer CTA","3963 chars / 4613px","No blocker beyond documented intentional safe differences"
"/commercial-retail-shop-renovation-in-kuala-lumpur/","Heading structure","9 headings","WordPress blue/orange typography and shared chrome restored; semantic section order and long-form content restored; useful links, tables, FAQs, cards, imagery and CTA roles restored where safe","Unsupported claims, counters, testimonials, warranties, ratings and exact prices excluded; Elementor/plugin/ecommerce/comment/newsletter markup excluded; Visible content restored without source-page CSS/code debris; Accessibility-valid single primary H1 retained where WordPress repeats H1 in footer CTA","11 headings","No blocker beyond documented intentional safe differences"
"/commercial-retail-shop-renovation-in-kuala-lumpur/","Desktop layout","CLOSE","WordPress blue/orange typography and shared chrome restored; semantic section order and long-form content restored; useful links, tables, FAQs, cards, imagery and CTA roles restored where safe","Unsupported claims, counters, testimonials, warranties, ratings and exact prices excluded; Elementor/plugin/ecommerce/comment/newsletter markup excluded; Visible content restored without source-page CSS/code debris; Accessibility-valid single primary H1 retained where WordPress repeats H1 in footer CTA","CLOSE","No blocker beyond documented intentional safe differences"
"/commercial-retail-shop-renovation-in-kuala-lumpur/","SEO and H1","MATCH / MATCH","WordPress blue/orange typography and shared chrome restored; semantic section order and long-form content restored; useful links, tables, FAQs, cards, imagery and CTA roles restored where safe","Unsupported claims, counters, testimonials, warranties, ratings and exact prices excluded; Elementor/plugin/ecommerce/comment/newsletter markup excluded; Visible content restored without source-page CSS/code debris; Accessibility-valid single primary H1 retained where WordPress repeats H1 in footer CTA","MATCH / MATCH","No blocker beyond documented intentional safe differences"
"/office-renovation-petaling-jaya-corporate-fit-out-experts/","Content and section depth","1308 chars / 3391px","WordPress blue/orange typography and shared chrome restored; semantic section order and long-form content restored; useful links, tables, FAQs, cards, imagery and CTA roles restored where safe","Unsupported claims, counters, testimonials, warranties, ratings and exact prices excluded; Elementor/plugin/ecommerce/comment/newsletter markup excluded; Visible content restored without source-page CSS/code debris; Accessibility-valid single primary H1 retained where WordPress repeats H1 in footer CTA","3948 chars / 4843px","No blocker beyond documented intentional safe differences"
"/office-renovation-petaling-jaya-corporate-fit-out-experts/","Heading structure","9 headings","WordPress blue/orange typography and shared chrome restored; semantic section order and long-form content restored; useful links, tables, FAQs, cards, imagery and CTA roles restored where safe","Unsupported claims, counters, testimonials, warranties, ratings and exact prices excluded; Elementor/plugin/ecommerce/comment/newsletter markup excluded; Visible content restored without source-page CSS/code debris; Accessibility-valid single primary H1 retained where WordPress repeats H1 in footer CTA","11 headings","No blocker beyond documented intentional safe differences"
"/office-renovation-petaling-jaya-corporate-fit-out-experts/","Desktop layout","CLOSE","WordPress blue/orange typography and shared chrome restored; semantic section order and long-form content restored; useful links, tables, FAQs, cards, imagery and CTA roles restored where safe","Unsupported claims, counters, testimonials, warranties, ratings and exact prices excluded; Elementor/plugin/ecommerce/comment/newsletter markup excluded; Visible content restored without source-page CSS/code debris; Accessibility-valid single primary H1 retained where WordPress repeats H1 in footer CTA","CLOSE","No blocker beyond documented intentional safe differences"
"/office-renovation-petaling-jaya-corporate-fit-out-experts/","SEO and H1","SAFE_DIFFERENCE / SAFE_DIFFERENCE","WordPress blue/orange typography and shared chrome restored; semantic section order and long-form content restored; useful links, tables, FAQs, cards, imagery and CTA roles restored where safe","Unsupported claims, counters, testimonials, warranties, ratings and exact prices excluded; Elementor/plugin/ecommerce/comment/newsletter markup excluded; Visible content restored without source-page CSS/code debris; Accessibility-valid single primary H1 retained where WordPress repeats H1 in footer CTA","MATCH / MATCH","No blocker beyond documented intentional safe differences"
"/waterproofing-contractor-kuala-lumpur-the-complete-guide-to-stopping-leaks-2026/","Content and section depth","1310 chars / 3422px","WordPress blue/orange typography and shared chrome restored; semantic section order and long-form content restored; useful links, tables, FAQs, cards, imagery and CTA roles restored where safe","Unsupported claims, counters, testimonials, warranties, ratings and exact prices excluded; Elementor/plugin/ecommerce/comment/newsletter markup excluded; Visible content restored without source-page CSS/code debris; Accessibility-valid single primary H1 retained where WordPress repeats H1 in footer CTA","4066 chars / 5262px","No blocker beyond documented intentional safe differences"
"/waterproofing-contractor-kuala-lumpur-the-complete-guide-to-stopping-leaks-2026/","Heading structure","9 headings","WordPress blue/orange typography and shared chrome restored; semantic section order and long-form content restored; useful links, tables, FAQs, cards, imagery and CTA roles restored where safe","Unsupported claims, counters, testimonials, warranties, ratings and exact prices excluded; Elementor/plugin/ecommerce/comment/newsletter markup excluded; Visible content restored without source-page CSS/code debris; Accessibility-valid single primary H1 retained where WordPress repeats H1 in footer CTA","15 headings","No blocker beyond documented intentional safe differences"
"/waterproofing-contractor-kuala-lumpur-the-complete-guide-to-stopping-leaks-2026/","Desktop layout","CLOSE","WordPress blue/orange typography and shared chrome restored; semantic section order and long-form content restored; useful links, tables, FAQs, cards, imagery and CTA roles restored where safe","Unsupported claims, counters, testimonials, warranties, ratings and exact prices excluded; Elementor/plugin/ecommerce/comment/newsletter markup excluded; Visible content restored without source-page CSS/code debris; Accessibility-valid single primary H1 retained where WordPress repeats H1 in footer CTA","CLOSE","No blocker beyond documented intentional safe differences"
"/waterproofing-contractor-kuala-lumpur-the-complete-guide-to-stopping-leaks-2026/","SEO and H1","SAFE_DIFFERENCE / SAFE_DIFFERENCE","WordPress blue/orange typography and shared chrome restored; semantic section order and long-form content restored; useful links, tables, FAQs, cards, imagery and CTA roles restored where safe","Unsupported claims, counters, testimonials, warranties, ratings and exact prices excluded; Elementor/plugin/ecommerce/comment/newsletter markup excluded; Visible content restored without source-page CSS/code debris; Accessibility-valid single primary H1 retained where WordPress repeats H1 in footer CTA","MATCH / MATCH","No blocker beyond documented intentional safe differences"
"/plaster-ceiling-contractor-kl-the-ultimate-design-pricing-guide-2026/","Content and section depth","1248 chars / 3449px","WordPress blue/orange typography and shared chrome restored; semantic section order and long-form content restored; useful links, tables, FAQs, cards, imagery and CTA roles restored where safe","Unsupported claims, counters, testimonials, warranties, ratings and exact prices excluded; Elementor/plugin/ecommerce/comment/newsletter markup excluded; Visible content restored without source-page CSS/code debris; Accessibility-valid single primary H1 retained where WordPress repeats H1 in footer CTA","3897 chars / 4937px","No blocker beyond documented intentional safe differences"
"/plaster-ceiling-contractor-kl-the-ultimate-design-pricing-guide-2026/","Heading structure","9 headings","WordPress blue/orange typography and shared chrome restored; semantic section order and long-form content restored; useful links, tables, FAQs, cards, imagery and CTA roles restored where safe","Unsupported claims, counters, testimonials, warranties, ratings and exact prices excluded; Elementor/plugin/ecommerce/comment/newsletter markup excluded; Visible content restored without source-page CSS/code debris; Accessibility-valid single primary H1 retained where WordPress repeats H1 in footer CTA","14 headings","No blocker beyond documented intentional safe differences"
"/plaster-ceiling-contractor-kl-the-ultimate-design-pricing-guide-2026/","Desktop layout","CLOSE","WordPress blue/orange typography and shared chrome restored; semantic section order and long-form content restored; useful links, tables, FAQs, cards, imagery and CTA roles restored where safe","Unsupported claims, counters, testimonials, warranties, ratings and exact prices excluded; Elementor/plugin/ecommerce/comment/newsletter markup excluded; Visible content restored without source-page CSS/code debris; Accessibility-valid single primary H1 retained where WordPress repeats H1 in footer CTA","CLOSE","No blocker beyond documented intentional safe differences"
"/plaster-ceiling-contractor-kl-the-ultimate-design-pricing-guide-2026/","SEO and H1","SAFE_DIFFERENCE / SAFE_DIFFERENCE","WordPress blue/orange typography and shared chrome restored; semantic section order and long-form content restored; useful links, tables, FAQs, cards, imagery and CTA roles restored where safe","Unsupported claims, counters, testimonials, warranties, ratings and exact prices excluded; Elementor/plugin/ecommerce/comment/newsletter markup excluded; Visible content restored without source-page CSS/code debris; Accessibility-valid single primary H1 retained where WordPress repeats H1 in footer CTA","MATCH / MATCH","No blocker beyond documented intentional safe differences"
"/aircond-installation-kl-the-ultimate-2026-guide-rk-reno-solution/","Content and section depth","2461 chars / 4289px","WordPress blue/orange typography and shared chrome restored; semantic section order and long-form content restored; useful links, tables, FAQs, cards, imagery and CTA roles restored where safe","Unsupported claims, counters, testimonials, warranties, ratings and exact prices excluded; Elementor/plugin/ecommerce/comment/newsletter markup excluded; Newer approved owner media replaces older neutral WordPress imagery; Visible content restored without source-page CSS/code debris; Accessibility-valid single primary H1 retained where WordPress repeats H1 in footer CTA","5220 chars / 6669px","No blocker beyond documented intentional safe differences"
"/aircond-installation-kl-the-ultimate-2026-guide-rk-reno-solution/","Heading structure","11 headings","WordPress blue/orange typography and shared chrome restored; semantic section order and long-form content restored; useful links, tables, FAQs, cards, imagery and CTA roles restored where safe","Unsupported claims, counters, testimonials, warranties, ratings and exact prices excluded; Elementor/plugin/ecommerce/comment/newsletter markup excluded; Newer approved owner media replaces older neutral WordPress imagery; Visible content restored without source-page CSS/code debris; Accessibility-valid single primary H1 retained where WordPress repeats H1 in footer CTA","21 headings","No blocker beyond documented intentional safe differences"
"/aircond-installation-kl-the-ultimate-2026-guide-rk-reno-solution/","Desktop layout","CLOSE","WordPress blue/orange typography and shared chrome restored; semantic section order and long-form content restored; useful links, tables, FAQs, cards, imagery and CTA roles restored where safe","Unsupported claims, counters, testimonials, warranties, ratings and exact prices excluded; Elementor/plugin/ecommerce/comment/newsletter markup excluded; Newer approved owner media replaces older neutral WordPress imagery; Visible content restored without source-page CSS/code debris; Accessibility-valid single primary H1 retained where WordPress repeats H1 in footer CTA","CLOSE","No blocker beyond documented intentional safe differences"
"/aircond-installation-kl-the-ultimate-2026-guide-rk-reno-solution/","SEO and H1","SAFE_DIFFERENCE / SAFE_DIFFERENCE","WordPress blue/orange typography and shared chrome restored; semantic section order and long-form content restored; useful links, tables, FAQs, cards, imagery and CTA roles restored where safe","Unsupported claims, counters, testimonials, warranties, ratings and exact prices excluded; Elementor/plugin/ecommerce/comment/newsletter markup excluded; Newer approved owner media replaces older neutral WordPress imagery; Visible content restored without source-page CSS/code debris; Accessibility-valid single primary H1 retained where WordPress repeats H1 in footer CTA","MATCH / MATCH","No blocker beyond documented intentional safe differences"
"/electrical-services-selangor-the-complete-safety-pricing-guide-2026-edition/","Content and section depth","1937 chars / 3829px","WordPress blue/orange typography and shared chrome restored; semantic section order and long-form content restored; useful links, tables, FAQs, cards, imagery and CTA roles restored where safe","Unsupported claims, counters, testimonials, warranties, ratings and exact prices excluded; Elementor/plugin/ecommerce/comment/newsletter markup excluded; Visible content restored without source-page CSS/code debris; Accessibility-valid single primary H1 retained where WordPress repeats H1 in footer CTA","4072 chars / 6050px","No blocker beyond documented intentional safe differences"
"/electrical-services-selangor-the-complete-safety-pricing-guide-2026-edition/","Heading structure","10 headings","WordPress blue/orange typography and shared chrome restored; semantic section order and long-form content restored; useful links, tables, FAQs, cards, imagery and CTA roles restored where safe","Unsupported claims, counters, testimonials, warranties, ratings and exact prices excluded; Elementor/plugin/ecommerce/comment/newsletter markup excluded; Visible content restored without source-page CSS/code debris; Accessibility-valid single primary H1 retained where WordPress repeats H1 in footer CTA","18 headings","No blocker beyond documented intentional safe differences"
"/electrical-services-selangor-the-complete-safety-pricing-guide-2026-edition/","Desktop layout","CLOSE","WordPress blue/orange typography and shared chrome restored; semantic section order and long-form content restored; useful links, tables, FAQs, cards, imagery and CTA roles restored where safe","Unsupported claims, counters, testimonials, warranties, ratings and exact prices excluded; Elementor/plugin/ecommerce/comment/newsletter markup excluded; Visible content restored without source-page CSS/code debris; Accessibility-valid single primary H1 retained where WordPress repeats H1 in footer CTA","CLOSE","No blocker beyond documented intentional safe differences"
"/electrical-services-selangor-the-complete-safety-pricing-guide-2026-edition/","SEO and H1","SAFE_DIFFERENCE / SAFE_DIFFERENCE","WordPress blue/orange typography and shared chrome restored; semantic section order and long-form content restored; useful links, tables, FAQs, cards, imagery and CTA roles restored where safe","Unsupported claims, counters, testimonials, warranties, ratings and exact prices excluded; Elementor/plugin/ecommerce/comment/newsletter markup excluded; Visible content restored without source-page CSS/code debris; Accessibility-valid single primary H1 retained where WordPress repeats H1 in footer CTA","MATCH / MATCH","No blocker beyond documented intentional safe differences"
"/house-renovation-in-kuala-lumpur-the-ultimate-planning-cost-guide-2026/","Content and section depth","1987 chars / 3887px","WordPress blue/orange typography and shared chrome restored; semantic section order and long-form content restored; useful links, tables, FAQs, cards, imagery and CTA roles restored where safe","Unsupported claims, counters, testimonials, warranties, ratings and exact prices excluded; Elementor/plugin/ecommerce/comment/newsletter markup excluded; Visible content restored without source-page CSS/code debris; Accessibility-valid single primary H1 retained where WordPress repeats H1 in footer CTA","10764 chars / 12423px","No blocker beyond documented intentional safe differences"
"/house-renovation-in-kuala-lumpur-the-ultimate-planning-cost-guide-2026/","Heading structure","10 headings","WordPress blue/orange typography and shared chrome restored; semantic section order and long-form content restored; useful links, tables, FAQs, cards, imagery and CTA roles restored where safe","Unsupported claims, counters, testimonials, warranties, ratings and exact prices excluded; Elementor/plugin/ecommerce/comment/newsletter markup excluded; Visible content restored without source-page CSS/code debris; Accessibility-valid single primary H1 retained where WordPress repeats H1 in footer CTA","44 headings","No blocker beyond documented intentional safe differences"
"/house-renovation-in-kuala-lumpur-the-ultimate-planning-cost-guide-2026/","Desktop layout","DIFFERENT","WordPress blue/orange typography and shared chrome restored; semantic section order and long-form content restored; useful links, tables, FAQs, cards, imagery and CTA roles restored where safe","Unsupported claims, counters, testimonials, warranties, ratings and exact prices excluded; Elementor/plugin/ecommerce/comment/newsletter markup excluded; Visible content restored without source-page CSS/code debris; Accessibility-valid single primary H1 retained where WordPress repeats H1 in footer CTA","CLOSE","No blocker beyond documented intentional safe differences"
"/house-renovation-in-kuala-lumpur-the-ultimate-planning-cost-guide-2026/","SEO and H1","SAFE_DIFFERENCE / SAFE_DIFFERENCE","WordPress blue/orange typography and shared chrome restored; semantic section order and long-form content restored; useful links, tables, FAQs, cards, imagery and CTA roles restored where safe","Unsupported claims, counters, testimonials, warranties, ratings and exact prices excluded; Elementor/plugin/ecommerce/comment/newsletter markup excluded; Visible content restored without source-page CSS/code debris; Accessibility-valid single primary H1 retained where WordPress repeats H1 in footer CTA","MATCH / MATCH","No blocker beyond documented intentional safe differences"
"/house-renovation-in-selangor-the-ultimate-2026-guide-to-extending-your-home/","Content and section depth","2255 chars / 4157px","WordPress blue/orange typography and shared chrome restored; semantic section order and long-form content restored; useful links, tables, FAQs, cards, imagery and CTA roles restored where safe","Unsupported claims, counters, testimonials, warranties, ratings and exact prices excluded; Elementor/plugin/ecommerce/comment/newsletter markup excluded; Visible content restored without source-page CSS/code debris; Accessibility-valid single primary H1 retained where WordPress repeats H1 in footer CTA","3924 chars / 5849px","No blocker beyond documented intentional safe differences"
"/house-renovation-in-selangor-the-ultimate-2026-guide-to-extending-your-home/","Heading structure","11 headings","WordPress blue/orange typography and shared chrome restored; semantic section order and long-form content restored; useful links, tables, FAQs, cards, imagery and CTA roles restored where safe","Unsupported claims, counters, testimonials, warranties, ratings and exact prices excluded; Elementor/plugin/ecommerce/comment/newsletter markup excluded; Visible content restored without source-page CSS/code debris; Accessibility-valid single primary H1 retained where WordPress repeats H1 in footer CTA","19 headings","No blocker beyond documented intentional safe differences"
"/house-renovation-in-selangor-the-ultimate-2026-guide-to-extending-your-home/","Desktop layout","CLOSE","WordPress blue/orange typography and shared chrome restored; semantic section order and long-form content restored; useful links, tables, FAQs, cards, imagery and CTA roles restored where safe","Unsupported claims, counters, testimonials, warranties, ratings and exact prices excluded; Elementor/plugin/ecommerce/comment/newsletter markup excluded; Visible content restored without source-page CSS/code debris; Accessibility-valid single primary H1 retained where WordPress repeats H1 in footer CTA","CLOSE","No blocker beyond documented intentional safe differences"
"/house-renovation-in-selangor-the-ultimate-2026-guide-to-extending-your-home/","SEO and H1","SAFE_DIFFERENCE / SAFE_DIFFERENCE","WordPress blue/orange typography and shared chrome restored; semantic section order and long-form content restored; useful links, tables, FAQs, cards, imagery and CTA roles restored where safe","Unsupported claims, counters, testimonials, warranties, ratings and exact prices excluded; Elementor/plugin/ecommerce/comment/newsletter markup excluded; Visible content restored without source-page CSS/code debris; Accessibility-valid single primary H1 retained where WordPress repeats H1 in footer CTA","MATCH / MATCH","No blocker beyond documented intentional safe differences"
"/office-renovation-in-kuala-lumpur-the-2026-corporate-guide-to-productivity/","Content and section depth","1803 chars / 3766px","WordPress blue/orange typography and shared chrome restored; semantic section order and long-form content restored; useful links, tables, FAQs, cards, imagery and CTA roles restored where safe","Unsupported claims, counters, testimonials, warranties, ratings and exact prices excluded; Elementor/plugin/ecommerce/comment/newsletter markup excluded; Visible content restored without source-page CSS/code debris; Accessibility-valid single primary H1 retained where WordPress repeats H1 in footer CTA","3554 chars / 5592px","No blocker beyond documented intentional safe differences"
"/office-renovation-in-kuala-lumpur-the-2026-corporate-guide-to-productivity/","Heading structure","10 headings","WordPress blue/orange typography and shared chrome restored; semantic section order and long-form content restored; useful links, tables, FAQs, cards, imagery and CTA roles restored where safe","Unsupported claims, counters, testimonials, warranties, ratings and exact prices excluded; Elementor/plugin/ecommerce/comment/newsletter markup excluded; Visible content restored without source-page CSS/code debris; Accessibility-valid single primary H1 retained where WordPress repeats H1 in footer CTA","15 headings","No blocker beyond documented intentional safe differences"
"/office-renovation-in-kuala-lumpur-the-2026-corporate-guide-to-productivity/","Desktop layout","CLOSE","WordPress blue/orange typography and shared chrome restored; semantic section order and long-form content restored; useful links, tables, FAQs, cards, imagery and CTA roles restored where safe","Unsupported claims, counters, testimonials, warranties, ratings and exact prices excluded; Elementor/plugin/ecommerce/comment/newsletter markup excluded; Visible content restored without source-page CSS/code debris; Accessibility-valid single primary H1 retained where WordPress repeats H1 in footer CTA","CLOSE","No blocker beyond documented intentional safe differences"
"/office-renovation-in-kuala-lumpur-the-2026-corporate-guide-to-productivity/","SEO and H1","SAFE_DIFFERENCE / SAFE_DIFFERENCE","WordPress blue/orange typography and shared chrome restored; semantic section order and long-form content restored; useful links, tables, FAQs, cards, imagery and CTA roles restored where safe","Unsupported claims, counters, testimonials, warranties, ratings and exact prices excluded; Elementor/plugin/ecommerce/comment/newsletter markup excluded; Visible content restored without source-page CSS/code debris; Accessibility-valid single primary H1 retained where WordPress repeats H1 in footer CTA","MATCH / MATCH","No blocker beyond documented intentional safe differences"
"/pakej-deep-cleaning-rumah-kl-termasuk-pre-hari-raya/","Content and section depth","1895 chars / 3710px","WordPress blue/orange typography and shared chrome restored; semantic section order and long-form content restored; useful links, tables, FAQs, cards, imagery and CTA roles restored where safe","Unsupported claims, counters, testimonials, warranties, ratings and exact prices excluded; Elementor/plugin/ecommerce/comment/newsletter markup excluded; Visible content restored without source-page CSS/code debris; Accessibility-valid single primary H1 retained where WordPress repeats H1 in footer CTA","5850 chars / 8228px","No blocker beyond documented intentional safe differences"
"/pakej-deep-cleaning-rumah-kl-termasuk-pre-hari-raya/","Heading structure","10 headings","WordPress blue/orange typography and shared chrome restored; semantic section order and long-form content restored; useful links, tables, FAQs, cards, imagery and CTA roles restored where safe","Unsupported claims, counters, testimonials, warranties, ratings and exact prices excluded; Elementor/plugin/ecommerce/comment/newsletter markup excluded; Visible content restored without source-page CSS/code debris; Accessibility-valid single primary H1 retained where WordPress repeats H1 in footer CTA","27 headings","No blocker beyond documented intentional safe differences"
"/pakej-deep-cleaning-rumah-kl-termasuk-pre-hari-raya/","Desktop layout","DIFFERENT","WordPress blue/orange typography and shared chrome restored; semantic section order and long-form content restored; useful links, tables, FAQs, cards, imagery and CTA roles restored where safe","Unsupported claims, counters, testimonials, warranties, ratings and exact prices excluded; Elementor/plugin/ecommerce/comment/newsletter markup excluded; Visible content restored without source-page CSS/code debris; Accessibility-valid single primary H1 retained where WordPress repeats H1 in footer CTA","CLOSE","No blocker beyond documented intentional safe differences"
"/pakej-deep-cleaning-rumah-kl-termasuk-pre-hari-raya/","SEO and H1","SAFE_DIFFERENCE / SAFE_DIFFERENCE","WordPress blue/orange typography and shared chrome restored; semantic section order and long-form content restored; useful links, tables, FAQs, cards, imagery and CTA roles restored where safe","Unsupported claims, counters, testimonials, warranties, ratings and exact prices excluded; Elementor/plugin/ecommerce/comment/newsletter markup excluded; Visible content restored without source-page CSS/code debris; Accessibility-valid single primary H1 retained where WordPress repeats H1 in footer CTA","MATCH / MATCH","No blocker beyond documented intentional safe differences"
"/pu-injection-waterproofing-kl-how-to-fix-wall-cracks-permanently/","Content and section depth","1854 chars / 3802px","WordPress blue/orange typography and shared chrome restored; semantic section order and long-form content restored; useful links, tables, FAQs, cards, imagery and CTA roles restored where safe","Unsupported claims, counters, testimonials, warranties, ratings and exact prices excluded; Elementor/plugin/ecommerce/comment/newsletter markup excluded; Visible content restored without source-page CSS/code debris; Accessibility-valid single primary H1 retained where WordPress repeats H1 in footer CTA","3900 chars / 4792px","No blocker beyond documented intentional safe differences"
"/pu-injection-waterproofing-kl-how-to-fix-wall-cracks-permanently/","Heading structure","10 headings","WordPress blue/orange typography and shared chrome restored; semantic section order and long-form content restored; useful links, tables, FAQs, cards, imagery and CTA roles restored where safe","Unsupported claims, counters, testimonials, warranties, ratings and exact prices excluded; Elementor/plugin/ecommerce/comment/newsletter markup excluded; Visible content restored without source-page CSS/code debris; Accessibility-valid single primary H1 retained where WordPress repeats H1 in footer CTA","11 headings","No blocker beyond documented intentional safe differences"
"/pu-injection-waterproofing-kl-how-to-fix-wall-cracks-permanently/","Desktop layout","CLOSE","WordPress blue/orange typography and shared chrome restored; semantic section order and long-form content restored; useful links, tables, FAQs, cards, imagery and CTA roles restored where safe","Unsupported claims, counters, testimonials, warranties, ratings and exact prices excluded; Elementor/plugin/ecommerce/comment/newsletter markup excluded; Visible content restored without source-page CSS/code debris; Accessibility-valid single primary H1 retained where WordPress repeats H1 in footer CTA","CLOSE","No blocker beyond documented intentional safe differences"
"/pu-injection-waterproofing-kl-how-to-fix-wall-cracks-permanently/","SEO and H1","SAFE_DIFFERENCE / SAFE_DIFFERENCE","WordPress blue/orange typography and shared chrome restored; semantic section order and long-form content restored; useful links, tables, FAQs, cards, imagery and CTA roles restored where safe","Unsupported claims, counters, testimonials, warranties, ratings and exact prices excluded; Elementor/plugin/ecommerce/comment/newsletter markup excluded; Visible content restored without source-page CSS/code debris; Accessibility-valid single primary H1 retained where WordPress repeats H1 in footer CTA","MATCH / MATCH","No blocker beyond documented intentional safe differences"
"/servis-aircond-murah-kl-the-ultimate-2026-guide-to-a-colder-home/","Content and section depth","1982 chars / 3839px","WordPress blue/orange typography and shared chrome restored; semantic section order and long-form content restored; useful links, tables, FAQs, cards, imagery and CTA roles restored where safe","Unsupported claims, counters, testimonials, warranties, ratings and exact prices excluded; Elementor/plugin/ecommerce/comment/newsletter markup excluded; Newer approved owner media replaces older neutral WordPress imagery; Visible content restored without source-page CSS/code debris; Accessibility-valid single primary H1 retained where WordPress repeats H1 in footer CTA","4158 chars / 5550px","No blocker beyond documented intentional safe differences"
"/servis-aircond-murah-kl-the-ultimate-2026-guide-to-a-colder-home/","Heading structure","10 headings","WordPress blue/orange typography and shared chrome restored; semantic section order and long-form content restored; useful links, tables, FAQs, cards, imagery and CTA roles restored where safe","Unsupported claims, counters, testimonials, warranties, ratings and exact prices excluded; Elementor/plugin/ecommerce/comment/newsletter markup excluded; Newer approved owner media replaces older neutral WordPress imagery; Visible content restored without source-page CSS/code debris; Accessibility-valid single primary H1 retained where WordPress repeats H1 in footer CTA","15 headings","No blocker beyond documented intentional safe differences"
"/servis-aircond-murah-kl-the-ultimate-2026-guide-to-a-colder-home/","Desktop layout","CLOSE","WordPress blue/orange typography and shared chrome restored; semantic section order and long-form content restored; useful links, tables, FAQs, cards, imagery and CTA roles restored where safe","Unsupported claims, counters, testimonials, warranties, ratings and exact prices excluded; Elementor/plugin/ecommerce/comment/newsletter markup excluded; Newer approved owner media replaces older neutral WordPress imagery; Visible content restored without source-page CSS/code debris; Accessibility-valid single primary H1 retained where WordPress repeats H1 in footer CTA","CLOSE","No blocker beyond documented intentional safe differences"
"/servis-aircond-murah-kl-the-ultimate-2026-guide-to-a-colder-home/","SEO and H1","SAFE_DIFFERENCE / SAFE_DIFFERENCE","WordPress blue/orange typography and shared chrome restored; semantic section order and long-form content restored; useful links, tables, FAQs, cards, imagery and CTA roles restored where safe","Unsupported claims, counters, testimonials, warranties, ratings and exact prices excluded; Elementor/plugin/ecommerce/comment/newsletter markup excluded; Newer approved owner media replaces older neutral WordPress imagery; Visible content restored without source-page CSS/code debris; Accessibility-valid single primary H1 retained where WordPress repeats H1 in footer CTA","MATCH / MATCH","No blocker beyond documented intentional safe differences"
"/servis-cuci-rumah-kl-the-ultimate-2026-guide-to-a-spotless-home/","Content and section depth","1800 chars / 3745px","WordPress blue/orange typography and shared chrome restored; semantic section order and long-form content restored; useful links, tables, FAQs, cards, imagery and CTA roles restored where safe","Unsupported claims, counters, testimonials, warranties, ratings and exact prices excluded; Elementor/plugin/ecommerce/comment/newsletter markup excluded; Visible content restored without source-page CSS/code debris; Accessibility-valid single primary H1 retained where WordPress repeats H1 in footer CTA","4286 chars / 5641px","No blocker beyond documented intentional safe differences"
"/servis-cuci-rumah-kl-the-ultimate-2026-guide-to-a-spotless-home/","Heading structure","10 headings","WordPress blue/orange typography and shared chrome restored; semantic section order and long-form content restored; useful links, tables, FAQs, cards, imagery and CTA roles restored where safe","Unsupported claims, counters, testimonials, warranties, ratings and exact prices excluded; Elementor/plugin/ecommerce/comment/newsletter markup excluded; Visible content restored without source-page CSS/code debris; Accessibility-valid single primary H1 retained where WordPress repeats H1 in footer CTA","16 headings","No blocker beyond documented intentional safe differences"
"/servis-cuci-rumah-kl-the-ultimate-2026-guide-to-a-spotless-home/","Desktop layout","CLOSE","WordPress blue/orange typography and shared chrome restored; semantic section order and long-form content restored; useful links, tables, FAQs, cards, imagery and CTA roles restored where safe","Unsupported claims, counters, testimonials, warranties, ratings and exact prices excluded; Elementor/plugin/ecommerce/comment/newsletter markup excluded; Visible content restored without source-page CSS/code debris; Accessibility-valid single primary H1 retained where WordPress repeats H1 in footer CTA","CLOSE","No blocker beyond documented intentional safe differences"
"/servis-cuci-rumah-kl-the-ultimate-2026-guide-to-a-spotless-home/","SEO and H1","SAFE_DIFFERENCE / SAFE_DIFFERENCE","WordPress blue/orange typography and shared chrome restored; semantic section order and long-form content restored; useful links, tables, FAQs, cards, imagery and CTA roles restored where safe","Unsupported claims, counters, testimonials, warranties, ratings and exact prices excluded; Elementor/plugin/ecommerce/comment/newsletter markup excluded; Visible content restored without source-page CSS/code debris; Accessibility-valid single primary H1 retained where WordPress repeats H1 in footer CTA","MATCH / MATCH","No blocker beyond documented intentional safe differences"
"/servis-cuci-rumah-kl/","Content and section depth","2553 chars / 5072px","WordPress blue/orange typography and shared chrome restored; semantic section order and long-form content restored; useful links, tables, FAQs, cards, imagery and CTA roles restored where safe","Unsupported claims, counters, testimonials, warranties, ratings and exact prices excluded; Elementor/plugin/ecommerce/comment/newsletter markup excluded; Visible content restored without source-page CSS/code debris; Accessibility-valid single primary H1 retained where WordPress repeats H1 in footer CTA","3459 chars / 6526px","No blocker beyond documented intentional safe differences"
"/servis-cuci-rumah-kl/","Heading structure","20 headings","WordPress blue/orange typography and shared chrome restored; semantic section order and long-form content restored; useful links, tables, FAQs, cards, imagery and CTA roles restored where safe","Unsupported claims, counters, testimonials, warranties, ratings and exact prices excluded; Elementor/plugin/ecommerce/comment/newsletter markup excluded; Visible content restored without source-page CSS/code debris; Accessibility-valid single primary H1 retained where WordPress repeats H1 in footer CTA","19 headings","No blocker beyond documented intentional safe differences"
"/servis-cuci-rumah-kl/","Desktop layout","CLOSE","WordPress blue/orange typography and shared chrome restored; semantic section order and long-form content restored; useful links, tables, FAQs, cards, imagery and CTA roles restored where safe","Unsupported claims, counters, testimonials, warranties, ratings and exact prices excluded; Elementor/plugin/ecommerce/comment/newsletter markup excluded; Visible content restored without source-page CSS/code debris; Accessibility-valid single primary H1 retained where WordPress repeats H1 in footer CTA","CLOSE","No blocker beyond documented intentional safe differences"
"/servis-cuci-rumah-kl/","SEO and H1","MATCH / MATCH","WordPress blue/orange typography and shared chrome restored; semantic section order and long-form content restored; useful links, tables, FAQs, cards, imagery and CTA roles restored where safe","Unsupported claims, counters, testimonials, warranties, ratings and exact prices excluded; Elementor/plugin/ecommerce/comment/newsletter markup excluded; Visible content restored without source-page CSS/code debris; Accessibility-valid single primary H1 retained where WordPress repeats H1 in footer CTA","MATCH / MATCH","No blocker beyond documented intentional safe differences"
"/thank-you/","Content and section depth","370 chars / 1288px","WordPress blue/orange typography and shared chrome restored; semantic section order and long-form content restored; useful links, tables, FAQs, cards, imagery and CTA roles restored where safe","Unsupported claims, counters, testimonials, warranties, ratings and exact prices excluded; Elementor/plugin/ecommerce/comment/newsletter markup excluded; Accessibility-valid single primary H1 retained where WordPress repeats H1 in footer CTA","370 chars / 1246px","No blocker beyond documented intentional safe differences"
"/thank-you/","Heading structure","4 headings","WordPress blue/orange typography and shared chrome restored; semantic section order and long-form content restored; useful links, tables, FAQs, cards, imagery and CTA roles restored where safe","Unsupported claims, counters, testimonials, warranties, ratings and exact prices excluded; Elementor/plugin/ecommerce/comment/newsletter markup excluded; Accessibility-valid single primary H1 retained where WordPress repeats H1 in footer CTA","4 headings","No blocker beyond documented intentional safe differences"
"/thank-you/","Desktop layout","CLOSE","WordPress blue/orange typography and shared chrome restored; semantic section order and long-form content restored; useful links, tables, FAQs, cards, imagery and CTA roles restored where safe","Unsupported claims, counters, testimonials, warranties, ratings and exact prices excluded; Elementor/plugin/ecommerce/comment/newsletter markup excluded; Accessibility-valid single primary H1 retained where WordPress repeats H1 in footer CTA","CLOSE","No blocker beyond documented intentional safe differences"
"/thank-you/","SEO and H1","MATCH / MATCH","WordPress blue/orange typography and shared chrome restored; semantic section order and long-form content restored; useful links, tables, FAQs, cards, imagery and CTA roles restored where safe","Unsupported claims, counters, testimonials, warranties, ratings and exact prices excluded; Elementor/plugin/ecommerce/comment/newsletter markup excluded; Accessibility-valid single primary H1 retained where WordPress repeats H1 in footer CTA","MATCH / MATCH","No blocker beyond documented intentional safe differences"
"/category/commercial/","Content and section depth","1276 chars / 2728px","WordPress blue/orange typography and shared chrome restored; semantic section order and long-form content restored; useful links, tables, FAQs, cards, imagery and CTA roles restored where safe","Unsupported claims, counters, testimonials, warranties, ratings and exact prices excluded; Elementor/plugin/ecommerce/comment/newsletter markup excluded; Taxonomy kept noindex, follow and outside sitemap; Accessibility-valid single primary H1 retained where WordPress repeats H1 in footer CTA","1258 chars / 2523px","No blocker beyond documented intentional safe differences"
"/category/commercial/","Heading structure","9 headings","WordPress blue/orange typography and shared chrome restored; semantic section order and long-form content restored; useful links, tables, FAQs, cards, imagery and CTA roles restored where safe","Unsupported claims, counters, testimonials, warranties, ratings and exact prices excluded; Elementor/plugin/ecommerce/comment/newsletter markup excluded; Taxonomy kept noindex, follow and outside sitemap; Accessibility-valid single primary H1 retained where WordPress repeats H1 in footer CTA","9 headings","No blocker beyond documented intentional safe differences"
"/category/commercial/","Desktop layout","CLOSE","WordPress blue/orange typography and shared chrome restored; semantic section order and long-form content restored; useful links, tables, FAQs, cards, imagery and CTA roles restored where safe","Unsupported claims, counters, testimonials, warranties, ratings and exact prices excluded; Elementor/plugin/ecommerce/comment/newsletter markup excluded; Taxonomy kept noindex, follow and outside sitemap; Accessibility-valid single primary H1 retained where WordPress repeats H1 in footer CTA","CLOSE","No blocker beyond documented intentional safe differences"
"/category/commercial/","SEO and H1","SAFE_DIFFERENCE / SAFE_DIFFERENCE","WordPress blue/orange typography and shared chrome restored; semantic section order and long-form content restored; useful links, tables, FAQs, cards, imagery and CTA roles restored where safe","Unsupported claims, counters, testimonials, warranties, ratings and exact prices excluded; Elementor/plugin/ecommerce/comment/newsletter markup excluded; Taxonomy kept noindex, follow and outside sitemap; Accessibility-valid single primary H1 retained where WordPress repeats H1 in footer CTA","MATCH / MATCH","No blocker beyond documented intentional safe differences"
"/category/hvac-guides/","Content and section depth","1274 chars / 2696px","WordPress blue/orange typography and shared chrome restored; semantic section order and long-form content restored; useful links, tables, FAQs, cards, imagery and CTA roles restored where safe","Unsupported claims, counters, testimonials, warranties, ratings and exact prices excluded; Elementor/plugin/ecommerce/comment/newsletter markup excluded; Taxonomy kept noindex, follow and outside sitemap; Accessibility-valid single primary H1 retained where WordPress repeats H1 in footer CTA","1242 chars / 2469px","No blocker beyond documented intentional safe differences"
"/category/hvac-guides/","Heading structure","9 headings","WordPress blue/orange typography and shared chrome restored; semantic section order and long-form content restored; useful links, tables, FAQs, cards, imagery and CTA roles restored where safe","Unsupported claims, counters, testimonials, warranties, ratings and exact prices excluded; Elementor/plugin/ecommerce/comment/newsletter markup excluded; Taxonomy kept noindex, follow and outside sitemap; Accessibility-valid single primary H1 retained where WordPress repeats H1 in footer CTA","9 headings","No blocker beyond documented intentional safe differences"
"/category/hvac-guides/","Desktop layout","CLOSE","WordPress blue/orange typography and shared chrome restored; semantic section order and long-form content restored; useful links, tables, FAQs, cards, imagery and CTA roles restored where safe","Unsupported claims, counters, testimonials, warranties, ratings and exact prices excluded; Elementor/plugin/ecommerce/comment/newsletter markup excluded; Taxonomy kept noindex, follow and outside sitemap; Accessibility-valid single primary H1 retained where WordPress repeats H1 in footer CTA","CLOSE","No blocker beyond documented intentional safe differences"
"/category/hvac-guides/","SEO and H1","SAFE_DIFFERENCE / SAFE_DIFFERENCE","WordPress blue/orange typography and shared chrome restored; semantic section order and long-form content restored; useful links, tables, FAQs, cards, imagery and CTA roles restored where safe","Unsupported claims, counters, testimonials, warranties, ratings and exact prices excluded; Elementor/plugin/ecommerce/comment/newsletter markup excluded; Taxonomy kept noindex, follow and outside sitemap; Accessibility-valid single primary H1 retained where WordPress repeats H1 in footer CTA","MATCH / MATCH","No blocker beyond documented intentional safe differences"
"/category/maintenance/","Content and section depth","1753 chars / 3354px","WordPress blue/orange typography and shared chrome restored; semantic section order and long-form content restored; useful links, tables, FAQs, cards, imagery and CTA roles restored where safe","Unsupported claims, counters, testimonials, warranties, ratings and exact prices excluded; Elementor/plugin/ecommerce/comment/newsletter markup excluded; Taxonomy kept noindex, follow and outside sitemap; Accessibility-valid single primary H1 retained where WordPress repeats H1 in footer CTA","1737 chars / 3091px","No blocker beyond documented intentional safe differences"
"/category/maintenance/","Heading structure","11 headings","WordPress blue/orange typography and shared chrome restored; semantic section order and long-form content restored; useful links, tables, FAQs, cards, imagery and CTA roles restored where safe","Unsupported claims, counters, testimonials, warranties, ratings and exact prices excluded; Elementor/plugin/ecommerce/comment/newsletter markup excluded; Taxonomy kept noindex, follow and outside sitemap; Accessibility-valid single primary H1 retained where WordPress repeats H1 in footer CTA","11 headings","No blocker beyond documented intentional safe differences"
"/category/maintenance/","Desktop layout","CLOSE","WordPress blue/orange typography and shared chrome restored; semantic section order and long-form content restored; useful links, tables, FAQs, cards, imagery and CTA roles restored where safe","Unsupported claims, counters, testimonials, warranties, ratings and exact prices excluded; Elementor/plugin/ecommerce/comment/newsletter markup excluded; Taxonomy kept noindex, follow and outside sitemap; Accessibility-valid single primary H1 retained where WordPress repeats H1 in footer CTA","CLOSE","No blocker beyond documented intentional safe differences"
"/category/maintenance/","SEO and H1","SAFE_DIFFERENCE / SAFE_DIFFERENCE","WordPress blue/orange typography and shared chrome restored; semantic section order and long-form content restored; useful links, tables, FAQs, cards, imagery and CTA roles restored where safe","Unsupported claims, counters, testimonials, warranties, ratings and exact prices excluded; Elementor/plugin/ecommerce/comment/newsletter markup excluded; Taxonomy kept noindex, follow and outside sitemap; Accessibility-valid single primary H1 retained where WordPress repeats H1 in footer CTA","MATCH / MATCH","No blocker beyond documented intentional safe differences"
"/category/renovation/","Content and section depth","1299 chars / 2694px","WordPress blue/orange typography and shared chrome restored; semantic section order and long-form content restored; useful links, tables, FAQs, cards, imagery and CTA roles restored where safe","Unsupported claims, counters, testimonials, warranties, ratings and exact prices excluded; Elementor/plugin/ecommerce/comment/newsletter markup excluded; Taxonomy kept noindex, follow and outside sitemap; Accessibility-valid single primary H1 retained where WordPress repeats H1 in footer CTA","1283 chars / 2519px","No blocker beyond documented intentional safe differences"
"/category/renovation/","Heading structure","9 headings","WordPress blue/orange typography and shared chrome restored; semantic section order and long-form content restored; useful links, tables, FAQs, cards, imagery and CTA roles restored where safe","Unsupported claims, counters, testimonials, warranties, ratings and exact prices excluded; Elementor/plugin/ecommerce/comment/newsletter markup excluded; Taxonomy kept noindex, follow and outside sitemap; Accessibility-valid single primary H1 retained where WordPress repeats H1 in footer CTA","9 headings","No blocker beyond documented intentional safe differences"
"/category/renovation/","Desktop layout","CLOSE","WordPress blue/orange typography and shared chrome restored; semantic section order and long-form content restored; useful links, tables, FAQs, cards, imagery and CTA roles restored where safe","Unsupported claims, counters, testimonials, warranties, ratings and exact prices excluded; Elementor/plugin/ecommerce/comment/newsletter markup excluded; Taxonomy kept noindex, follow and outside sitemap; Accessibility-valid single primary H1 retained where WordPress repeats H1 in footer CTA","CLOSE","No blocker beyond documented intentional safe differences"
"/category/renovation/","SEO and H1","SAFE_DIFFERENCE / SAFE_DIFFERENCE","WordPress blue/orange typography and shared chrome restored; semantic section order and long-form content restored; useful links, tables, FAQs, cards, imagery and CTA roles restored where safe","Unsupported claims, counters, testimonials, warranties, ratings and exact prices excluded; Elementor/plugin/ecommerce/comment/newsletter markup excluded; Taxonomy kept noindex, follow and outside sitemap; Accessibility-valid single primary H1 retained where WordPress repeats H1 in footer CTA","MATCH / MATCH","No blocker beyond documented intentional safe differences"
"/category/servis-pembersihan/","Content and section depth","1043 chars / 2755px","WordPress blue/orange typography and shared chrome restored; semantic section order and long-form content restored; useful links, tables, FAQs, cards, imagery and CTA roles restored where safe","Unsupported claims, counters, testimonials, warranties, ratings and exact prices excluded; Elementor/plugin/ecommerce/comment/newsletter markup excluded; Taxonomy kept noindex, follow and outside sitemap; Accessibility-valid single primary H1 retained where WordPress repeats H1 in footer CTA","1029 chars / 2551px","No blocker beyond documented intentional safe differences"
"/category/servis-pembersihan/","Heading structure","8 headings","WordPress blue/orange typography and shared chrome restored; semantic section order and long-form content restored; useful links, tables, FAQs, cards, imagery and CTA roles restored where safe","Unsupported claims, counters, testimonials, warranties, ratings and exact prices excluded; Elementor/plugin/ecommerce/comment/newsletter markup excluded; Taxonomy kept noindex, follow and outside sitemap; Accessibility-valid single primary H1 retained where WordPress repeats H1 in footer CTA","8 headings","No blocker beyond documented intentional safe differences"
"/category/servis-pembersihan/","Desktop layout","CLOSE","WordPress blue/orange typography and shared chrome restored; semantic section order and long-form content restored; useful links, tables, FAQs, cards, imagery and CTA roles restored where safe","Unsupported claims, counters, testimonials, warranties, ratings and exact prices excluded; Elementor/plugin/ecommerce/comment/newsletter markup excluded; Taxonomy kept noindex, follow and outside sitemap; Accessibility-valid single primary H1 retained where WordPress repeats H1 in footer CTA","CLOSE","No blocker beyond documented intentional safe differences"
"/category/servis-pembersihan/","SEO and H1","SAFE_DIFFERENCE / SAFE_DIFFERENCE","WordPress blue/orange typography and shared chrome restored; semantic section order and long-form content restored; useful links, tables, FAQs, cards, imagery and CTA roles restored where safe","Unsupported claims, counters, testimonials, warranties, ratings and exact prices excluded; Elementor/plugin/ecommerce/comment/newsletter markup excluded; Taxonomy kept noindex, follow and outside sitemap; Accessibility-valid single primary H1 retained where WordPress repeats H1 in footer CTA","MATCH / MATCH","No blocker beyond documented intentional safe differences"
"/category/technical-guides/","Content and section depth","1992 chars / 3268px","WordPress blue/orange typography and shared chrome restored; semantic section order and long-form content restored; useful links, tables, FAQs, cards, imagery and CTA roles restored where safe","Unsupported claims, counters, testimonials, warranties, ratings and exact prices excluded; Elementor/plugin/ecommerce/comment/newsletter markup excluded; Taxonomy kept noindex, follow and outside sitemap; Accessibility-valid single primary H1 retained where WordPress repeats H1 in footer CTA","1983 chars / 3063px","No blocker beyond documented intentional safe differences"
"/category/technical-guides/","Heading structure","12 headings","WordPress blue/orange typography and shared chrome restored; semantic section order and long-form content restored; useful links, tables, FAQs, cards, imagery and CTA roles restored where safe","Unsupported claims, counters, testimonials, warranties, ratings and exact prices excluded; Elementor/plugin/ecommerce/comment/newsletter markup excluded; Taxonomy kept noindex, follow and outside sitemap; Accessibility-valid single primary H1 retained where WordPress repeats H1 in footer CTA","12 headings","No blocker beyond documented intentional safe differences"
"/category/technical-guides/","Desktop layout","CLOSE","WordPress blue/orange typography and shared chrome restored; semantic section order and long-form content restored; useful links, tables, FAQs, cards, imagery and CTA roles restored where safe","Unsupported claims, counters, testimonials, warranties, ratings and exact prices excluded; Elementor/plugin/ecommerce/comment/newsletter markup excluded; Taxonomy kept noindex, follow and outside sitemap; Accessibility-valid single primary H1 retained where WordPress repeats H1 in footer CTA","CLOSE","No blocker beyond documented intentional safe differences"
"/category/technical-guides/","SEO and H1","SAFE_DIFFERENCE / SAFE_DIFFERENCE","WordPress blue/orange typography and shared chrome restored; semantic section order and long-form content restored; useful links, tables, FAQs, cards, imagery and CTA roles restored where safe","Unsupported claims, counters, testimonials, warranties, ratings and exact prices excluded; Elementor/plugin/ecommerce/comment/newsletter markup excluded; Taxonomy kept noindex, follow and outside sitemap; Accessibility-valid single primary H1 retained where WordPress repeats H1 in footer CTA","MATCH / MATCH","No blocker beyond documented intentional safe differences"
"/tag/interior-finishing/","Content and section depth","1009 chars / 2614px","WordPress blue/orange typography and shared chrome restored; semantic section order and long-form content restored; useful links, tables, FAQs, cards, imagery and CTA roles restored where safe","Unsupported claims, counters, testimonials, warranties, ratings and exact prices excluded; Elementor/plugin/ecommerce/comment/newsletter markup excluded; Taxonomy kept noindex, follow and outside sitemap; Accessibility-valid single primary H1 retained where WordPress repeats H1 in footer CTA","1002 chars / 2440px","No blocker beyond documented intentional safe differences"
"/tag/interior-finishing/","Heading structure","8 headings","WordPress blue/orange typography and shared chrome restored; semantic section order and long-form content restored; useful links, tables, FAQs, cards, imagery and CTA roles restored where safe","Unsupported claims, counters, testimonials, warranties, ratings and exact prices excluded; Elementor/plugin/ecommerce/comment/newsletter markup excluded; Taxonomy kept noindex, follow and outside sitemap; Accessibility-valid single primary H1 retained where WordPress repeats H1 in footer CTA","8 headings","No blocker beyond documented intentional safe differences"
"/tag/interior-finishing/","Desktop layout","CLOSE","WordPress blue/orange typography and shared chrome restored; semantic section order and long-form content restored; useful links, tables, FAQs, cards, imagery and CTA roles restored where safe","Unsupported claims, counters, testimonials, warranties, ratings and exact prices excluded; Elementor/plugin/ecommerce/comment/newsletter markup excluded; Taxonomy kept noindex, follow and outside sitemap; Accessibility-valid single primary H1 retained where WordPress repeats H1 in footer CTA","CLOSE","No blocker beyond documented intentional safe differences"
"/tag/interior-finishing/","SEO and H1","SAFE_DIFFERENCE / SAFE_DIFFERENCE","WordPress blue/orange typography and shared chrome restored; semantic section order and long-form content restored; useful links, tables, FAQs, cards, imagery and CTA roles restored where safe","Unsupported claims, counters, testimonials, warranties, ratings and exact prices excluded; Elementor/plugin/ecommerce/comment/newsletter markup excluded; Taxonomy kept noindex, follow and outside sitemap; Accessibility-valid single primary H1 retained where WordPress repeats H1 in footer CTA","MATCH / MATCH","No blocker beyond documented intentional safe differences"
"/tag/office-fit-out/","Content and section depth","997 chars / 2609px","WordPress blue/orange typography and shared chrome restored; semantic section order and long-form content restored; useful links, tables, FAQs, cards, imagery and CTA roles restored where safe","Unsupported claims, counters, testimonials, warranties, ratings and exact prices excluded; Elementor/plugin/ecommerce/comment/newsletter markup excluded; Taxonomy kept noindex, follow and outside sitemap; Accessibility-valid single primary H1 retained where WordPress repeats H1 in footer CTA","990 chars / 2469px","No blocker beyond documented intentional safe differences"
"/tag/office-fit-out/","Heading structure","8 headings","WordPress blue/orange typography and shared chrome restored; semantic section order and long-form content restored; useful links, tables, FAQs, cards, imagery and CTA roles restored where safe","Unsupported claims, counters, testimonials, warranties, ratings and exact prices excluded; Elementor/plugin/ecommerce/comment/newsletter markup excluded; Taxonomy kept noindex, follow and outside sitemap; Accessibility-valid single primary H1 retained where WordPress repeats H1 in footer CTA","8 headings","No blocker beyond documented intentional safe differences"
"/tag/office-fit-out/","Desktop layout","CLOSE","WordPress blue/orange typography and shared chrome restored; semantic section order and long-form content restored; useful links, tables, FAQs, cards, imagery and CTA roles restored where safe","Unsupported claims, counters, testimonials, warranties, ratings and exact prices excluded; Elementor/plugin/ecommerce/comment/newsletter markup excluded; Taxonomy kept noindex, follow and outside sitemap; Accessibility-valid single primary H1 retained where WordPress repeats H1 in footer CTA","CLOSE","No blocker beyond documented intentional safe differences"
"/tag/office-fit-out/","SEO and H1","SAFE_DIFFERENCE / SAFE_DIFFERENCE","WordPress blue/orange typography and shared chrome restored; semantic section order and long-form content restored; useful links, tables, FAQs, cards, imagery and CTA roles restored where safe","Unsupported claims, counters, testimonials, warranties, ratings and exact prices excluded; Elementor/plugin/ecommerce/comment/newsletter markup excluded; Taxonomy kept noindex, follow and outside sitemap; Accessibility-valid single primary H1 retained where WordPress repeats H1 in footer CTA","MATCH / MATCH","No blocker beyond documented intentional safe differences"
"/tag/waterproofing/","Content and section depth","1074 chars / 2780px","WordPress blue/orange typography and shared chrome restored; semantic section order and long-form content restored; useful links, tables, FAQs, cards, imagery and CTA roles restored where safe","Unsupported claims, counters, testimonials, warranties, ratings and exact prices excluded; Elementor/plugin/ecommerce/comment/newsletter markup excluded; Taxonomy kept noindex, follow and outside sitemap; Accessibility-valid single primary H1 retained where WordPress repeats H1 in footer CTA","1058 chars / 2573px","No blocker beyond documented intentional safe differences"
"/tag/waterproofing/","Heading structure","8 headings","WordPress blue/orange typography and shared chrome restored; semantic section order and long-form content restored; useful links, tables, FAQs, cards, imagery and CTA roles restored where safe","Unsupported claims, counters, testimonials, warranties, ratings and exact prices excluded; Elementor/plugin/ecommerce/comment/newsletter markup excluded; Taxonomy kept noindex, follow and outside sitemap; Accessibility-valid single primary H1 retained where WordPress repeats H1 in footer CTA","8 headings","No blocker beyond documented intentional safe differences"
"/tag/waterproofing/","Desktop layout","CLOSE","WordPress blue/orange typography and shared chrome restored; semantic section order and long-form content restored; useful links, tables, FAQs, cards, imagery and CTA roles restored where safe","Unsupported claims, counters, testimonials, warranties, ratings and exact prices excluded; Elementor/plugin/ecommerce/comment/newsletter markup excluded; Taxonomy kept noindex, follow and outside sitemap; Accessibility-valid single primary H1 retained where WordPress repeats H1 in footer CTA","CLOSE","No blocker beyond documented intentional safe differences"
"/tag/waterproofing/","SEO and H1","SAFE_DIFFERENCE / SAFE_DIFFERENCE","WordPress blue/orange typography and shared chrome restored; semantic section order and long-form content restored; useful links, tables, FAQs, cards, imagery and CTA roles restored where safe","Unsupported claims, counters, testimonials, warranties, ratings and exact prices excluded; Elementor/plugin/ecommerce/comment/newsletter markup excluded; Taxonomy kept noindex, follow and outside sitemap; Accessibility-valid single primary H1 retained where WordPress repeats H1 in footer CTA","MATCH / MATCH","No blocker beyond documented intentional safe differences"
